title,year,genre,weighted_average_vote,num_votes,title_type,tconst
The Golem,1914.0,Horror,6.7,1339,movie,tt0004026
The House Next Door,1914.0,Drama,3.0,18,movie,tt0004125
Samson,1914.0,Drama,6.3,32,movie,tt0004558
The Spy,1914.0,"Drama,War",7.7,16,movie,tt0004633
The Captive,1915.0,"Drama,Romance,War",6.5,196,movie,tt0005059
The Lamb,1915.0,"Adventure,Comedy,Western",5.5,67,movie,tt0005600
The Governor,1915.0,Drama,6.7,324,movie,tt0005809
Samson,1915.0,"Action,Crime,Drama",4.0,20,movie,tt0006002
Scandal,1915.0,Drama,5.9,46,movie,tt0006008
Black Friday,1916.0,"Drama,History",5.2,10,movie,tt0006433
The Blacklist,1916.0,Drama,7.1,29,movie,tt0006437
Friday the 13th,1916.0,Drama,5.7,61,movie,tt0006703
One Day,1916.0,"Adventure,Drama,Romance",6.2,19,movie,tt0007146
Powder,1916.0,"Drama,War",9.0,12,movie,tt0007205
Seventeen,1916.0,"Comedy,Drama",6.2,19,movie,tt0007326
She,1916.0,"Fantasy,Sci-Fi",3.2,19,movie,tt0007330
Sherlock Holmes,1916.0,"Crime,Mystery",6.2,544,movie,tt0007338
The Barrier,1917.0,Adventure,5.6,19,movie,tt0007684
House of Cards,1917.0,Drama,6.0,13,movie,tt0008123
Les Misérables,1917.0,Drama,6.7,37,movie,tt0008305
Patria,1917.0,"Action,Drama",6.0,39,movie,tt0008411
She,1917.0,"Drama,Fantasy,Sci-Fi",5.8,24,movie,tt0008565
Revenge,1918.0,"Drama,Western",7.9,32,movie,tt0009544
The Girl from Nowhere,1919.0,"Action,Adventure,Drama",5.5,23,movie,tt0010168
The Other,1919.0,Horror,5.7,11,movie,tt0010536
Paid in Full,1919.0,Drama,6.8,28,movie,tt0010548
The Doll,1919.0,"Comedy,Fantasy,Romance",7.4,2718,movie,tt0010600
Roped,1919.0,"Comedy,Western",3.6,53,movie,tt0010640
Sahara,1919.0,Adventure,5.3,17,movie,tt0010654
The Trap,1919.0,"Drama,Romance",4.8,15,movie,tt0010798
The Golem,1920.0,"Fantasy,Horror",7.2,9616,movie,tt0011237
Desire,1920.0,"Drama,Romance",7.0,84,movie,tt0011676
Yes or No,1920.0,"Drama,Romance",6.3,44,movie,tt0011890
Dangerous Lies,1921.0,Drama,7.2,43,movie,tt0012087
Innocent,1921.0,"Drama,Romance",7.0,22,movie,tt0012317
The Killer,1921.0,"Drama,Western",6.9,19,movie,tt0012350
Leap Year,1924.0,Comedy,6.0,383,movie,tt0012382
Destiny,1921.0,"Drama,Fantasy,Horror",7.6,7417,movie,tt0012494
The Oath,1921.0,Drama,3.8,13,movie,tt0012515
A Perfect Crime,1921.0,"Adventure,Comedy,Drama",6.6,53,movie,tt0012565
Playing with Fire,1921.0,,4.3,12,movie,tt0012720
Once Upon a Time,1922.0,"Drama,Family,Fantasy",6.3,576,movie,tt0013059
Forget Me Not,1922.0,Drama,4.8,15,movie,tt0013145
Phantom,1922.0,"Drama,Romance",6.7,2112,movie,tt0013496
Sherlock Holmes,1922.0,"Drama,Mystery",5.8,801,movie,tt0013597
The Trap,1922.0,Drama,6.1,270,movie,tt0013704
Hollywood,1923.0,"Comedy,Drama",6.6,98,movie,tt0014137
Good Luck,1923.0,Drama,6.8,42,movie,tt0014339
Black Lightning,1924.0,"Action,Adventure,Drama",5.6,36,movie,tt0014720
The Last Laugh,1924.0,Drama,8.0,16681,movie,tt0015064
Michael,1924.0,"Drama,Romance",7.1,2264,movie,tt0015136
The Circle,1925.0,"Comedy,Drama,Romance",6.4,758,movie,tt0015684
Les Misérables,1925.0,Drama,7.3,116,movie,tt0016112
The Monster,1925.0,"Comedy,Horror,Mystery",6.2,1566,movie,tt0016123
The Phantom of the Opera,1925.0,"Horror,Music",7.5,22443,movie,tt0016220
She,1925.0,"Adventure,Fantasy,Sci-Fi",5.5,188,movie,tt0016338
Thank You,1925.0,"Comedy,Drama,Romance",4.3,54,movie,tt0016417
White Fang,1925.0,"Adventure,Drama,Family",6.1,39,movie,tt0016524
The Barrier,1926.0,Adventure,6.9,24,movie,tt0016628
The Rainmaker,1926.0,Drama,6.1,18,movie,tt0017307
Blood Will Tell,1927.0,"Action,Adventure,Drama",5.9,20,movie,tt0017688
Love,1927.0,"Drama,Romance",6.8,1305,movie,tt0018107
The Ring,1927.0,"Drama,Romance,Sport",6.1,4389,movie,tt0018328
The Show,1927.0,"Crime,Drama",6.9,790,movie,tt0018397
Sunrise,1927.0,"Drama,Romance",8.1,57029,movie,tt0018455
The Warning,1927.0,"Action,Adventure,Crime",4.6,22,movie,tt0018549
White Gold,1927.0,"Drama,Western",6.7,118,movie,tt0018571
The Desert Bride,1928.0,"Action,Drama,Romance",5.1,68,movie,tt0018822
Aftermath,1927.0,,5.6,10,movie,tt0019019
The Physician,1928.0,Drama,6.9,14,movie,tt0019273
Big Time,1929.0,Drama,6.7,74,movie,tt0019693
Brothers,1929.0,Drama,6.0,26,movie,tt0019732
Brothers,1929.0,Drama,6.7,100,movie,tt0019734
A Dangerous Woman,1929.0,"Drama,Romance",5.0,69,movie,tt0019801
Eternal Love,1929.0,"Drama,Romance",6.7,635,movie,tt0019852
Frozen River,1929.0,"Action,Adventure,Drama",6.6,22,movie,tt0019908
High Seas,1929.0,"Adventure,Drama",5.0,16,movie,tt0019982
Marianne,1929.0,"Drama,Musical,Romance",6.1,1313,movie,tt0020143
Marianne,1929.0,Drama,5.9,414,movie,tt0020144
Anesthesia,1929.0,Drama,5.3,23,movie,tt0020206
Painted Faces,1929.0,"Crime,Mystery,Romance",6.1,101,movie,tt0020255
A Single Man,1929.0,Comedy,7.2,39,movie,tt0020409
Thunderbolt,1929.0,"Crime,Drama,Film-Noir",6.4,1090,movie,tt0020499
Animal Crackers,1930.0,"Comedy,Family,Musical",7.4,16295,movie,tt0020640
Borderline,1930.0,Drama,6.1,639,movie,tt0020701
Brothers,1930.0,"Crime,Drama,Romance",4.8,16,movie,tt0020716
Conspiracy,1930.0,"Comedy,Crime,Mystery",5.1,226,movie,tt0020785
Man to Man,1930.0,"Crime,Drama,Romance",6.1,242,movie,tt0021118
Redemption,1930.0,Drama,5.6,575,movie,tt0021292
Daybreak,1931.0,Drama,6.1,220,movie,tt0021786
Dracula,1931.0,"Drama,Fantasy,Horror",7.3,65292,movie,tt0021814
Drácula,1931.0,"Drama,Fantasy,Horror",7.0,5664,movie,tt0021815
Goldie,1931.0,"Comedy,Romance",5.4,176,movie,tt0021920
Alone,1931.0,Drama,6.8,278,movie,tt0022215
Possessed,1931.0,"Drama,Romance",6.9,2622,movie,tt0022276
Private Lives,1931.0,"Comedy,Drama,Romance",6.7,1496,movie,tt0022279
Skyline,1931.0,Drama,6.6,53,movie,tt0022400
Alone,1931.0,Drama,4.7,21,movie,tt0022408
Baby,1932.0,"Comedy,Musical",6.8,41,movie,tt0022648
Freaks,1932.0,"Drama,Horror",7.8,55253,movie,tt0022913
Grand Hotel,1932.0,"Drama,Romance",7.3,22889,movie,tt0022958
Palio,1932.0,"Drama,History",6.2,42,movie,tt0023315
How to Catch Men,1932.0,Comedy,7.4,14,movie,tt0023317
Sherlock Holmes,1932.0,"Drama,Thriller",5.6,286,movie,tt0023460
Dope,1932.0,Drama,6.8,42,movie,tt0023679
Love,1933.0,"Drama,Romance",6.7,29,movie,tt0023746
Blood Money,1933.0,"Drama,Film-Noir,Romance",6.7,471,movie,tt0023818
Bombshell,1933.0,"Comedy,Drama,Mystery",7.0,3461,movie,tt0023825
For Love or Money,1933.0,Comedy,6.0,111,movie,tt0023873
Forgotten,1933.0,"Drama,Romance",6.5,106,movie,tt0024031
No Other Woman,1933.0,Drama,5.9,516,movie,tt0024388
Supernatural,1933.0,"Drama,Horror,Mystery",6.1,1172,movie,tt0024631
A Love Story,1933.0,"Drama,Romance",6.7,71,movie,tt0024720
Blind Date,1934.0,"Comedy,Romance",6.1,286,movie,tt0024897
Border Patrol,1934.0,"Crime,Drama",1.2,26,movie,tt0025205
Maniac,1934.0,"Horror,Sci-Fi",3.7,2904,movie,tt0025465
Les Misérables,1934.0,Drama,8.3,2258,movie,tt0025509
Frontier,1935.0,Drama,6.0,533,movie,tt0026040
The Black Room,1935.0,Horror,6.9,2805,movie,tt0026123
Bordertown,1935.0,"Crime,Drama,Film-Noir",6.6,2140,movie,tt0026129
Little Men,1934.0,Drama,6.0,112,movie,tt0026636
The Healer,1935.0,Drama,6.1,98,movie,tt0026637
Les Misérables,1935.0,"Drama,History,Romance",7.6,4259,movie,tt0026725
Mutiny on the Bounty,1935.0,"Adventure,Biography,Drama",7.6,26916,movie,tt0026752
Shanghai,1935.0,"Drama,Romance",6.0,170,movie,tt0026982
She,1935.0,"Adventure,Fantasy,Romance",6.4,2231,movie,tt0026983
Desire,1936.0,"Comedy,Crime,Romance",7.1,3410,movie,tt0027515
Forever Yours,1936.0,"Drama,Romance",5.7,161,movie,tt0027635
Ghost Patrol,1936.0,"Drama,Western",4.5,262,movie,tt0027669
Ghost Town Gold,1936.0,Western,6.1,151,movie,tt0027670
Jailbreak,1936.0,"Crime,Drama,Romance",5.7,128,movie,tt0027814
Rebellion,1936.0,"Drama,Western",5.6,142,movie,tt0028162
Samson,1936.0,"Drama,Romance",6.7,119,movie,tt0028214
The Demon Barber of Fleet Street,1936.0,"Crime,Drama",5.8,1753,movie,tt0028331
Tango,1936.0,Drama,5.3,69,movie,tt0028343
The Tenth Man,1936.0,Drama,6.3,70,movie,tt0028348
The Walking Dead,1936.0,"Crime,Drama,Horror",6.6,3694,movie,tt0028478
White Fang,1936.0,"Action,Adventure,Drama",6.2,94,movie,tt0028501
The Barrier,1937.0,Adventure,6.5,23,movie,tt0028611
A Family Affair,1937.0,"Comedy,Drama,Family",6.7,876,movie,tt0028850
Heidi,1937.0,"Drama,Family,Musical",7.2,5426,movie,tt0028988
Dark Sands,1937.0,"Adventure,Drama,Musical",6.1,366,movie,tt0029064
Over the Moon,1939.0,Comedy,5.6,369,movie,tt0029365
The Challenge,1938.0,"Adventure,History,Romance",6.3,222,movie,tt0029982
Dollar,1938.0,Comedy,5.8,522,movie,tt0030066
Friends,1939.0,"Biography,War",6.0,38,movie,tt0030083
Freshman Year,1938.0,"Musical,Romance,Sport",6.2,26,movie,tt0030158
Gangs of New York,1938.0,"Crime,Drama",6.3,198,movie,tt0030169
He Loved an Actress,1938.0,"Comedy,Musical,Romance",4.8,52,movie,tt0030221
Jezebel,1938.0,"Drama,Romance",7.4,16574,movie,tt0030287
The Main Event,1938.0,Mystery,6.5,14,movie,tt0030401
Too Hot to Handle,1938.0,"Adventure,Comedy,Drama",6.6,1791,movie,tt0030879
Conspiracy,1939.0,"Action,Adventure,Drama",5.6,191,movie,tt0031177
First Love,1939.0,"Comedy,Musical,Mystery",7.0,868,movie,tt0031311
Five Came Back,1939.0,"Adventure,Crime,Drama",7.1,2625,movie,tt0031314
For Love or Money,1939.0,"Comedy,Crime,Drama",6.1,28,movie,tt0031328
The Governor,1939.0,Drama,3.2,39,movie,tt0031388
The Green Hornet,1940.0,"Adventure,Crime,Family",6.5,809,movie,tt0031394
Homeland,1939.0,"Musical,Romance",5.6,21,movie,tt0031411
Daybreak,1939.0,"Crime,Drama,Romance",7.6,8940,movie,tt0031514
Long Shot,1939.0,"Drama,Romance",5.9,96,movie,tt0031590
Pukar,1939.0,"Drama,History",7.1,86,movie,tt0031829
Black Friday,1940.0,"Crime,Drama,Film-Noir",6.3,3345,movie,tt0032258
Haunted House,1940.0,"Comedy,Crime,Drama",5.3,235,movie,tt0032572
Little Men,1940.0,"Comedy,Drama",5.7,475,movie,tt0032717
The Outsider,1939.0,"Drama,Romance",5.9,61,movie,tt0032884
The Sinner,1940.0,Drama,6.5,64,movie,tt0032896
Rebecca,1940.0,"Drama,Mystery,Romance",8.0,162005,movie,tt0032976
Sarajevo,1940.0,"Drama,History",6.2,30,movie,tt0033023
Seventeen,1940.0,"Comedy,Drama",6.2,37,movie,tt0033039
Up in the Air,1940.0,"Comedy,Musical,Mystery",5.7,438,movie,tt0033214
The Great Train Robbery,1941.0,"Drama,Thriller",7.1,72,movie,tt0033680
The Hard Way,1943.0,"Drama,Music,Romance",7.1,1751,movie,tt0034828
The Jungle Book,1942.0,"Action,Adventure,Family",6.7,5115,movie,tt0034928
Why We Fight,1942.0,"Documentary,War",7.0,2605,movie,tt0035209
Kate & Leopold,2001.0,"Comedy,Fantasy,Romance",6.4,94576,movie,tt0035423
Always a Bridesmaid,1943.0,"Comedy,Music",6.4,53,movie,tt0035629
Border Patrol,1943.0,"Drama,Western",6.2,366,movie,tt0035692
Desire,1946.0,Drama,6.4,271,movie,tt0035797
Happy Go Lucky,1943.0,"Comedy,Musical,Romance",6.1,253,movie,tt0035969
Hostages,1943.0,"Drama,War",6.7,115,movie,tt0036017
Sahara,1943.0,"Action,Drama,War",7.5,11146,movie,tt0036323
Underground Guerrillas,1943.0,"Drama,War",6.1,215,movie,tt0036473
Les Misérables,1943.0,Drama,5.7,33,movie,tt0036654
Dark Waters,1944.0,"Drama,Film-Noir,Mystery",6.5,1237,movie,tt0036745
Destiny,1944.0,"Crime,Drama,Fantasy",6.1,227,movie,tt0036757
Once Upon a Time,1944.0,"Comedy,Family,Fantasy",6.1,1269,movie,tt0037150
Secrets of Scotland Yard,1944.0,"Mystery,Romance,War",6.4,102,movie,tt0037255
Tunisian Victory,1944.0,"Documentary,War",6.6,772,movie,tt0037404
Uncertain Glory,1944.0,"Crime,Drama,Romance",7.1,1679,movie,tt0037414
Detour,1945.0,"Crime,Drama,Film-Noir",7.3,22410,movie,tt0037638
Jericho,1946.0,"Drama,War",6.9,118,movie,tt0037830
The Chase,1946.0,"Crime,Drama,Film-Noir",6.4,3186,movie,tt0038409
Let There Be Light,1946.0,"Documentary,War",7.4,2199,movie,tt0038687
Revenge,1946.0,Drama,5.5,58,movie,tt0039072
Daybreak,1948.0,Drama,6.7,322,movie,tt0039304
Larceny,1948.0,"Crime,Drama,Film-Noir",6.8,1135,movie,tt0039550
Maria,1947.0,Drama,5.1,37,movie,tt0039608
Les Misérables,1948.0,Drama,6.9,199,movie,tt0039629
Possessed,1947.0,"Crime,Drama,Film-Noir",7.1,6425,movie,tt0039725
Singapore,1947.0,"Action,Adventure,Crime",6.5,952,movie,tt0039829
The Trap,1946.0,Mystery,6.0,1375,movie,tt0039912
Love,1948.0,Drama,6.9,2235,movie,tt0040092
Bodyguard,1948.0,"Crime,Drama,Film-Noir",6.5,1374,movie,tt0040178
The Challenge,1948.0,Mystery,6.4,101,movie,tt0040224
Quartet,1948.0,"Drama,Romance",7.3,1089,movie,tt0040335
Good Sam,1948.0,"Comedy,Drama,Romance",6.3,1222,movie,tt0040395
The Outsider,1948.0,Drama,6.8,528,movie,tt0040407
Rocky,1948.0,Drama,6.5,52,movie,tt0040743
The Search,1948.0,"Drama,War",7.8,5396,movie,tt0040765
Triple Threat,1948.0,"Action,Drama,Romance",5.5,24,movie,tt0040904
Blind Date,1949.0,Game-Show,4.4,21,tvSeries,tt0041009
Barry,1949.0,Drama,6.0,54,movie,tt0041160
Barsaat,1949.0,"Drama,Musical,Romance",7.1,782,movie,tt0041161
Diamond City,1949.0,"Adventure,Drama",5.8,157,movie,tt0041294
Gigi,1949.0,"Comedy,Romance",6.1,321,movie,tt0041414
The Trap,1950.0,Drama,6.2,26,tvSeries,tt0042158
Backfire,1950.0,"Crime,Drama,Film-Noir",6.5,2069,movie,tt0042219
The Blazing Sun,1950.0,"Drama,Western",6.0,132,movie,tt0042260
Borderline,1950.0,"Crime,Drama,Film-Noir",6.1,1878,movie,tt0042274
Hot Rod,1950.0,"Action,Drama",5.7,211,movie,tt0042578
Kon-Tiki,1950.0,Documentary,7.9,3032,movie,tt0042650
Let's Dance,1950.0,"Comedy,Drama,Musical",6.1,689,movie,tt0042674
Paid in Full,1950.0,"Drama,Romance",6.1,354,movie,tt0042830
Quicksand,1950.0,"Crime,Drama,Film-Noir",6.6,3017,movie,tt0042869
Scandal,1950.0,Drama,7.2,5315,movie,tt0042958
Doubt,1951.0,,4.9,8,movie,tt0043485
Miss Julie,1951.0,"Drama,Romance",7.1,2310,movie,tt0043567
Cops and Robbers,1951.0,"Comedy,Drama",7.7,2067,movie,tt0043606
I'll See You in My Dreams,1951.0,"Biography,Comedy,Drama",6.8,1360,movie,tt0043669
The Mistress,1952.0,"Crime,Drama",6.8,256,movie,tt0043835
The Seven Deadly Sins,1952.0,Drama,6.3,329,movie,tt0044025
The Sinner,1951.0,"Drama,Romance",6.8,464,movie,tt0044098
Teresa,1951.0,"Drama,War",6.4,792,movie,tt0044112
Valentino,1951.0,"Adventure,Biography,Drama",5.8,395,movie,tt0044177
Beauties of the Night,1952.0,"Comedy,Fantasy,Music",6.8,892,movie,tt0044409
The Blazing Sun,1954.0,"Crime,Drama,Romance",7.2,1835,movie,tt0044429
Carrie,1952.0,"Drama,Romance",7.3,3143,movie,tt0044486
Daughters of Destiny,1954.0,"Comedy,Drama",5.3,83,movie,tt0044544
The Fighter,1952.0,"Drama,Sport",5.9,192,movie,tt0044614
Heidi,1952.0,"Drama,Family",6.8,501,movie,tt0044696
The Trap,1952.0,"Crime,Thriller",7.1,178,movie,tt0044761
Jhansi Ki Rani,1953.0,"Biography,Drama,History",6.6,137,movie,tt0044769
The Witch,1952.0,"Drama,Fantasy,Horror",6.3,594,movie,tt0044974
The Ring,1952.0,"Drama,Sport",6.4,880,movie,tt0045091
Target,1952.0,"Drama,Western",5.8,193,movie,tt0045218
All American,1953.0,"Drama,Romance,Sport",5.8,330,movie,tt0045490
Child's Play,1954.0,"Adventure,Comedy,Family",5.5,206,movie,tt0045623
Fireworks,1954.0,"Comedy,Musical,Romance",5.7,225,movie,tt0045763
The Lovers,1953.0,Comedy,7.5,13,movie,tt0046015
Marianne,1953.0,,5.8,13,movie,tt0046044
The Sign of Venus,1955.0,"Comedy,Drama,Romance",6.5,1778,movie,tt0046292
The Mistress,1953.0,Drama,7.4,43,movie,tt0046494
Justice,1954.0,Drama,5.2,31,tvSeries,tt0046616
Sherlock Holmes,1954.0,"Crime,Drama,Mystery",7.5,1293,tvSeries,tt0046642
Amar,1954.0,"Drama,Musical,Romance",6.9,218,movie,tt0046703
Jailbirds,1954.0,"Crime,Drama",5.8,79,movie,tt0046735
Shadow of Fear,1955.0,"Drama,Mystery",6.4,296,movie,tt0046761
The Bounty Hunter,1954.0,"Drama,Western",6.6,1663,movie,tt0046801
The Witch,1954.0,"Crime,Drama,Fantasy",6.4,166,movie,tt0046810
The Command,1954.0,"Drama,Western",6.4,792,movie,tt0046865
Double Jeopardy,1955.0,"Action,Adventure,Crime",6.2,432,movie,tt0046927
The Detective,1954.0,"Comedy,Crime,Drama",6.7,2044,movie,tt0046970
Godzilla,1954.0,"Drama,Horror,Sci-Fi",7.6,46081,movie,tt0047034
Eternal Love,1954.0,"Drama,Romance",4.8,28,movie,tt0047069
The Last Summer,1954.0,"Action,Drama,Romance",6.4,43,movie,tt0047173
A Love Story,1954.0,"Drama,Romance",5.8,23,movie,tt0047176
Roots,1954.0,Drama,7.4,160,movie,tt0047395
Sabrina,1954.0,"Comedy,Drama,Romance",7.6,76574,movie,tt0047437
Taxi Driver,1954.0,"Musical,Romance",6.8,355,movie,tt0047561
This Is My Love,1954.0,Drama,6.5,156,movie,tt0047576
White Christmas,1954.0,"Comedy,Musical,Romance",7.6,57209,movie,tt0047673
Frontier,1955.0,Western,7.4,66,tvSeries,tt0047733
Wanted,1955.0,"Crime,Drama",5.4,10,tvSeries,tt0047785
High Society,1955.0,"Comedy,Family",6.1,439,movie,tt0048166
Love Me or Leave Me,1955.0,"Biography,Drama,Music",7.1,5294,movie,tt0048317
Wolves,1955.0,"Crime,Drama",7.4,130,movie,tt0048443
Rebel Without a Cause,1955.0,Drama,7.6,104072,movie,tt0048545
Summertime,1955.0,"Drama,Romance",7.1,11536,movie,tt0048673
Sarajevo,1955.0,"Drama,History",6.6,51,movie,tt0048761
The Brave One,1956.0,"Drama,Family",6.6,1290,movie,tt0049030
Forbidden Planet,1956.0,"Adventure,Sci-Fi",7.5,57704,movie,tt0049223
High Society,1956.0,"Comedy,Musical,Romance",6.9,19347,movie,tt0049314
Love,1956.0,Drama,5.7,16,movie,tt0049438
Much Ado About Nothing,1956.0,Comedy,6.3,24,movie,tt0049512
Mohawk,1956.0,"Drama,Western",5.3,690,movie,tt0049515
The Peacemaker,1956.0,"Drama,Western",5.6,129,movie,tt0049604
The Rainmaker,1956.0,"Drama,Romance,Western",6.9,4699,movie,tt0049653
The Bachelor,1955.0,Comedy,6.5,544,movie,tt0049717
Dark Waters,1956.0,"Drama,Romance,Thriller",6.7,918,movie,tt0049761
Apache Warrior,1957.0,"Action,Adventure,Drama",5.2,152,movie,tt0050131
Jonas,1957.0,Drama,7.5,83,movie,tt0050570
Loving You,1957.0,"Drama,Music,Musical",6.5,2787,movie,tt0050659
Les Misérables,1958.0,Drama,7.4,2150,movie,tt0050709
White Nights,1957.0,"Drama,Romance",7.7,10470,movie,tt0050782
Scandal in Sorrento,1955.0,"Comedy,Romance",6.5,2768,movie,tt0050817
Target,1958.0,"Drama,Horror,Mystery",7.0,49,tvSeries,tt0051319
Alive and Kicking,1958.0,Comedy,6.7,412,movie,tt0051346
Cairo Station,1958.0,"Crime,Drama",7.5,6329,movie,tt0051390
Cat on a Hot Tin Roof,1958.0,Drama,7.9,57462,movie,tt0051459
Christine,1958.0,"Comedy,Drama,Romance",6.3,1454,movie,tt0051477
The Challenge,1958.0,"Crime,Drama",6.8,424,movie,tt0051530
Horror of Dracula,1958.0,"Drama,Horror",7.2,30160,movie,tt0051554
Gigi,1958.0,"Comedy,Musical,Romance",6.6,25115,movie,tt0051658
First Love,1959.0,"Comedy,Drama,Romance",7.3,61,movie,tt0052091
Border Patrol,1959.0,Adventure,6.7,35,tvSeries,tt0052452
Manhunt,1959.0,"Crime,Drama",7.3,64,tvSeries,tt0052488
The Lovers,1958.0,"Drama,Romance",7.1,6459,movie,tt0052556
Chance Meeting,1959.0,"Crime,Drama,Mystery",6.7,1094,movie,tt0052634
Breakout,1959.0,"Drama,War",6.8,849,movie,tt0052648
The Bridge,1959.0,"Drama,History,War",7.9,9421,movie,tt0052654
The Circle,1957.0,"Crime,Mystery,Thriller",6.6,902,movie,tt0052695
Compulsion,1959.0,"Biography,Crime,Drama",7.4,8687,movie,tt0052700
Happy Anniversary,1959.0,Comedy,5.7,367,movie,tt0052878
Grand Hotel,1959.0,Drama,6.2,123,movie,tt0053059
The Miracle,1959.0,"Drama,Romance",5.9,532,movie,tt0053069
Alone,1959.0,"Drama,War",5.7,56,movie,tt0053239
Too Hot to Handle,1960.0,"Crime,Drama,Romance",5.8,536,movie,tt0053365
The Trap,1959.0,"Action,Crime,Drama",6.6,825,movie,tt0053374
The Andy Griffith Show,1960.0,"Comedy,Family",8.4,19189,tvSeries,tt0053479
The Flintstones,1960.0,"Adventure,Animation,Comedy",7.5,45065,tvSeries,tt0053502
Thriller,1960.0,"Crime,Drama,Horror",8.2,1895,tvSeries,tt0053546
Aftermath,1960.0,,5.4,9,tvMovie,tt0053574
The Apartment,1960.0,"Comedy,Drama,Romance",8.3,222616,movie,tt0053604
Hannibal,1959.0,"Action,Adventure,Biography",5.2,1315,movie,tt0053891
It Takes a Thief,1960.0,"Crime,Drama,Thriller",6.0,481,movie,tt0053958
Jis Desh Men Ganga Behti Hai,1960.0,"Drama,Musical,Romance",7.1,535,movie,tt0053965
Ocean's Eleven,1960.0,"Comedy,Crime,Music",6.5,26345,movie,tt0054135
Brother,1960.0,Drama,6.9,576,movie,tt0054151
Psycho,1960.0,"Drama,Horror,Mystery",8.5,792648,movie,tt0054215
The Rat Race,1960.0,"Comedy,Drama,Romance",6.6,1729,movie,tt0054230
Spartacus,1960.0,"Adventure,Biography,Drama",7.9,152117,movie,tt0054331
The Time Machine,1960.0,"Adventure,Romance,Sci-Fi",7.5,47688,movie,tt0054387
The Old Guard,1960.0,Comedy,6.6,722,movie,tt0054441
The Truth,1960.0,"Crime,Drama,Romance",7.6,5587,movie,tt0054452
Buddha,1961.0,"Adventure,Biography,Drama",6.5,117,movie,tt0054706
Bad Boys,1961.0,Drama,6.7,172,movie,tt0054904
The Innocents,1961.0,"Drama,Horror,Mystery",7.7,36501,movie,tt0055018
The Liar,1961.0,"Comedy,Drama",6.4,141,movie,tt0055111
Marco Polo,1962.0,"Adventure,Drama,History",5.2,216,movie,tt0055141
Murder Party,1961.0,"Crime,Drama,Mystery",6.9,97,movie,tt0055212
The Devil Inside,1961.0,Crime,6.5,312,movie,tt0055247
The Outsider,1961.0,"Biography,Drama,War",7.2,1149,movie,tt0055270
Samson,1961.0,"Drama,Romance,War",6.3,278,movie,tt0055401
The Saint,1962.0,"Action,Crime,Drama",7.5,6906,tvSeries,tt0055701
Freud,1962.0,"Biography,Drama",7.2,3749,movie,tt0055998
Jailbreak,1962.0,"Crime,Drama",5.3,138,movie,tt0056008
Gypsy,1962.0,"Biography,Comedy,Drama",7.1,7613,movie,tt0056048
Lolita,1962.0,"Crime,Drama,Romance",7.5,116945,movie,tt0056193
Maniac,1963.0,"Crime,Horror,Mystery",5.9,1803,movie,tt0056219
Mutiny on the Bounty,1962.0,"Adventure,Drama,History",7.2,19651,movie,tt0056264
The Phantom of the Opera,1962.0,"Drama,Horror,Music",6.4,4218,movie,tt0056347
Professor,1962.0,"Comedy,Drama,Musical",6.7,393,movie,tt0056379
The Seven Deadly Sins,1962.0,Comedy,6.3,754,movie,tt0056467
Scorching Sands,1963.0,"Adventure,Drama,Romance",5.7,297,movie,tt0056485
The Doll,1962.0,"Drama,Fantasy",6.7,467,movie,tt0056649
The Break,1962.0,"Crime,Drama,Thriller",6.0,204,movie,tt0056887
Christine,1963.0,"Comedy,Drama",6.9,18,movie,tt0056933
For Love or Money,1963.0,"Comedy,Romance",6.2,648,movie,tt0057067
Gumrah,1963.0,"Drama,Romance",6.9,193,movie,tt0057120
Saladin,1963.0,"Action,Adventure,Biography",7.5,3104,movie,tt0057357
The Pink Panther,1963.0,"Comedy,Crime,Romance",7.0,62329,movie,tt0057413
The Trial,1962.0,"Drama,Mystery,Thriller",7.6,27194,movie,tt0057427
Striptease,1963.0,,7.8,56,tvMovie,tt0057538
The Silence,1963.0,Drama,7.7,22846,movie,tt0057611
Much Ado About Nothing,1964.0,,6.4,25,movie,tt0057658
The Visit,1963.0,"Comedy,Romance",7.4,788,movie,tt0057664
Jeopardy!,1964.0,Game-Show,7.6,704,tvSeries,tt0057758
The Guest,1963.0,Drama,7.1,1153,movie,tt0058164
Diary of a Chambermaid,1964.0,"Crime,Drama",7.3,10635,movie,tt0058249
The Spy,1964.0,Thriller,3.9,38,movie,tt0058357
Sangam,1964.0,"Drama,Musical,Romance",7.3,2134,movie,tt0058547
The Visit,1964.0,Drama,7.4,2181,movie,tt0058724
Memories,1964.0,"Drama,Mystery",7.4,157,movie,tt0058759
Get Smart,1965.0,"Action,Adventure,Comedy",8.2,15358,tvSeries,tt0058805
Gypsy,1965.0,Talk-Show,7.7,60,tvSeries,tt0058810
Lost in Space,1965.0,"Adventure,Comedy,Family",7.3,9951,tvSeries,tt0058824
Big Daddy,1969.0,"Adventure,Crime,Drama",5.7,57,movie,tt0058968
The Cincinnati Kid,1965.0,Drama,7.2,19874,movie,tt0059037
Die! Die! My Darling!,1965.0,"Horror,Thriller",6.3,3652,movie,tt0059106
Doctor Zhivago,1965.0,"Drama,Romance,War",7.9,87910,movie,tt0059113
Heidi,1965.0,"Drama,Family",6.5,203,movie,tt0059259
The Holy Man,1965.0,Comedy,7.0,1916,movie,tt0059417
Mirage,1965.0,"Mystery,Thriller",7.2,6785,movie,tt0059448
Rapture,1965.0,"Drama,Romance",7.2,1401,movie,tt0059633
She,1965.0,"Adventure,Fantasy",5.8,4062,movie,tt0059710
Sylvia,1965.0,Drama,6.7,468,movie,tt0059773
Three,1965.0,"Drama,War",7.7,1196,movie,tt0059829
Yankee,1966.0,"Drama,Western",5.6,530,movie,tt0059924
The Green Hornet,1966.0,"Action,Adventure,Crime",7.3,3668,tvSeries,tt0059991
Jericho,1966.0,"Drama,War",7.3,109,tvSeries,tt0059999
Star Trek,1966.0,"Action,Adventure,Sci-Fi",8.4,101778,tvSeries,tt0060028
Tarzan,1966.0,"Action,Adventure",7.1,1417,tvSeries,tt0060033
Amrapali,1966.0,"Drama,History",6.6,341,movie,tt0060104
The Search,1966.0,Drama,6.7,164,movie,tt0060197
The Outsiders,1967.0,"Comedy,Drama",7.8,821,movie,tt0060201
The Hunt,1966.0,"Drama,Thriller",7.5,2720,movie,tt0060223
The Chase,1966.0,"Crime,Drama,Thriller",7.1,15422,movie,tt0060232
The Frozen Dead,1966.0,"Horror,Sci-Fi",5.0,1181,movie,tt0060434
A Love Story,1967.0,Drama,6.9,53,movie,tt0060509
Kaleidoscope,1966.0,"Comedy,Crime",5.9,981,movie,tt0060581
The Little Prince,1966.0,Fantasy,6.1,38,tvMovie,tt0060595
Return of the Prodigal Son,1967.0,Drama,6.5,430,movie,tt0060770
Penelope,1966.0,"Comedy,Crime",6.2,2519,movie,tt0060818
Persona,1966.0,"Drama,Thriller",8.0,141864,movie,tt0060827
The Witch,1966.0,"Horror,Mystery",6.6,808,movie,tt0061036
The Trap,1966.0,"Adventure,Drama,Romance",7.1,2444,movie,tt0061115
The Island,1966.0,Drama,6.8,30,movie,tt0061227
Rango,1967.0,"Comedy,Western",7.0,115,tvSeries,tt0061288
Accident,1967.0,Drama,6.8,5478,movie,tt0061328
The Rover,1967.0,"Adventure,Drama,History",6.1,522,movie,tt0061377
Bonnie and Clyde,1967.0,"Action,Biography,Crime",7.7,127567,movie,tt0061418
Casino Royale,1967.0,Comedy,5.0,35220,movie,tt0061452
Cool Hand Luke,1967.0,"Crime,Drama",8.0,197147,movie,tt0061512
Hell on Wheels,1967.0,"Action,Sport",3.6,193,movie,tt0061757
The Incident,1967.0,"Crime,Drama,Thriller",7.6,5587,movie,tt0061814
The Jungle Book,1967.0,"Adventure,Animation,Comedy",7.6,215190,movie,tt0061852
Much Ado About Nothing,1967.0,"Comedy,Romance",6.9,69,tvMovie,tt0062000
Wanted,1967.0,"Action,Drama,Romance",6.0,554,movie,tt0062047
The Outsider,1967.0,"Crime,Drama",7.5,108,tvMovie,tt0062090
Point Blank,1967.0,"Crime,Drama,Thriller",7.2,26953,movie,tt0062138
Westerplatte Resists,1967.0,"Drama,War",7.0,605,movie,tt0062485
Animal World,1968.0,Documentary,7.7,49,tvSeries,tt0062540
Dad's Army,1968.0,"Comedy,War",8.1,8053,tvSeries,tt0062552
The First Lady,1968.0,Drama,6.9,15,tvSeries,tt0062561
The Outcasts,1968.0,"Drama,Western",7.5,218,tvSeries,tt0062596
The Outsider,1968.0,"Crime,Drama",7.8,115,tvSeries,tt0062597
Boom!,1968.0,"Drama,Thriller",5.5,1992,movie,tt0062751
Chitty Chitty Bang Bang,1968.0,"Adventure,Family,Fantasy",7.0,55493,movie,tt0062803
Duniya,1968.0,"Crime,Drama,Mystery",7.0,102,movie,tt0062918
The Confrontation,1969.0,"Drama,History,Music",6.4,574,movie,tt0062995
Heidi,1968.0,"Drama,Family",6.6,752,tvMovie,tt0063051
Lionheart,1968.0,"Drama,Family",5.9,58,movie,tt0063228
Match,1969.0,Comedy,7.4,21,tvMovie,tt0063282
The Queen,1968.0,Documentary,7.2,1576,movie,tt0063477
Rosemary's Baby,1968.0,"Drama,Horror",8.0,260491,movie,tt0063522
"Yours, Mine and Ours",1968.0,"Comedy,Family",7.1,11155,movie,tt0063829
Monty Python's Flying Circus,1969.0,Comedy,8.8,87709,tvSeries,tt0063929
The Land,1970.0,Drama,8.0,2882,movie,tt0064038
The Babysitter,1969.0,"Crime,Drama,Thriller",5.7,588,movie,tt0064055
Once Upon a Time in the West,1968.0,"Drama,Western",8.5,387129,movie,tt0064116
The Mafia Wants Blood,1970.0,"Action,Crime,Drama",4.9,291,movie,tt0064126
The Circle,1970.0,Drama,6.9,147,movie,tt0064144
House of Cards,1968.0,"Crime,Drama,Mystery",6.1,881,movie,tt0064448
Ittefaq,1969.0,"Crime,Mystery,Thriller",7.4,1342,movie,tt0064506
Justine,1969.0,"Drama,Mystery,Romance",5.4,581,movie,tt0064526
Black Rose,1969.0,Drama,6.0,271,movie,tt0064556
Puss in Boots,1969.0,"Adventure,Animation,Comedy",7.2,1150,movie,tt0064714
Prince,1969.0,Romance,6.8,261,movie,tt0064842
Riot,1969.0,"Crime,Drama,Thriller",5.9,771,movie,tt0064895
Stereo,1969.0,Sci-Fi,5.0,2908,movie,tt0065036
Three,1969.0,"Drama,Romance",5.7,395,movie,tt0065094
Three,1969.0,Drama,4.6,11,movie,tt0065095
Adrift,1971.0,Drama,6.9,249,movie,tt0065117
True Grit,1969.0,"Adventure,Drama,Western",7.4,54462,movie,tt0065126
Up in the Air,1969.0,"Comedy,Family",5.8,18,movie,tt0065159
The Wedding Party,1969.0,Comedy,4.6,1856,movie,tt0065198
The Lovers,1970.0,Comedy,6.9,119,tvSeries,tt0065310
The Daughter,1970.0,Drama,4.3,210,movie,tt0065363
Along Came a Spider,1970.0,Drama,6.4,270,tvMovie,tt0065387
The Beast,1970.0,"Action,Crime,Drama",4.9,256,movie,tt0065460
The Boys in the Band,1970.0,Drama,7.6,6557,movie,tt0065488
Breakout,1970.0,"Action,Drama",6.2,35,tvMovie,tt0065490
The Challenge,1970.0,"Action,Drama,Thriller",6.9,279,tvMovie,tt0065534
The Dreamer,1970.0,Drama,5.6,19,movie,tt0065663
First Love,1970.0,"Drama,Romance",6.3,459,movie,tt0065703
Gimme Shelter,1970.0,"Documentary,Music,Thriller",7.8,13877,movie,tt0065780
Imago,1970.0,Drama,5.8,16,movie,tt0065883
The Interview,1970.0,,7.3,8,tvMovie,tt0065893
Jonathan,1970.0,"Drama,Fantasy,Horror",6.0,409,movie,tt0065917
Breakout,1971.0,Drama,6.9,50,movie,tt0065945
A Love Story,1970.0,"Drama,Romance",7.2,8276,movie,tt0065955
Loving,1970.0,"Comedy,Drama",6.1,856,movie,tt0066017
The Liar,1970.0,Drama,5.2,55,movie,tt0066025
Move,1970.0,"Comedy,Fantasy",5.1,224,movie,tt0066102
One More Time,1970.0,"Comedy,Thriller",5.0,617,movie,tt0066183
The Cruise,1970.0,Comedy,7.5,3997,movie,tt0066289
Trash,1970.0,Drama,6.1,3040,movie,tt0066482
The Tribe,1970.0,Drama,7.3,993,movie,tt0066490
Woodstock,1970.0,"Documentary,History,Music",8.1,19605,movie,tt0066580
A Clockwork Orange,1971.0,"Crime,Sci-Fi",8.2,943231,movie,tt0066921
Dad's Army,1971.0,"Comedy,War",6.9,3973,movie,tt0066963
Equinox,1970.0,"Action,Adventure,Fantasy",5.2,3950,movie,tt0067055
Office Girls,1971.0,Drama,4.2,229,movie,tt0067062
Fiddler on the Roof,1971.0,"Drama,Family,Musical",8.0,52683,movie,tt0067093
Friends,1971.0,"Drama,Romance",6.5,1257,movie,tt0067118
Inn of the Frightened People,1971.0,"Crime,Drama,Thriller",6.1,631,movie,tt0067248
Moon,1970.0,"Action,Crime,Drama",5.1,358,movie,tt0067390
The Guest,1971.0,Drama,5.9,68,movie,tt0067537
Love,1971.0,Drama,7.8,2434,movie,tt0067814
Together,1971.0,Drama,5.6,212,movie,tt0067862
Villain,1971.0,"Crime,Drama,Thriller",6.5,2445,movie,tt0067952
Willy Wonka & the Chocolate Factory,1971.0,"Adventure,Comedy,Family",7.8,246489,movie,tt0067992
Justice,1971.0,Drama,7.6,142,tvSeries,tt0068090
The Super,1972.0,Comedy,7.1,38,tvSeries,tt0068136
Ultraman,1966.0,"Action,Adventure,Comedy",7.5,799,tvSeries,tt0068145
Bawarchi,1972.0,"Comedy,Drama,Family",8.1,4863,movie,tt0068257
Child's Play,1972.0,"Drama,Mystery,Thriller",6.2,1951,movie,tt0068369
Delirium,1972.0,"Horror,Mystery,Thriller",5.4,1447,movie,tt0068471
The Son,1973.0,Drama,5.8,150,movie,tt0068587
The Heartbreak Kid,1972.0,"Comedy,Drama,Romance",7.1,6655,movie,tt0068687
Heroine,1972.0,Drama,7.2,27,movie,tt0068695
Horror Story,1972.0,"Comedy,Horror",4.3,40,movie,tt0068714
Love,1973.0,Romance,6.4,81,movie,tt0068889
Dirty Money,1972.0,"Action,Comedy,Crime",6.9,334,movie,tt0068928
Mirage,1972.0,Drama,7.0,151,movie,tt0068955
Miss Julie,1972.0,Drama,6.8,115,movie,tt0068956
Les Misérables,1972.0,Drama,8.0,31,tvMiniSeries,tt0068959
The Other Side of the Wind,2018.0,Drama,6.6,8605,movie,tt0069049
The Other,1972.0,"Drama,Horror,Mystery",6.8,7885,movie,tt0069050
Payday,1973.0,"Drama,Music",7.1,1141,movie,tt0069067
The Public Eye,1972.0,"Comedy,Drama",6.9,942,movie,tt0069131
Season of the Witch,1972.0,"Drama,Horror",5.6,4463,movie,tt0069239
Veronica,1973.0,"Family,Fantasy,Musical",8.0,894,movie,tt0069458
White Fang,1973.0,"Adventure,Drama,Family",6.0,1086,movie,tt0069536
Father Brown,1974.0,"Crime,Drama,Mystery",7.1,649,tvSeries,tt0069582
Star Trek: The Animated Series,1973.0,"Action,Adventure,Animation",7.2,9433,tvSeries,tt0069637
Love,1974.0,Drama,4.6,14,movie,tt0069708
Apaches,1973.0,"Drama,Western",5.9,496,movie,tt0069725
Bobby,1973.0,"Comedy,Drama,Musical",6.9,2197,movie,tt0069810
Happy New Year,1973.0,"Comedy,Crime,Drama",7.3,2237,movie,tt0069815
The Boy Who Cried Werewolf,1973.0,Horror,5.1,912,movie,tt0069820
Cleopatra Jones,1973.0,"Action,Crime,Thriller",5.9,3797,movie,tt0069890
Cops and Robbers,1973.0,"Comedy,Crime",6.4,972,movie,tt0069919
Don't Be Afraid of the Dark,1973.0,"Horror,Mystery,Thriller",6.5,4622,tvMovie,tt0069992
Don't Look in the Basement,1973.0,"Horror,Thriller",4.9,3812,movie,tt0069994
Dracula,1973.0,"Drama,Horror",6.2,3384,tvMovie,tt0070003
Charlotte's Web,1973.0,"Adventure,Animation,Drama",6.9,23055,movie,tt0070016
Enter the Dragon,1973.0,"Action,Crime,Thriller",7.6,121364,movie,tt0070034
Love & Anarchy,1973.0,"Comedy,Drama,Romance",7.7,3944,movie,tt0070061
The Homecoming,1973.0,Drama,6.8,931,movie,tt0070188
The Invitation,1973.0,"Comedy,Drama",7.0,749,movie,tt0070224
Jimi Hendrix,1973.0,"Biography,Documentary,Music",7.7,2038,movie,tt0070242
The Little Mermaid,1975.0,"Adventure,Animation,Drama",7.2,1323,movie,tt0070326
Malicious,1973.0,"Comedy,Drama,Romance",6.3,4096,movie,tt0070358
Mean Streets,1973.0,"Crime,Drama,Thriller",7.1,129491,movie,tt0070379
Scarecrow,1973.0,Drama,7.2,22266,movie,tt0070643
Sisters,1972.0,"Horror,Mystery,Thriller",6.8,23779,movie,tt0070698
The Girl in Blue,1973.0,Drama,6.5,79,movie,tt0070848
The Box,1974.0,"Comedy,Drama",7.4,68,tvSeries,tt0070973
Alice Doesn't Live Here Anymore,1974.0,"Drama,Romance",7.3,30520,movie,tt0071115
The Car,1975.0,Comedy,7.2,15,movie,tt0071178
Benji,1974.0,"Adventure,Drama,Family",6.1,5570,movie,tt0071206
The Beast,1974.0,"Comedy,Drama",6.8,243,movie,tt0071208
The Black Godfather,1974.0,Crime,4.4,622,movie,tt0071225
Open Season,1974.0,"Action,Drama,Thriller",5.9,814,movie,tt0071292
Immoral Tales,1973.0,"Drama,Romance",5.6,6387,movie,tt0071359
The Body,1974.0,"Drama,Thriller",5.2,207,movie,tt0071362
Crash,1974.0,Drama,4.4,58,movie,tt0071367
Dark Places,1974.0,"Horror,Romance,Thriller",5.8,1565,movie,tt0071391
Waiting,1974.0,Drama,7.0,191,movie,tt0071468
The Family,1973.0,Drama,6.1,41,movie,tt0071485
The Flying Guillotine,1975.0,"Action,Drama",6.6,1780,movie,tt0071512
The Last Word,1975.0,"Comedy,Drama",6.0,60,movie,tt0071747
The Little Prince,1974.0,"Family,Fantasy,Musical",6.5,4383,movie,tt0071762
The Longest Yard,1974.0,"Comedy,Crime,Drama",7.1,23475,movie,tt0071771
Manoranjan,1974.0,"Comedy,Musical,Romance",6.5,306,movie,tt0071811
Monty Python and the Holy Grail,1975.0,"Adventure,Comedy,Fantasy",8.1,607065,movie,tt0071853
Much Ado About Nothing,1973.0,"Comedy,Romance",7.9,119,tvMovie,tt0071870
First Love,1974.0,Documentary,6.9,388,tvMovie,tt0071996
Rajnigandha,1974.0,"Drama,Romance",7.3,972,movie,tt0072064
Act of Vengeance,1974.0,"Crime,Drama,Horror",5.5,1324,movie,tt0072067
The Rehearsal,1974.0,Drama,6.9,188,movie,tt0072074
Santana,1974.0,,6.6,12,movie,tt0072113
Scandal,1974.0,Comedy,6.8,40,movie,tt0072118
The Secret,1974.0,"Crime,Drama,Mystery",6.7,1083,movie,tt0072131
Stardust,1974.0,"Drama,Music",6.5,1311,movie,tt0072201
The Take,1974.0,"Action,Crime,Drama",5.5,379,movie,tt0072249
The Tribe,1974.0,"Drama,Sci-Fi",5.7,35,tvMovie,tt0072318
The Protector,1974.0,Thriller,5.2,67,movie,tt0072326
One Day at a Time,1975.0,Comedy,6.6,5812,tvSeries,tt0072554
S.W.A.T.,1975.0,"Action,Crime,Drama",6.8,2400,tvSeries,tt0072560
All Together Now,1975.0,Drama,7.1,49,tvMovie,tt0072628
The Outsider,1975.0,"Adventure,Drama",6.1,62,movie,tt0072693
The Box,1975.0,Comedy,7.2,43,movie,tt0072727
Breakout,1975.0,"Action,Adventure,Drama",6.1,5262,movie,tt0072737
The Beast,1975.0,"Drama,Fantasy,Horror",5.7,6156,movie,tt0072752
Chupke Chupke,1975.0,"Comedy,Drama,Romance",8.3,14087,movie,tt0072783
Faraar,1975.0,"Action,Crime,Drama",6.7,399,movie,tt0072972
Hera Pheri,1976.0,"Action,Comedy,Crime",6.6,1237,movie,tt0073104
The Hollow,1975.0,Documentary,7.5,42,movie,tt0073117
Icarus,1975.0,Drama,7.4,44,movie,tt0073147
Playing with Fire,1975.0,"Comedy,Crime,Drama",5.6,885,movie,tt0073203
Marco Polo,1975.0,"Action,Adventure,Biography",6.4,440,movie,tt0073326
Maria,1975.0,,5.1,30,movie,tt0073354
Night Moves,1975.0,"Crime,Drama,Mystery",7.1,21637,movie,tt0073453
The Sinner,1975.0,"Drama,Romance",6.1,59,movie,tt0073525
Outside In,1972.0,Drama,6.0,30,movie,tt0073614
The Runaways,1975.0,"Adventure,Drama,Family",7.5,36,tvMovie,tt0073645
The Silence,1975.0,Drama,6.7,55,tvMovie,tt0073711
Charlie's Angels,1976.0,"Action,Adventure,Crime",6.6,16229,tvSeries,tt0073972
The Fosters,1976.0,"Comedy,Family",7.0,74,tvSeries,tt0073993
Accident,1977.0,Drama,6.6,141,movie,tt0074090
Return of the Prodigal Son,1978.0,"Crime,Drama,Musical",7.2,1080,movie,tt0074168
Carrie,1976.0,Horror,7.4,230676,movie,tt0074285
Cat on a Hot Tin Roof,1976.0,Drama,7.0,397,tvMovie,tt0074295
Charlie's Angels,1976.0,"Crime,Drama",7.0,1220,tvMovie,tt0074301
Dogs,1976.0,"Horror,Thriller",4.8,1241,movie,tt0074419
Gumrah,1976.0,"Action,Romance",4.6,18,movie,tt0074598
High Risk,1976.0,"Comedy,Crime",4.9,30,tvMovie,tt0074627
Dynasty,1976.0,Drama,4.9,253,tvMovie,tt0074709
Logan's Run,1976.0,"Action,Adventure,Sci-Fi",6.8,66304,movie,tt0074812
The Little Mermaid,1976.0,"Drama,Family,Fantasy",7.1,1009,movie,tt0074846
Once Upon a Time,1973.0,"Animation,Family,Fantasy",6.2,201,movie,tt0075011
Buddies,1976.0,Drama,5.8,73,movie,tt0075081
The Mistress,1976.0,,5.4,59,movie,tt0075116
Rocky,1976.0,"Drama,Sport",8.1,699842,movie,tt0075148
Sparkle,1976.0,"Drama,Music",6.7,2072,movie,tt0075249
Striptease,1977.0,Drama,4.6,102,movie,tt0075275
Zero Hour,1977.0,"Drama,Romance,War",7.0,137,movie,tt0075279
Taxi Driver,1976.0,"Crime,Drama",8.2,1039453,movie,tt0075314
Too Hot to Handle,1977.0,"Action,Drama,Thriller",5.4,429,movie,tt0075339
Hotel Pacific,1975.0,Drama,7.2,1264,movie,tt0075454
Logan's Run,1977.0,"Adventure,Sci-Fi",7.1,3395,tvSeries,tt0075527
Roots,1977.0,"Biography,Drama,History",8.4,20254,tvMiniSeries,tt0075572
Target,1977.0,"Action,Crime",7.1,91,tvSeries,tt0075593
Amar Akbar Anthony,1977.0,"Action,Comedy,Drama",7.4,9084,movie,tt0075669
A Bridge Too Far,1977.0,"Drama,History,War",7.4,68496,movie,tt0075784
Brothers,1977.0,"Biography,Drama",6.5,217,movie,tt0075787
The Car,1977.0,"Action,Horror,Mystery",6.2,13162,movie,tt0075809
The Deep,1977.0,"Adventure,Mystery,Thriller",6.3,15562,movie,tt0075925
The Wishing Tree,1976.0,Drama,8.0,2196,movie,tt0075963
First Love,1977.0,"Drama,Romance",5.9,775,movie,tt0076033
For the Love of Benji,1977.0,"Adventure,Comedy,Drama",6.0,1334,movie,tt0076044
The Gathering,1977.0,Drama,7.6,1018,tvMovie,tt0076067
The Ritual,1977.0,Drama,7.5,206,movie,tt0076080
50/50,1977.0,Drama,7.2,16,movie,tt0076122
Joy,1977.0,Adult,6.5,161,movie,tt0076238
The Mad Monk,1977.0,"Comedy,Fantasy",6.2,29,movie,tt0076346
One Night Stand,1978.0,"Drama,Thriller",6.3,47,tvMovie,tt0076499
One on One,1977.0,"Drama,Sport",6.5,2232,movie,tt0076500
Fearless,1978.0,"Action,Crime,Thriller",5.6,504,movie,tt0076554
Sat Sri Akal,1977.0,Drama,6.7,16,movie,tt0076664
Submission,1976.0,"Drama,War",6.2,678,movie,tt0076668
The Assignment,1977.0,"Drama,Thriller",5.4,121,movie,tt0076861
Valentino,1977.0,"Biography,Drama",6.0,2595,movie,tt0076868
Rebecca,1979.0,"Drama,Mystery,Romance",8.1,459,tvMiniSeries,tt0077067
The Runaways,1978.0,Drama,6.2,55,tvSeries,tt0077075
Life Sentence,1979.0,"Crime,Drama,Thriller",7.2,658,movie,tt0077287
The Chosen,1977.0,"Horror,Sci-Fi",5.5,1960,movie,tt0077332
Closed Circuit,1978.0,"Crime,Drama,Mystery",6.9,560,tvMovie,tt0077337
Crash,1978.0,Drama,5.7,358,tvMovie,tt0077377
Don,1978.0,"Action,Crime,Thriller",7.7,13580,movie,tt0077451
The Unicorn,1978.0,Drama,6.3,46,movie,tt0077488
The End,1978.0,"Comedy,Drama",6.1,4915,movie,tt0077504
The Foreigner,1978.0,"Drama,Thriller",5.0,251,movie,tt0077573
Girlfriends,1978.0,"Comedy,Drama",7.2,3692,movie,tt0077613
Grease,1978.0,"Comedy,Musical,Romance",7.2,329271,movie,tt0077631
The Irishman,1978.0,"Drama,Romance",6.4,147,movie,tt0077749
Long Shot,1978.0,Drama,5.8,116,movie,tt0077867
The Score,1978.0,Drama,6.4,158,movie,tt0077881
Requiem,1978.0,Drama,7.4,84,movie,tt0077913
Much Ado About Nothing,1978.0,"Comedy,Romance",6.9,36,tvMovie,tt0077956
Solo,1978.0,"Drama,Romance",6.0,68,movie,tt0078291
Tusk,1980.0,Drama,4.8,649,movie,tt0078356
Entanglement,1977.0,Drama,6.8,46,movie,tt0078373
The Time Machine,1978.0,"Adventure,Sci-Fi",5.1,509,tvMovie,tt0078401
True Grit: A Further Adventure,1978.0,"Drama,Western",5.8,249,tvMovie,tt0078422
Paradise Lost,1978.0,Drama,6.4,148,movie,tt0078458
Victor,1979.0,,5.9,16,tvMovie,tt0078462
Watership Down,1978.0,"Adventure,Animation,Drama",7.5,43787,movie,tt0078480
The Dukes of Hazzard,1979.0,"Action,Comedy",7.1,18068,tvSeries,tt0078607
Friends,1979.0,"Comedy,Drama",7.0,64,tvSeries,tt0078615
The Last Resort,1979.0,Comedy,6.8,33,tvSeries,tt0078640
The Amityville Horror,1979.0,Horror,6.2,49498,movie,tt0078767
Rapture,1980.0,"Drama,Fantasy,Horror",6.8,4024,movie,tt0078797
Bloodline,1979.0,"Crime,Drama,Mystery",4.6,2116,movie,tt0078879
Chocolate,1980.0,Drama,6.1,102,movie,tt0078967
Delirium,1979.0,"Action,Horror,Thriller",4.7,1072,movie,tt0079039
Cops and Robbers,1979.0,"Crime,Drama",6.8,165,movie,tt0079048
Dracula,1979.0,"Drama,Fantasy,Horror",6.5,12655,movie,tt0079073
The Secret,1979.0,"Drama,Horror,Mystery",6.5,346,movie,tt0079146
The Gift,1979.0,Drama,6.3,154,tvMovie,tt0079209
Gol Maal,1979.0,"Comedy,Romance",8.5,22266,movie,tt0079221
The Great Gambler,1979.0,"Action,Crime,Romance",6.4,822,movie,tt0079236
The Great Train Robbery,1978.0,"Adventure,Crime,Drama",6.9,22043,movie,tt0079240
The Hard Way,1980.0,"Crime,Thriller",6.4,611,tvMovie,tt0079270
Haunted,1977.0,Horror,3.5,240,movie,tt0079273
Hot Rod,1979.0,Drama,6.5,359,tvMovie,tt0079307
The In-Laws,1979.0,"Action,Adventure,Comedy",7.3,11193,movie,tt0079336
Instant Pictures,1980.0,,6.0,7,movie,tt0079344
Justine and the Whip,1979.0,Adult,5.2,162,movie,tt0079385
The Last Word,1979.0,"Comedy,Drama",5.3,147,movie,tt0079442
Monty Python's Life of Brian,1979.0,Comedy,8.0,435555,movie,tt0079470
Mad Max,1979.0,"Action,Adventure,Sci-Fi",6.8,246675,movie,tt0079501
The Main Event,1979.0,"Comedy,Romance,Sport",5.6,3630,movie,tt0079510
Maria,1979.0,Drama,5.3,7,movie,tt0079529
1922,1978.0,"Drama,History",6.4,444,movie,tt0079643
Opening Night,1977.0,Drama,7.8,14252,movie,tt0079672
The Outsider,1979.0,"Drama,History,Thriller",6.9,351,movie,tt0079687
Players,1979.0,"Drama,Romance,Sport",4.1,356,movie,tt0079723
Adventures of Ali-Baba and the Forty Thieves,1980.0,"Action,Adventure,Family",6.2,746,movie,tt0079749
The Promise,1979.0,"Drama,Romance",6.4,933,movie,tt0079756
Richard Pryor: Live in Concert,1979.0,"Comedy,Documentary",8.0,6249,movie,tt0079807
Rocky II,1979.0,"Drama,Sport",7.3,253716,movie,tt0079817
Hollywood,1980.0,"Biography,Comedy,Documentary",9.3,932,tvMiniSeries,tt0080230
The Warning,1980.0,"Crime,Drama",6.4,237,movie,tt0080401
The Babysitter,1980.0,"Drama,Thriller",5.5,822,tvMovie,tt0080407
Blood Money,1980.0,"Crime,Drama",6.0,42,movie,tt0080446
Borderline,1980.0,"Action,Drama",6.0,2751,movie,tt0080465
The Club,1980.0,"Comedy,Drama,Sport",7.0,1228,movie,tt0080546
The Competition,1980.0,"Drama,Music,Romance",6.6,3092,movie,tt0080556
Defiance,1980.0,"Action,Crime,Drama",6.1,1688,movie,tt0080605
Dostana,1980.0,"Action,Crime,Drama",6.4,1273,movie,tt0080653
Fantastica,1980.0,"Drama,Musical",5.2,164,movie,tt0080718
Fatso,1980.0,"Comedy,Drama,Romance",6.2,2573,movie,tt0080724
Friday the 13th,1980.0,"Horror,Mystery,Thriller",6.4,176697,movie,tt0080761
Haywire,1980.0,"Biography,Drama",6.5,174,tvMovie,tt0080849
Head On,1980.0,Drama,4.0,168,movie,tt0080851
Insatiable,1980.0,"Adult,Drama",6.3,718,movie,tt0080927
The Island,1980.0,"Action,Adventure,Drama",5.3,5202,movie,tt0080934
Heartbreak High,1981.0,Comedy,3.2,189,movie,tt0081001
Love,1980.0,Drama,5.3,55,movie,tt0081022
Maniac,1980.0,"Crime,Drama,Horror",6.3,22693,movie,tt0081114
Ordinary People,1980.0,Drama,7.7,62530,movie,tt0081283
Playing for Time,1980.0,"Drama,Music",7.3,3030,tvMovie,tt0081344
Popeye,1980.0,"Adventure,Comedy,Family",5.4,38021,movie,tt0081353
Prom Night,1980.0,"Horror,Mystery,Thriller",5.3,24208,movie,tt0081383
Raging Bull,1980.0,"Biography,Drama,Sport",8.1,413306,movie,tt0081398
Simon,1980.0,"Comedy,Sci-Fi",6.3,1157,movie,tt0081518
The Liar,1981.0,"Comedy,Drama",6.8,674,movie,tt0081701
Blood Money,1981.0,"Drama,Thriller",7.7,43,tvSeries,tt0081833
The Borgias,1981.0,"Biography,Drama,History",7.3,237,tvMiniSeries,tt0081835
Danger Mouse,1981.0,"Action,Adventure,Animation",7.4,4311,tvSeries,tt0081848
Dynasty,1981.0,"Drama,Romance",6.4,9448,tvSeries,tt0081856
Roots,1981.0,Comedy,6.8,29,tvSeries,tt0081923
The Smurfs,1981.0,"Adventure,Animation,Comedy",7.2,23858,tvSeries,tt0081933
Solo,1981.0,Comedy,6.8,147,tvSeries,tt0081934
Amy,1981.0,"Drama,Family",6.4,717,movie,tt0082017
Arthur,1981.0,"Comedy,Romance",6.9,33961,movie,tt0082031
Bad Blood,1981.0,"Drama,Thriller",6.5,484,movie,tt0082043
Chashme Buddoor,1981.0,"Comedy,Family,Romance",7.9,2900,movie,tt0082162
The Chosen,1981.0,Drama,7.2,2667,movie,tt0082175
Clash of the Titans,1981.0,"Action,Adventure,Fantasy",6.9,51985,movie,tt0082186
The Cruise,1981.0,Comedy,7.2,368,movie,tt0082216
Deep Water,1981.0,"Crime,Drama",6.6,1232,movie,tt0082309
Family Reunion,1981.0,Drama,7.2,672,tvMovie,tt0082360
Heartland,1979.0,"Drama,Western",7.2,1510,movie,tt0082508
High Risk,1981.0,"Action,Comedy,Crime",5.6,1410,movie,tt0082516
Kaalia,1981.0,"Action,Drama",6.7,1943,movie,tt0082594
Nothing to Hide,1981.0,"Adult,Comedy,Drama",6.0,270,movie,tt0082824
Outside In,1981.0,Documentary,6.3,34,movie,tt0082871
Quartet,1981.0,"Drama,Romance",6.2,2221,movie,tt0082964
Requiem,1982.0,Drama,6.9,260,movie,tt0082988
Stripes,1981.0,"Comedy,War",6.8,86722,movie,tt0083131
The Outsider,1981.0,Drama,6.4,744,movie,tt0083151
Winter of Our Dreams,1981.0,"Drama,Romance",6.3,396,movie,tt0083331
Cheers,1982.0,"Comedy,Drama",8.0,68812,tvSeries,tt0083399
It Takes Two,1982.0,Comedy,6.6,138,tvSeries,tt0083431
Marco Polo,1982.0,"Adventure,Biography,Drama",7.7,1441,tvMiniSeries,tt0083446
The Angel,1982.0,"Animation,Fantasy",7.2,742,movie,tt0083559
The Prom,2002.0,Documentary,6.2,192,movie,tt0083612
The Challenge,1982.0,"Action,Drama",6.2,3039,movie,tt0083726
Private Life,1982.0,Drama,6.9,308,movie,tt0083732
The Dark Crystal,1982.0,"Adventure,Family,Fantasy",7.1,77824,movie,tt0083791
Domino,1982.0,Drama,6.8,43,movie,tt0083842
The Evil Dead,1981.0,Horror,7.3,256286,movie,tt0083907
An Egyptian Story,1982.0,Drama,7.3,1469,movie,tt0084042
Hero,1982.0,"Adventure,Drama,Fantasy",5.7,57,movie,tt0084065
Little Dragon Maiden,1983.0,"Action,Fantasy,Romance",6.0,400,movie,tt0084256
Love,1982.0,Drama,5.2,49,movie,tt0084271
Les Misérables,1982.0,Drama,7.3,1197,movie,tt0084340
Moonlight,1982.0,Action,6.9,24,tvMovie,tt0084353
Namak Halaal,1982.0,"Action,Comedy,Drama",7.2,3148,movie,tt0084385
It Takes Two,1982.0,Comedy,6.0,39,movie,tt0084386
The Paramedic,1982.0,Comedy,5.4,185,movie,tt0084471
Interrogation,1989.0,"Crime,Drama,Thriller",7.9,4102,movie,tt0084548
Puss in Boots,1983.0,"Comedy,Drama,Musical",7.3,26,tvMovie,tt0084554
The Rainmaker,1982.0,Drama,6.4,168,tvMovie,tt0084568
Rocky III,1982.0,"Drama,Sport",6.9,231955,movie,tt0084602
Satte Pe Satta,1982.0,"Action,Comedy,Drama",7.2,4037,movie,tt0084630
Legendary Weapons of China,1982.0,"Action,Comedy,Drama",6.8,2072,movie,tt0084671
"Sister, Sister",1982.0,"Drama,Family",7.9,229,tvMovie,tt0084688
Sweeney Todd: The Demon Barber of Fleet Street,1982.0,"Drama,Horror,Musical",8.3,4134,tvMovie,tt0084747
Five Elements Ninjas,1982.0,"Action,Drama",7.2,3620,movie,tt0084921
Inspector Gadget,1983.0,"Action,Adventure,Animation",6.8,25669,tvSeries,tt0085033
Loving,1983.0,"Drama,Romance",7.1,439,tvSeries,tt0085049
Mansfield Park,1983.0,"Drama,Romance",6.7,1348,tvMiniSeries,tt0085052
Now and Then,1983.0,Comedy,7.2,14,tvSeries,tt0085066
The Eighties,1983.0,"Documentary,Musical",6.9,206,movie,tt0085172
Baby,1984.0,Drama,6.5,49,movie,tt0085205
Bad Boys,1983.0,"Crime,Drama,Thriller",7.2,18994,movie,tt0085210
Buddies,1983.0,"Comedy,Drama",6.1,157,movie,tt0085278
Champions,1984.0,"Biography,Drama,Romance",6.5,833,movie,tt0085320
Christine,1983.0,"Horror,Thriller",6.8,103656,movie,tt0085333
Scarecrow,1984.0,Drama,7.7,2137,movie,tt0085335
Delirium,1983.0,,4.2,8,movie,tt0085419
Desire,1982.0,Drama,5.8,11,movie,tt0085429
The Fighter,1983.0,Drama,5.9,63,tvMovie,tt0085537
Hero,1983.0,Drama,5.7,138,movie,tt0085674
Theater of Life,1983.0,Drama,7.2,32,movie,tt0085757
Joy,1983.0,Drama,4.9,314,movie,tt0085763
Katha,1983.0,"Comedy,Drama",7.7,1496,movie,tt0085776
Kings,1983.0,,8.8,9,tvSeries,tt0085796
Tramps,1983.0,Drama,6.2,42,movie,tt0085834
Lovesick,1983.0,"Comedy,Fantasy,Romance",5.2,1008,movie,tt0085873
Skyline,1983.0,Comedy,5.9,194,movie,tt0085880
Mandi,1983.0,"Comedy,Drama",7.5,1096,movie,tt0085896
The Outsider,1983.0,"Action,Crime,Drama",6.4,4029,movie,tt0085900
Masoom,1983.0,"Drama,Family",8.3,4787,movie,tt0085913
Possessed,1983.0,"Crime,Horror,Mystery",5.8,150,movie,tt0085928
On the Wrong Track,1983.0,"Action,Drama",5.4,170,movie,tt0086047
The Outsiders,1983.0,"Crime,Drama",7.0,110918,movie,tt0086066
The Phantom of the Opera,1983.0,"Drama,Horror",5.5,491,tvMovie,tt0086101
Pukar,1983.0,"Action,Drama,Musical",5.8,414,movie,tt0086156
Sadma,1983.0,"Drama,Romance",8.3,3925,movie,tt0086230
Sahara,1983.0,"Adventure,Drama",4.9,2445,movie,tt0086232
Scream,1981.0,"Horror,Mystery",2.7,1231,movie,tt0086262
Seventeen,1983.0,Documentary,7.6,241,movie,tt0086290
Black Crows,1983.0,"Drama,Romance",4.6,24,movie,tt0086398
Closed Circuit,1983.0,"Drama,Thriller",6.6,111,movie,tt0086402
Undercover,1983.0,"Comedy,History",6.8,127,movie,tt0086511
Blood Money,1983.0,Drama,5.7,31,movie,tt0086611
Brothers,1984.0,Comedy,8.0,449,tvSeries,tt0086677
Highway to Heaven,1984.0,"Drama,Fantasy",6.9,7728,tvSeries,tt0086730
The Master,1984.0,"Action,Adventure,Drama",4.6,1767,tvSeries,tt0086756
Shaka Zulu,1986.0,"Action,Biography,Drama",7.7,3637,tvMiniSeries,tt0086798
The Black Room,1982.0,"Horror,Thriller",4.9,1024,movie,tt0086971
Blind Date,1984.0,"Horror,Sci-Fi,Thriller",4.9,1566,movie,tt0086978
Born Beautiful,1982.0,Drama,6.1,99,tvMovie,tt0086991
Cold Feet,1983.0,Comedy,5.1,67,movie,tt0087070
The Fix,1985.0,"Action,Crime,Drama",5.3,42,movie,tt0087264
For Love or Money,1984.0,Comedy,5.4,47,tvMovie,tt0087278
Lolita,1984.0,"Comedy,Drama",5.0,61,movie,tt0087292
Heartbreakers,1984.0,Drama,6.2,750,movie,tt0087397
Hot Property,1983.0,Drama,7.0,11,movie,tt0087426
Iceman,1984.0,"Drama,Sci-Fi",6.2,6579,movie,tt0087452
Indiana Jones and the Temple of Doom,1984.0,"Action,Adventure",7.5,572938,movie,tt0087469
The Karate Kid,1984.0,"Action,Drama,Family",7.4,274182,movie,tt0087538
The Keepers,1984.0,Drama,8.2,8,tvSeries,tt0087546
The Occupant,1984.0,"Comedy,Horror",5.3,417,movie,tt0087625
Much Ado About Nothing,1984.0,"Comedy,Romance",7.9,312,tvMovie,tt0087752
The Natural,1984.0,"Drama,Sport",7.4,58278,movie,tt0087781
One Night Stand,1984.0,"Comedy,Drama,Music",6.1,299,movie,tt0087844
Out of Time,1984.0,"Biography,Drama",4.4,9,tvMovie,tt0087861
Polar,1984.0,"Crime,Thriller",5.9,170,movie,tt0087927
Prince Charming,1984.0,"Comedy,Romance",5.4,160,movie,tt0087960
A Family Affair,1984.0,"Comedy,Drama",6.4,107,movie,tt0087963
Red Dawn,1984.0,"Action,Drama,Thriller",6.4,69445,movie,tt0087985
Life,1984.0,Drama,7.9,105,movie,tt0087992
The Roommate,1984.0,Comedy,6.6,77,tvMovie,tt0088016
Lost in the Sahara,1984.0,Drama,7.5,50,movie,tt0088032
Solo,1984.0,"Drama,Family",6.5,67,movie,tt0088147
Supergirl,1984.0,"Action,Adventure,Fantasy",4.4,26047,movie,tt0088206
Velvet,1984.0,"Action,Drama",5.8,74,tvMovie,tt0088343
Why Me?,1984.0,Drama,7.0,331,tvMovie,tt0088398
Zero,1984.0,"Drama,War",6.1,101,movie,tt0088449
Blind Date,1985.0,"Game-Show,Romance",5.4,217,tvSeries,tt0088486
The Mistress,1985.0,Comedy,5.8,79,tvSeries,tt0088569
Robotech,1985.0,"Action,Adventure,Animation",8.5,4348,tvSeries,tt0088595
Into the Night,1985.0,Drama,5.8,33,movie,tt0088696
Behind Enemy Lines,1985.0,"Drama,War",5.6,99,tvMovie,tt0088783
Buddies,1985.0,"Drama,History,Romance",7.5,1025,movie,tt0088864
Cat on a Hot Tin Roof,1984.0,Drama,6.7,635,tvMovie,tt0088888
Secret Obsession,1989.0,Drama,5.6,116,movie,tt0088900
The Runner,1984.0,Drama,7.6,2950,movie,tt0088992
Déjà Vu,1985.0,Drama,4.8,307,movie,tt0089065
The Chosen One,1985.0,Thriller,6.0,73,movie,tt0089078
Why Me?,1985.0,Drama,6.9,177,movie,tt0089259
Into the Night,1985.0,"Action,Comedy,Crime",6.4,14927,movie,tt0089346
The Laundromat,1985.0,Drama,6.9,111,tvMovie,tt0089464
Legend,1985.0,"Adventure,Fantasy,Romance",6.3,80533,movie,tt0089469
Lost in London,1985.0,Drama,6.8,107,tvMovie,tt0089505
Maria,1986.0,Drama,4.3,19,movie,tt0089553
Medium,1985.0,"Horror,Mystery,Thriller",6.5,813,movie,tt0089574
The Miracle,1985.0,,6.9,22,tvMovie,tt0089597
Mischief,1985.0,"Comedy,Romance",6.5,7744,movie,tt0089601
Playing with Fire,1985.0,"Crime,Drama",6.0,117,tvMovie,tt0089815
The Protector,1985.0,"Action,Crime,Thriller",5.7,6051,movie,tt0089847
Remember Me,1985.0,"Mystery,Thriller",5.6,42,tvMovie,tt0089900
Rocky IV,1985.0,"Drama,Sport",6.9,248902,movie,tt0089927
Vagabond,1985.0,Drama,7.6,16101,movie,tt0089960
She,1984.0,"Action,Adventure,Fantasy",4.8,2357,movie,tt0090009
The Island,1985.0,"Horror,Thriller",6.2,172,movie,tt0090012
Sylvia,1985.0,"Biography,Drama",6.7,66,movie,tt0090113
Target,1985.0,"Action,Adventure,Crime",5.9,5623,movie,tt0090130
"Trikal (Past, Present, Future)",1985.0,Drama,7.0,353,movie,tt0090202
White Nights,1985.0,"Drama,Music",6.7,9171,movie,tt0090319
Mr. Sunshine,1986.0,Comedy,6.8,42,tvSeries,tt0090486
Our House,1986.0,"Drama,Family",7.2,1009,tvSeries,tt0090496
Pee-wee's Playhouse,1986.0,"Comedy,Family,Musical",8.2,6380,tvSeries,tt0090500
Voyeur,1986.0,Comedy,7.4,2723,movie,tt0090579
Act of Vengeance,1986.0,"Biography,Crime,Drama",6.0,918,tvMovie,tt0090588
Adam: His Song Continues,1986.0,"Crime,Drama",7.2,260,tvMovie,tt0090589
An American Tail,1986.0,"Adventure,Animation,Comedy",6.9,62036,movie,tt0090633
Back to School,1986.0,"Comedy,Romance,Sport",6.7,39958,movie,tt0090685
Bad Guys,1986.0,Comedy,4.5,175,movie,tt0090688
Captive,1986.0,"Crime,Thriller",4.6,345,movie,tt0090795
The Climb,1986.0,Adventure,6.2,135,movie,tt0090851
Closed Circuit,1986.0,,5.7,9,movie,tt0090854
Desire,1984.0,Drama,4.0,30,movie,tt0090935
Ferris Bueller's Day Off,1986.0,Comedy,7.8,419839,movie,tt0091042
Gimme Shelter,1986.0,"Comedy,Drama,Horror",5.7,150,movie,tt0091112
Bad Blood,1986.0,"Crime,Drama,Romance",7.1,10289,movie,tt0091497
Martial Arts of Shaolin,1986.0,"Action,Comedy,Drama",6.4,2846,movie,tt0091607
Once Again,1987.0,"Comedy,Drama,Romance",6.3,33,tvMovie,tt0091679
Ordinary Heroes,1986.0,"Drama,War",6.7,143,tvMovie,tt0091693
P.O.W. the Escape,1986.0,"Action,Adventure,Drama",5.0,917,movie,tt0091713
Platoon,1986.0,"Drama,War",8.0,476186,movie,tt0091763
Playing for Keeps,1986.0,Comedy,4.4,804,movie,tt0091767
River's Edge,1986.0,"Crime,Drama",6.8,23707,movie,tt0091860
She's Gotta Have It,1986.0,"Comedy,Romance",6.7,17823,movie,tt0091939
The Worst Witch,1986.0,"Comedy,Family,Fantasy",6.8,3505,tvMovie,tt0092239
Brotherhood,1986.0,"Action,Crime,Drama",6.3,75,movie,tt0092251
The Last Resort,1988.0,Drama,7.4,10,tvSeries,tt0092390
Star Trek: The Next Generation,1987.0,"Action,Adventure,Drama",8.7,151217,tvSeries,tt0092455
Backfire,1987.0,"Drama,Mystery,Thriller",5.4,764,movie,tt0092609
Bates Motel,1987.0,"Comedy,Drama,Horror",3.8,2131,tvMovie,tt0092622
Blind Date,1987.0,"Comedy,Romance",6.0,26143,movie,tt0092666
Case Closed,1988.0,"Action,Crime,Drama",5.5,133,tvMovie,tt0092731
Dance Academy,1988.0,Music,5.6,112,movie,tt0092820
Dandy,1988.0,"Documentary,Music",6.9,89,movie,tt0092824
Eddie Murphy: Raw,1987.0,"Comedy,Documentary",7.6,21954,movie,tt0092948
The Family,1987.0,"Drama,Romance",7.4,2828,movie,tt0093004
The Fighter,1989.0,"Action,Drama",4.4,187,movie,tt0093022
Delirium,1987.0,"Horror,Mystery,Thriller",5.7,3076,movie,tt0093043
Funny Boy,1987.0,"Comedy,Drama",4.4,76,movie,tt0093062
Hamburger Hill,1987.0,"Action,Drama,Thriller",6.7,30249,movie,tt0093137
Happy New Year,1987.0,"Comedy,Crime,Horror",5.9,814,movie,tt0093145
Behind Enemy Lines,1987.0,"Action,Drama,War",4.4,205,movie,tt0093345
La Bamba,1987.0,"Biography,Drama,Music",7.0,38831,movie,tt0093378
Lionheart,1987.0,"Adventure,Drama",5.2,1059,movie,tt0093424
Mirage,1987.0,"Action,Adventure",6.9,120,movie,tt0093545
Nightflyers,1987.0,"Horror,Mystery,Sci-Fi",4.3,1538,movie,tt0093626
The Perfect Match,1988.0,"Comedy,Romance",4.9,157,movie,tt0093717
"Sister, Sister",1987.0,"Drama,Mystery,Romance",5.5,1562,movie,tt0093980
Skin,1987.0,Crime,6.0,59,movie,tt0093984
Strange Voices,1987.0,Drama,6.2,486,tvMovie,tt0094052
Teresa,1987.0,Drama,4.2,203,movie,tt0094121
Weeds,1987.0,"Drama,Music",6.1,1016,movie,tt0094304
Mama's Boy,1987.0,,6.0,18,tvSeries,tt0094506
Mystery Science Theater 3000,1988.0,"Comedy,Sci-Fi",8.6,27740,tvSeries,tt0094517
Unsolved Mysteries,1987.0,"Crime,Documentary,Drama",8.3,7467,tvSeries,tt0094574
The Beast of War,1988.0,"Adventure,Drama,War",7.3,11762,movie,tt0094716
The Beat,1988.0,Drama,5.4,236,movie,tt0094717
Big Time,1988.0,"Documentary,Music",8.0,996,movie,tt0094743
Borderline,1988.0,,7.1,11,movie,tt0094784
The Break,1989.0,"Comedy,Crime",6.1,119,movie,tt0094804
Child's Play,1988.0,"Horror,Thriller",6.7,133612,movie,tt0094862
Blood Money,1988.0,"Action,Crime,Drama",4.9,829,tvMovie,tt0094885
Crash,1988.0,,6.1,13,tvMovie,tt0094915
The Truth,1988.0,"Drama,Thriller",6.9,192,movie,tt0095124
Family Reunion,1988.0,Comedy,6.9,41,movie,tt0095131
Friends,1988.0,"Comedy,Drama",5.6,84,movie,tt0095180
The Game,1988.0,"Action,Drama",5.3,59,movie,tt0095196
The Gift,1988.0,Family,5.1,15,tvMovie,tt0095218
Lincoln,1988.0,"Drama,History,War",7.0,493,tvMiniSeries,tt0095242
Gotham,1988.0,Thriller,6.1,1147,tvMovie,tt0095246
Hairspray,1988.0,"Comedy,Drama,Music",7.0,25684,movie,tt0095270
It Takes Two,1988.0,"Comedy,Romance",5.4,1082,movie,tt0095384
Jericho,1991.0,"Adventure,Drama",7.0,205,movie,tt0095394
Killer Klowns from Outer Space,1988.0,"Comedy,Horror,Sci-Fi",6.2,53272,movie,tt0095444
Damnation,1988.0,"Crime,Drama,Romance",7.6,7814,movie,tt0095475
Mystic Pizza,1988.0,"Comedy,Drama,Romance",6.4,37794,movie,tt0095690
The Naked Gun: From the Files of Police Squad!,1988.0,"Comedy,Crime",7.6,225077,movie,tt0095705
Blown Away,1988.0,"Action,Crime,Drama",4.6,143,tvMovie,tt0095714
Painted Faces,1988.0,Drama,7.3,662,movie,tt0095937
Quiet Victory: The Charlie Wedemeyer Story,1988.0,Drama,7.0,196,tvMovie,tt0095945
Rain Man,1988.0,Drama,8.0,588753,movie,tt0095953
Retribution,1987.0,"Horror,Mystery",5.9,1443,movie,tt0095984
School Daze,1988.0,"Comedy,Drama,Musical",6.1,8758,movie,tt0096054
Shooter,1988.0,"Action,Drama",7.1,129,tvMovie,tt0096100
A Stoning in Fulham County,1988.0,"Crime,Drama,Thriller",6.0,521,tvMovie,tt0096179
The Tenth Man,1988.0,"Drama,War",6.8,2337,tvMovie,tt0096243
Time Out,1988.0,Drama,4.3,164,movie,tt0096270
Too Young the Hero,1988.0,"Biography,Drama,War",6.7,634,tvMovie,tt0096286
Winnie,1988.0,"Biography,Drama",7.0,190,tvMovie,tt0096448
The Student,1988.0,"Comedy,Romance",5.8,2687,movie,tt0096523
Bordertown,1989.0,"Adventure,Drama,Western",7.2,269,tvSeries,tt0096551
Heartland,1989.0,Comedy,7.2,54,tvSeries,tt0096609
The Outsiders,1990.0,Drama,7.2,925,tvSeries,tt0096673
The Super Mario Bros. Super Show!,1989.0,"Action,Adventure,Animation",6.3,5472,tvSeries,tt0096707
Teresa,1989.0,"Drama,Romance",7.0,127,tvSeries,tt0096709
Wolf,1989.0,Drama,6.7,61,tvSeries,tt0096731
300 Miles to Heaven,1989.0,"Biography,Drama",7.1,1159,movie,tt0096740
All Dogs Go to Heaven,1989.0,"Adventure,Animation,Comedy",6.8,50020,movie,tt0096787
Bad Blood,1989.0,"Drama,Thriller",4.6,226,movie,tt0096876
Big Time,1989.0,Drama,6.5,67,tvMovie,tt0096927
Black Snow,1989.0,Action,5.0,82,movie,tt0096934
Blaze,1989.0,"Biography,Comedy,Drama",6.0,4478,movie,tt0096943
The Bounty Hunter,1989.0,"Action,Crime",4.4,148,movie,tt0096971
Cappuccino,1989.0,Comedy,5.3,27,movie,tt0097012
Catch Me If You Can,1989.0,"Action,Comedy,Drama",5.9,882,movie,tt0097029
Cold Feet,1989.0,"Comedy,Crime",4.8,507,movie,tt0097076
Dad,1989.0,"Comedy,Drama",6.3,5597,movie,tt0097142
The Killer,1989.0,"Action,Crime,Drama",7.7,56106,movie,tt0097202
Domino,1988.0,Drama,3.5,467,movie,tt0097224
One of Us,1989.0,Drama,7.2,139,movie,tt0097265
Family Business,1989.0,"Crime,Drama",5.8,15037,movie,tt0097328
First and Last,1989.0,"Comedy,Drama",8.0,99,tvMovie,tt0097363
The Forgotten,1989.0,"Action,Drama,Thriller",5.8,122,tvMovie,tt0097379
Money,1989.0,Comedy,5.3,73,movie,tt0097414
Guru,1989.0,Crime,5.7,211,movie,tt0097466
High Score,1990.0,Action,5.6,80,movie,tt0097506
Indiana Jones and the Last Crusade,1989.0,Adventure,8.2,870136,movie,tt0097576
Iris,1987.0,"Comedy,Drama,Mystery",6.4,236,movie,tt0097591
Into the Night,1988.0,"Horror,Mystery",5.2,13,movie,tt0097624
The Little Mermaid,1989.0,"Adventure,Animation,Family",7.6,314903,movie,tt0097757
Little Monsters,1989.0,"Adventure,Comedy,Family",6.1,15554,movie,tt0097758
The Master,1992.0,"Action,Comedy,Crime",5.7,3237,movie,tt0097775
Mujrim,1989.0,"Action,Crime",5.4,308,movie,tt0097926
The Package,1989.0,"Action,Crime,Drama",6.4,14440,movie,tt0098051
Paint It Black,1989.0,"Horror,Thriller",4.8,303,movie,tt0098054
Paprika,1991.0,Drama,5.5,6385,movie,tt0098063
The Phantom of the Opera,1989.0,"Drama,Horror,Music",5.5,4962,movie,tt0098090
The Ranch,1989.0,"Comedy,Romance",5.2,83,movie,tt0098169
Red Dawn,1990.0,"Drama,Thriller",8.0,2439,movie,tt0098214
The Ryan White Story,1989.0,"Biography,Drama",7.2,1117,tvMovie,tt0098237
Scandal,1989.0,"Drama,History",6.5,6043,movie,tt0098260
Doubles Cause Troubles,1989.0,"Comedy,Crime",5.4,219,movie,tt0098313
"Thelonious Monk: Straight, No Chaser",1988.0,"Biography,Documentary,Music",7.5,1488,movie,tt0098465
The Flash,1990.0,"Action,Crime,Fantasy",7.1,8792,tvSeries,tt0098798
Haywire,1990.0,Comedy,8.1,20,tvSeries,tt0098821
House of Cards,1990.0,Drama,8.5,15907,tvMiniSeries,tt0098825
Twin Peaks,1990.0,"Crime,Drama,Mystery",8.7,249986,tvSeries,tt0098936
Time Off,1990.0,"Action,Drama,Romance",6.9,309,movie,tt0098993
Aftershock,1990.0,"Action,Sci-Fi",4.2,471,movie,tt0098996
Agneepath,1990.0,"Action,Crime,Drama",7.6,10059,movie,tt0098999
Babies,1990.0,Drama,6.6,121,tvMovie,tt0099082
Cargo,1990.0,Drama,5.8,45,movie,tt0099221
Challenger,1990.0,"Adventure,Drama",5.9,451,tvMovie,tt0099237
Cursed,1990.0,Horror,3.5,129,movie,tt0099333
In Defense of a Married Man,1990.0,"Crime,Drama",5.6,322,tvMovie,tt0099396
Desire,1990.0,Drama,4.2,165,movie,tt0099407
Dil,1990.0,"Comedy,Drama,Romance",6.6,6202,movie,tt0099429
Enemy,1990.0,"Action,Adventure,Drama",4.3,169,movie,tt0099502
Ghayal,1990.0,"Action,Crime,Drama",7.7,5663,movie,tt0099652
GoodFellas,1990.0,"Biography,Crime,Drama",8.7,1409310,movie,tt0099685
Haven,1990.0,Animation,6.7,13,movie,tt0099748
The Secret,1990.0,"Adventure,Family,Thriller",6.1,54,movie,tt0099760
Home for Christmas,1990.0,"Drama,Family",5.6,268,tvMovie,tt0099787
Homeland,1990.0,Documentary,7.4,41,movie,tt0099788
The Incident,1990.0,Drama,7.2,914,tvMovie,tt0099842
Alexandria: Again and Forever,1989.0,Drama,6.6,908,movie,tt0099858
Jacob's Ladder,1990.0,"Drama,Horror,Mystery",7.4,130635,movie,tt0099871
Mr. Sunshine,1989.0,"Comedy,Crime,Sci-Fi",6.2,37,movie,tt0099912
Kaleidoscope,1990.0,"Drama,Romance",5.9,484,tvMovie,tt0099915
Lionheart,1990.0,"Action,Crime,Drama",6.2,43599,movie,tt0100029
Maine Pyar Kiya,1989.0,"Drama,Musical,Romance",7.3,14091,movie,tt0100095
Mirror Mirror,1990.0,"Horror,Thriller",5.5,2742,movie,tt0100156
Mom,1990.0,"Comedy,Fantasy,Horror",5.3,1084,movie,tt0100172
Money,1991.0,"Drama,Thriller",5.0,246,movie,tt0100175
Paris Is Burning,1990.0,Documentary,8.2,21637,movie,tt0100332
The Phantom of the Opera,1990.0,"Drama,Music,Mystery",7.4,1992,tvMiniSeries,tt0100361
Revenge,1990.0,"Action,Crime,Drama",6.2,22967,movie,tt0100485
Rocky V,1990.0,"Drama,Sport",5.4,163737,movie,tt0100507
The Take,1990.0,"Crime,Drama",5.3,62,tvMovie,tt0100739
Teenage Mutant Ninja Turtles,1990.0,"Action,Adventure,Comedy",6.8,113471,movie,tt0100758
Total Recall,1990.0,"Action,Adventure,Sci-Fi",7.5,384342,movie,tt0100802
Tremors,1990.0,"Comedy,Horror",7.2,167843,movie,tt0100814
Unspeakable Acts,1990.0,"Biography,Drama",6.2,628,tvMovie,tt0100848
Whispers,1990.0,"Horror,Mystery,Thriller",4.5,755,movie,tt0100926
Why Me?,1990.0,"Action,Adventure,Comedy",5.7,1655,movie,tt0100931
Zoo,1988.0,"Adventure,Drama",5.6,68,movie,tt0101021
All Together Now,1991.0,Comedy,7.1,281,tvSeries,tt0101036
Sisters,1991.0,Drama,7.5,2625,tvSeries,tt0101199
Al acecho,1987.0,Crime,7.0,30,movie,tt0101287
An American Tail: Fievel Goes West,1991.0,"Adventure,Animation,Comedy",6.5,30469,movie,tt0101329
Captive,1991.0,Thriller,5.6,252,tvMovie,tt0101544
The Chase,1991.0,"Crime,Drama",5.0,226,tvMovie,tt0101566
Drive,1991.0,Drama,6.5,72,movie,tt0101773
The Perfect Match,1991.0,"Comedy,Romance",5.5,118,movie,tt0101924
The Hard Way,1991.0,"Action,Comedy,Crime",6.4,24149,movie,tt0102004
Hook,1991.0,"Adventure,Comedy,Family",6.8,294249,movie,tt0102057
Out of Life,1991.0,"Crime,Drama,War",6.8,547,movie,tt0102058
In Between,1991.0,"Comedy,Drama,Fantasy",5.5,154,movie,tt0102105
Into the Badlands,1991.0,"Horror,Western",5.3,421,tvMovie,tt0102125
Jailbirds,1991.0,"Action,Comedy",6.4,85,tvMovie,tt0102146
Joker,1991.0,"Comedy,Crime",4.7,994,movie,tt0102166
U-Turn,1991.0,"Action,Crime,Drama",6.1,87,movie,tt0102224
The Last Boy Scout,1991.0,"Action,Comedy,Crime",7.0,121862,movie,tt0102266
Love,1991.0,"Drama,Romance",7.0,345,movie,tt0102361
The Bachelor,1990.0,Drama,6.3,153,movie,tt0102449
The Miracle,1991.0,"Drama,Mystery,Romance",6.4,836,movie,tt0102450
Nowhere Man,1991.0,"Comedy,Drama",6.7,130,movie,tt0102480
My Girl,1991.0,"Comedy,Drama,Family",6.9,99137,movie,tt0102492
Revenge,1989.0,"Drama,History",7.2,815,movie,tt0102497
Night on Earth,1991.0,"Comedy,Drama",7.6,71624,movie,tt0102536
Perfume,1991.0,Drama,7.0,31,movie,tt0102657
Take Me,1991.0,"Comedy,Fantasy,Romance",5.4,70,movie,tt0102736
Quigley Down Under,1990.0,"Action,Adventure,Drama",6.9,27689,movie,tt0102744
Kurbaan,1991.0,"Action,Drama,Romance",4.3,778,movie,tt0102746
Center Stage,1991.0,"Biography,Drama,Romance",7.4,3240,movie,tt0102816
Run,1991.0,"Action,Drama,Thriller",6.2,3488,movie,tt0102818
Solo,1991.0,"Comedy,Drama",5.9,17,movie,tt0102957
The Super,1991.0,Comedy,5.7,7117,movie,tt0103007
Teenage Mutant Ninja Turtles II: The Secret of the Ooze,1991.0,"Action,Adventure,Comedy",6.1,65145,movie,tt0103060
Waiting,1991.0,Drama,6.8,82,movie,tt0103231
White Fang,1991.0,"Adventure,Drama,Family",6.7,24438,movie,tt0103247
First Love,1992.0,"Drama,Family,Romance",7.5,67,tvMiniSeries,tt0103421
The Little Mermaid,1992.0,"Adventure,Animation,Comedy",6.8,7025,tvSeries,tt0103477
The Show,1992.0,"Comedy,Music",5.8,36,tvMiniSeries,tt0103545
Another Life,1992.0,"Comedy,Drama,Romance",7.5,107,movie,tt0103658
Bad Blood,1992.0,Drama,5.2,12,movie,tt0103756
Basic Instinct,1992.0,"Drama,Mystery,Romance",7.1,246447,movie,tt0103772
Bebe's Kids,1992.0,"Animation,Comedy,Fantasy",5.9,5906,movie,tt0103783
Blown Away,1993.0,"Action,Drama,Mystery",5.1,5145,tvMovie,tt0103843
Dracula,1992.0,"Fantasy,Horror,Romance",7.4,270346,movie,tt0103874
The Bridge,1991.0,"Drama,Romance",6.8,158,movie,tt0103881
Candyman,1992.0,"Horror,Thriller",6.8,110274,movie,tt0103919
Canvas,1992.0,"Crime,Drama",4.3,178,movie,tt0103920
City of Joy,1992.0,"Crime,Drama",6.5,6035,movie,tt0103976
Like Water for Chocolate,1992.0,"Drama,Romance",7.1,20617,movie,tt0103994
The Crying Game,1992.0,"Crime,Drama,Romance",7.2,63814,movie,tt0104036
Daughters of the Dust,1991.0,"Drama,History,Romance",6.7,3911,movie,tt0104057
Detour,1992.0,"Crime,Drama,Mystery",5.3,71,movie,tt0104093
What's Up?,1992.0,"Comedy,Sci-Fi",5.7,280,movie,tt0104106
Double Jeopardy,1992.0,"Drama,Thriller",5.4,839,tvMovie,tt0104132
Casino Tycoon,1992.0,"Action,Crime,Drama",5.9,556,movie,tt0104145
Equinox,1992.0,"Crime,Drama,Mystery",5.6,1436,movie,tt0104201
The Healer,1994.0,Drama,6.9,30,tvMovie,tt0104399
Hero,1992.0,"Comedy,Drama,Romance",6.5,25347,movie,tt0104412
Howards End,1992.0,"Drama,Romance",7.3,38990,movie,tt0104454
It's Now or Never,1992.0,Drama,6.1,38,movie,tt0104535
Cyber Eden,1992.0,"Comedy,Sci-Fi",4.4,204,movie,tt0104540
Handsome Siblings,1992.0,"Action,Comedy,Romance",5.8,521,movie,tt0104572
Child's Play,1992.0,Drama,7.2,244,movie,tt0104615
Horror Story,1993.0,"Adventure,Comedy,Fantasy",6.3,141,movie,tt0104643
The Last Days of Chez Nous,1992.0,"Comedy,Drama,Romance",6.5,1114,movie,tt0104685
Lincoln,1992.0,"Biography,History",6.9,382,tvMovie,tt0104732
Little Sister,1992.0,Comedy,5.6,384,movie,tt0104741
October 32nd,1992.0,"Action,Adventure,Fantasy",3.5,235,movie,tt0104855
Nails,1992.0,"Action,Crime,Drama",5.4,556,tvMovie,tt0104966
Narcos,1992.0,Drama,7.1,159,movie,tt0104971
Passenger 57,1992.0,"Action,Crime,Thriller",5.9,54062,movie,tt0105104
Patriot Games,1992.0,"Action,Thriller",6.8,129370,movie,tt0105112
The Player,1992.0,"Comedy,Crime,Drama",7.5,72900,movie,tt0105151
Prague,1992.0,Drama,6.2,105,movie,tt0105160
The Prom,1992.0,Drama,5.9,129,movie,tt0105180
Revenge,1992.0,,6.2,10,movie,tt0105250
Rich in Love,1992.0,Drama,6.1,978,movie,tt0105256
Heartbreakers,1992.0,"Comedy,Romance",5.4,17,movie,tt0105274
The Runner,1992.0,"Action,Thriller",4.5,113,movie,tt0105296
Desire,1992.0,"Drama,Romance",6.1,1334,movie,tt0105306
March Comes in Like a Lion,1991.0,Drama,6.7,417,movie,tt0105312
The Secret,1992.0,Drama,6.1,220,tvMovie,tt0105343
"Justice, My Foot!",1992.0,"Action,Comedy,Crime",6.8,3496,movie,tt0105385
Strictly Ballroom,1992.0,"Comedy,Drama,Music",7.2,31237,movie,tt0105488
Sweetheart,1992.0,"Comedy,Crime,Drama",6.0,459,movie,tt0105626
Twogether,1992.0,"Comedy,Drama,Romance",4.6,304,movie,tt0105670
Ultraviolet,1992.0,"Action,Thriller",5.0,215,movie,tt0105681
Vagabond,1992.0,,7.3,53,movie,tt0105718
Queen,1993.0,"Biography,Drama,Romance",7.6,1900,tvMiniSeries,tt0105937
Case Closed,1993.0,,8.6,421,tvSeries,tt0105968
Frasier,1993.0,Comedy,8.2,103950,tvSeries,tt0106004
Mighty Morphin Power Rangers,1993.0,"Action,Adventure,Family",6.6,26488,tvSeries,tt0106064
Paradise Beach,1993.0,Drama,6.6,148,tvSeries,tt0106095
Star Trek: Deep Space Nine,1993.0,"Action,Adventure,Drama",8.1,78213,tvSeries,tt0106145
Tales of the City,1993.0,"Drama,Mystery,Romance",8.3,4642,tvMiniSeries,tt0106148
Adrift,1993.0,"Crime,Drama,Thriller",5.6,453,tvMovie,tt0106222
Angel Eyes,1993.0,"Crime,Drama,Horror",4.5,606,movie,tt0106278
Remember,1993.0,Drama,6.2,100,tvMovie,tt0106355
The Mad Monk,1993.0,"Comedy,Fantasy",6.2,2516,movie,tt0106538
The Bare-Footed Kid,1993.0,"Action,Drama",6.4,1126,movie,tt0106552
First Love,1993.0,"Drama,Romance",7.1,67,movie,tt0106568
Class of '61,1993.0,"Action,Drama",5.5,514,tvMovie,tt0106578
The Last Dance,1993.0,"Comedy,Drama",6.9,343,movie,tt0106651
A Dangerous Woman,1993.0,"Drama,Romance",5.7,1988,movie,tt0106661
Daybreak,1993.0,"Action,Drama,Romance",5.0,2090,tvMovie,tt0106676
Ultimate Desire,1993.0,Thriller,4.3,287,movie,tt0106706
Entangled,1993.0,"Crime,Drama,Thriller",4.0,538,movie,tt0106822
Fearless,1993.0,"Drama,Thriller",7.0,26383,movie,tt0106881
For Love or Money,1993.0,"Comedy,Drama,Romance",6.2,16891,movie,tt0106941
Free Willy,1993.0,"Adventure,Drama,Family",6.1,90184,movie,tt0106965
Friends,1993.0,"Crime,Drama",6.2,184,movie,tt0106968
Girlfriends,1993.0,"Comedy,Crime,Horror",3.8,92,movie,tt0107014
Gumrah,1993.0,"Action,Crime,Drama",6.1,1164,movie,tt0107060
Gypsy,1993.0,"Biography,Comedy,Drama",7.2,2478,tvMovie,tt0107065
The Heartbreak Kid,1993.0,"Drama,Romance",6.2,770,movie,tt0107093
Heidi,1993.0,"Drama,Family",7.1,2184,tvMiniSeries,tt0107099
Hostages,1992.0,Drama,6.9,335,tvMovie,tt0107141
House of Cards,1993.0,Drama,6.1,3092,movie,tt0107148
Just Friends,1993.0,"Drama,Music",6.3,87,movie,tt0107291
Khalnayak,1993.0,"Action,Adventure,Crime",7.1,4304,movie,tt0107311
Marriage Story,1992.0,"Comedy,Romance",6.1,86,movie,tt0107347
Money for Nothing,1993.0,"Comedy,Crime,Drama",5.7,4746,movie,tt0107594
Much Ado About Nothing,1993.0,"Comedy,Drama,Romance",7.3,56113,movie,tt0107616
The Neighbor,1992.0,Drama,6.9,147,movie,tt0107647
Naked,1993.0,"Comedy,Drama",7.6,49267,movie,tt0107653
The Neighbor,1993.0,"Horror,Thriller",5.5,560,movie,tt0107666
The Pelican Brief,1993.0,"Crime,Drama,Mystery",6.6,105199,movie,tt0107798
Philadelphia,1993.0,Drama,7.7,276370,movie,tt0107818
Rapture,1993.0,Drama,4.3,125,tvMovie,tt0107923
Save Me,1994.0,"Mystery,Thriller",4.2,1281,movie,tt0108045
Schindler's List,1993.0,"Biography,Drama,History",9.0,1599880,movie,tt0108052
Searching for Bobby Fischer,1993.0,"Biography,Drama,Sport",7.3,45009,movie,tt0108065
Sliver,1993.0,"Drama,Thriller",5.1,37980,movie,tt0108162
Strike a Pose,1993.0,Thriller,3.7,166,movie,tt0108237
Tango,1993.0,"Comedy,Crime",6.2,1453,movie,tt0108290
The Trial,1993.0,"Drama,Thriller",6.0,2685,movie,tt0108388
The Trust,1993.0,"Crime,Drama,History",5.6,83,movie,tt0108401
Bad Blood,1994.0,"Action,Drama",4.7,629,movie,tt0108495
What's Eating Gilbert Grape,1993.0,Drama,7.7,270890,movie,tt0108550
Zoo,1993.0,Documentary,7.2,180,movie,tt0108662
Drive,1994.0,,8.3,6,tvSeries,tt0108754
Friends,1994.0,"Comedy,Romance",8.8,1204923,tvSeries,tt0108778
The Game,1994.0,Thriller,6.2,25,movie,tt0108782
Heartbreak High,1994.0,"Drama,Romance",7.8,3920,tvSeries,tt0108800
The Magic School Bus,1994.0,"Adventure,Animation,Comedy",7.8,12866,tvSeries,tt0108847
The Pink Panther,1993.0,"Adventure,Animation,Comedy",6.9,2094,tvSeries,tt0108895
"Sister, Sister",1994.0,"Comedy,Drama,Family",6.4,14800,tvSeries,tt0108927
V.R. Troopers,1994.0,"Action,Adventure,Family",5.7,1252,tvSeries,tt0108978
Wild Oats,1994.0,Comedy,4.3,43,tvSeries,tt0108990
Amateur,1994.0,"Comedy,Crime,Drama",6.7,7498,movie,tt0109093
Andaz Apna Apna,1994.0,"Action,Comedy,Romance",8.0,58232,movie,tt0109117
Blown Away,1994.0,"Action,Crime,Drama",6.3,37164,movie,tt0109303
The Box,1994.0,"Comedy,Drama",6.9,445,movie,tt0109366
The Chase,1994.0,"Action,Adventure,Comedy",5.9,20784,movie,tt0109402
The Club,1994.0,Horror,4.4,634,movie,tt0109449
In Between,1994.0,"Comedy,Drama,Romance",6.7,99,movie,tt0109471
The Crew,1994.0,"Drama,Thriller",4.1,719,movie,tt0109498
The Crow,1994.0,"Action,Crime,Drama",7.5,233124,movie,tt0109506
Natural Selection,1994.0,"Horror,Mystery,Sci-Fi",5.3,230,tvMovie,tt0109547
Dark Waters,1993.0,"Drama,Horror,Mystery",5.9,3648,movie,tt0109550
Dirty Money,1994.0,Action,4.9,113,movie,tt0109632
Disclosure,1994.0,"Drama,Thriller",6.2,58767,movie,tt0109635
The Flintstones,1994.0,"Comedy,Family,Fantasy",5.1,93059,movie,tt0109813
Four Weddings and a Funeral,1994.0,"Comedy,Drama,Romance",7.1,184014,movie,tt0109831
The Square,1995.0,Documentary,7.0,27,movie,tt0109948
Heartland,1994.0,Drama,7.5,160,tvMiniSeries,tt0110004
Intersection,1994.0,"Drama,Romance",5.4,9654,movie,tt0110146
The Violin Player,1994.0,"Comedy,Drama",7.4,96,movie,tt0110210
The Jungle Book,1994.0,"Adventure,Family,Fantasy",6.1,20219,movie,tt0110213
Kabhi Haan Kabhi Naa,1994.0,"Comedy,Drama,Music",7.6,20484,movie,tt0110222
Dark Waters,1994.0,"Fantasy,Horror",5.8,241,movie,tt0110242
The Last Word,1995.0,"Crime,Drama,Thriller",4.8,492,movie,tt0110313
The Lovers,1994.0,"Comedy,Drama,Fantasy",7.3,1160,movie,tt0110340
Loaded,1994.0,"Drama,Mystery,Thriller",4.5,603,movie,tt0110374
The Emigrant,1994.0,Drama,6.5,1240,movie,tt0110545
The Monster,1994.0,"Comedy,Crime,Mystery",7.3,12593,movie,tt0110570
The Next Karate Kid,1994.0,"Action,Drama,Family",4.6,38554,movie,tt0110657
Nothing to Lose,1994.0,"Action,Crime,Drama",5.9,80,movie,tt0110693
The Paper,1994.0,"Comedy,Drama",6.7,17518,movie,tt0110771
Love on Delivery,1994.0,"Action,Comedy,Romance",6.9,4366,movie,tt0110852
Pulp Fiction,1994.0,"Crime,Drama",8.8,2462083,movie,tt0110912
The Green Hornet,1994.0,"Action,Adventure,Fantasy",4.3,125,movie,tt0110926
Richie Rich,1994.0,"Comedy,Family",5.5,79969,movie,tt0110989
The River Wild,1994.0,"Adventure,Crime,Thriller",6.5,54025,movie,tt0110997
Seven Sundays,1994.0,Comedy,5.6,117,movie,tt0111132
Skins,1994.0,"Crime,Drama,Thriller",3.5,222,movie,tt0111212
The Butterfly's Dream,1994.0,"Drama,Romance",5.8,131,movie,tt0111230
Uncovered,1994.0,"Mystery,Thriller",5.7,3086,movie,tt0111549
Wolf,1994.0,"Drama,Horror,Romance",6.3,64931,movie,tt0111742
Wyatt Earp,1994.0,"Adventure,Biography,Drama",6.7,59970,movie,tt0111756
Run,1994.0,Drama,5.7,72,movie,tt0111762
Yaar Gaddar,1994.0,"Action,Drama,Mystery",3.7,268,movie,tt0111780
Æon Flux,1991.0,"Action,Adventure,Animation",7.8,8044,tvSeries,tt0111873
Bugs,1995.0,"Action,Crime,Sci-Fi",7.0,652,tvSeries,tt0111904
The Crew,1995.0,Comedy,7.2,74,tvSeries,tt0111929
Get Smart,1995.0,"Comedy,Crime,Mystery",6.6,1227,tvSeries,tt0111982
Goosebumps,1995.0,"Adventure,Comedy,Drama",7.6,17080,tvSeries,tt0111987
The Governor,1995.0,"Crime,Drama",7.2,223,tvSeries,tt0111988
High Society,1995.0,Comedy,7.8,255,tvSeries,tt0112002
Legend,1995.0,"Comedy,Sci-Fi,Western",7.6,425,tvSeries,tt0112045
Nowhere Man,1995.0,"Mystery,Sci-Fi,Thriller",8.3,2182,tvSeries,tt0112104
Neon Genesis Evangelion,1995.0,"Action,Animation,Drama",8.5,114304,tvSeries,tt0112159
Simon,1995.0,Comedy,5.8,69,tvSeries,tt0112162
Star Trek: Voyager,1995.0,"Action,Adventure,Drama",7.9,85196,tvSeries,tt0112178
The American President,1995.0,"Comedy,Drama,Romance",6.9,65857,movie,tt0112346
The Baby-Sitters Club,1995.0,"Comedy,Drama,Family",5.8,7114,movie,tt0112435
The Babysitter,1995.0,"Drama,Thriller",4.3,6747,movie,tt0112438
Bad Boys,1995.0,"Action,Comedy,Crime",6.8,318416,movie,tt0112442
Balto,1995.0,"Adventure,Animation,Drama",7.1,52362,movie,tt0112453
Barsaat,1995.0,"Action,Romance",5.6,1590,movie,tt0112459
Belmonte,1995.0,Biography,6.3,103,movie,tt0112476
The Break,1995.0,"Drama,Sport",5.5,390,movie,tt0112574
Breaking Free,1995.0,Drama,6.6,386,movie,tt0112575
Chopsticks,1995.0,Drama,7.4,15,tvMovie,tt0112666
At All Costs,1995.0,Documentary,7.2,44,movie,tt0112728
Creep,1995.0,"Horror,Mystery",4.4,282,movie,tt0112735
The Fear,1995.0,Horror,3.9,1756,movie,tt0113043
Get Shorty,1995.0,"Comedy,Crime,Thriller",6.9,96936,movie,tt0113161
Ghost House,1995.0,Horror,4.6,41,movie,tt0113163
GoldenEye,1995.0,"Action,Adventure,Thriller",7.2,288471,movie,tt0113189
The Five,1995.0,"Action,Crime,Drama",6.7,2909,movie,tt0113194
Haunted,1995.0,"Drama,Horror",6.2,8123,movie,tt0113269
Rumble in the Bronx,1995.0,"Action,Comedy,Crime",6.8,50193,movie,tt0113326
How to Make an American Quilt,1995.0,"Comedy,Drama,Romance",6.3,13205,movie,tt0113347
The Indian in the Cupboard,1995.0,"Drama,Family,Fantasy",6.0,33404,movie,tt0113419
It Takes Two,1995.0,"Comedy,Family,Romance",6.1,28984,movie,tt0113442
The Interview,1995.0,Drama,6.1,125,movie,tt0113466
Kicking and Screaming,1995.0,"Comedy,Drama,Romance",6.6,16134,movie,tt0113537
Revenge,1995.0,Drama,5.8,30,movie,tt0113722
Malicious,1995.0,"Drama,Thriller",5.1,1786,movie,tt0113748
Man with a Plan,1996.0,Comedy,8.0,161,movie,tt0113758
Mirage,1995.0,"Action,Thriller",4.9,243,movie,tt0113827
Les Misérables,1995.0,"Comedy,Drama,History",7.4,4434,movie,tt0113828
The Next Step,1997.0,"Drama,Music",5.9,69,movie,tt0113968
Nothing to Lose,1995.0,Drama,5.6,425,movie,tt0114008
Now and Then,1995.0,"Comedy,Drama,Romance",6.8,35214,movie,tt0114011
Oh Darling Yeh Hai India,1995.0,Comedy,4.0,2159,movie,tt0114031
One Night Stand,1995.0,Drama,3.8,195,movie,tt0114042
Open Season,1995.0,Comedy,5.3,274,movie,tt0114047
Pandora,1995.0,Drama,5.9,31,movie,tt0114083
Beyond the Clouds,1995.0,"Drama,Romance",6.4,6538,movie,tt0114086
Pari,1995.0,"Drama,Romance",6.5,1030,movie,tt0114092
Thunderbolt,1995.0,"Action,Crime,Thriller",6.3,11017,movie,tt0114126
Powder,1995.0,"Drama,Fantasy,Mystery",6.6,35314,movie,tt0114168
Ram Jaane,1995.0,"Action,Crime,Drama",5.4,4820,movie,tt0114231
Remember Me,1995.0,"Drama,Thriller",5.6,212,tvMovie,tt0114262
Sabrina,1995.0,"Comedy,Drama,Romance",6.4,47838,movie,tt0114319
Safe,1995.0,"Drama,Mystery",7.1,19606,movie,tt0114323
Sahara,1995.0,"Action,War",6.7,3969,tvMovie,tt0114324
The Set Up,1995.0,"Action,Drama,Thriller",4.9,624,tvMovie,tt0114397
The Show,1995.0,"Documentary,Music",6.9,399,movie,tt0114435
High Risk,1995.0,"Action,Comedy,Crime",6.1,4940,movie,tt0114437
Sleepover,1995.0,Drama,5.5,69,movie,tt0114472
Bittersweet,1995.0,"Comedy,Drama,Romance",4.7,124,movie,tt0114581
Target,1995.0,Drama,7.9,85,movie,tt0114618
"To Wong Foo, Thanks for Everything! Julie Newmar",1995.0,"Comedy,Drama",6.8,42507,movie,tt0114682
Trimurti,1995.0,"Action,Drama",4.9,3304,movie,tt0114726
Tyson,1995.0,"Biography,Drama,Sport",6.2,2825,tvMovie,tt0114759
The Walking Dead,1995.0,"Action,Drama,War",5.0,957,movie,tt0114888
We Are the Champions,1985.0,"Documentary,Music",9.2,50,movie,tt0114900
Loving You,1995.0,"Action,Crime,Drama",6.3,530,movie,tt0114991
Little Sister,1995.0,"Drama,Mystery",6.8,2771,movie,tt0115067
Bad Boys,1995.0,Comedy,7.0,36,tvSeries,tt0115103
The Beast,1996.0,"Action,Adventure,Horror",5.9,3124,tvMiniSeries,tt0115109
Buddies,1996.0,Comedy,6.0,86,tvSeries,tt0115120
The Challenge,1986.0,"Action,Drama,Sport",7.8,60,tvMiniSeries,tt0115130
The Ring,1996.0,"Drama,Romance",7.2,1031,tvMovie,tt0115150
Dark Skies,1996.0,"Adventure,Drama,Mystery",7.5,2780,tvSeries,tt0115151
Moesha,1996.0,"Comedy,Drama,Family",6.0,4555,tvSeries,tt0115275
Power Rangers Zeo,1996.0,"Action,Adventure,Family",6.5,3509,tvSeries,tt0115319
The Show,1996.0,Comedy,6.9,41,tvSeries,tt0115354
The Apartment,1996.0,"Drama,Mystery,Romance",7.3,17207,movie,tt0115561
Behind Enemy Lines,1997.0,"Action,Thriller",4.2,1193,movie,tt0115647
Blind Date,1996.0,Drama,6.6,252,movie,tt0115702
Blood Money,1996.0,"Crime,Mystery,Thriller",3.3,272,movie,tt0115709
Bombshell,1997.0,"Sci-Fi,Thriller",3.9,319,movie,tt0115727
Champions,1997.0,Action,4.0,363,movie,tt0115864
Chasing the Dragon,1996.0,Drama,6.3,151,tvMovie,tt0115872
The Craft,1996.0,"Drama,Fantasy,Horror",6.5,120444,movie,tt0115963
Crash,1996.0,Drama,6.4,72670,movie,tt0115964
Double Jeopardy,1996.0,"Crime,Drama,Thriller",6.0,549,tvMovie,tt0116129
DragonHeart,1996.0,"Action,Adventure,Fantasy",6.4,105291,movie,tt0116136
Drive,1997.0,"Action,Adventure,Comedy",6.6,7636,movie,tt0116147
Enemy,1998.0,"Action,Drama",5.2,25,movie,tt0116202
Executive Decision,1996.0,"Action,Adventure,Thriller",6.5,65920,movie,tt0116253
The First Wives Club,1996.0,Comedy,6.5,60759,movie,tt0116313
From Dusk Till Dawn,1996.0,"Action,Crime,Horror",7.2,373565,movie,tt0116367
The Break,1997.0,"Drama,Romance,Thriller",5.8,420,movie,tt0116379
Good Luck,1996.0,"Comedy,Drama",6.1,563,movie,tt0116439
Hide and Seek,1996.0,"Documentary,Drama",7.1,306,movie,tt0116529
House Arrest,1996.0,"Comedy,Family",5.8,9884,movie,tt0116571
The House Next Door,1995.0,,4.8,10,movie,tt0116572
Alive and Kicking,1996.0,"Comedy,Drama,Romance",6.6,904,movie,tt0116631
Jackpot,1996.0,Crime,5.2,11,tvMovie,tt0116674
Killers,1997.0,"Action,Horror,Thriller",2.3,640,movie,tt0116771
Kingpin,1996.0,"Comedy,Sport",6.9,97351,movie,tt0116778
Leila,1997.0,"Drama,Family,Romance",7.4,4509,movie,tt0116851
Life,1996.0,Drama,6.9,83,movie,tt0116875
Reckoning,1996.0,Drama,5.1,47,tvMovie,tt0116879
Listen,1996.0,"Mystery,Thriller",4.8,373,movie,tt0116890
Mercy,1995.0,"Crime,Drama,Thriller",5.1,317,movie,tt0117025
Michael,1996.0,"Comedy,Drama,Fantasy",5.7,47281,movie,tt0117038
Jailbirds,1996.0,"Comedy,Crime,Drama",5.9,1738,movie,tt0117135
One More Shot,1996.0,Drama,7.1,38,movie,tt0117249
Primal Fear,1996.0,"Crime,Drama,Mystery",7.7,294819,movie,tt0117381
The Prince,1996.0,Drama,5.4,52,movie,tt0117385
The Promise,1996.0,Drama,7.7,9047,movie,tt0117398
Pusher,1996.0,"Crime,Thriller",7.3,52792,movie,tt0117407
Raja Hindustani,1996.0,"Action,Comedy,Drama",6.1,9363,movie,tt0117437
Riot,1996.0,"Action,Crime,Thriller",5.4,643,movie,tt0117481
Scream,1996.0,"Horror,Mystery",7.4,452173,movie,tt0117571
She's the One,1996.0,"Comedy,Drama,Romance",6.0,20021,movie,tt0117628
The Mayor,1997.0,"Crime,Drama",5.5,123,movie,tt0117657
Sling Blade,1996.0,Drama,8.0,104668,movie,tt0117666
Solo,1996.0,"Action,Sci-Fi,Thriller",4.1,4735,movie,tt0117688
Striptease,1996.0,"Comedy,Crime,Drama",4.6,52015,movie,tt0117765
Tango,1996.0,,5.5,17,movie,tt0117833
Trainspotting,1996.0,"Crime,Drama",8.1,773466,movie,tt0117951
The Trigger Effect,1996.0,"Drama,Thriller",5.7,7228,movie,tt0117965
The Trap,1996.0,"Crime,Drama,Mystery",6.7,204,movie,tt0118116
The Call,1997.0,Drama,5.9,19,movie,tt0118139
Dad,1997.0,Comedy,7.0,137,tvSeries,tt0118295
Dawson's Creek,1998.0,"Drama,Romance",6.8,49091,tvSeries,tt0118300
Lawless,1997.0,"Action,Crime,Drama",7.5,62,tvSeries,tt0118383
Players,1997.0,"Action,Crime,Drama",7.6,289,tvSeries,tt0118431
Power Rangers Turbo,1997.0,"Action,Adventure,Family",5.6,3072,tvSeries,tt0118436
Stargate SG-1,1997.0,"Action,Adventure,Drama",8.4,110533,tvSeries,tt0118480
Amy,1997.0,"Drama,Music",6.6,856,movie,tt0118614
The Pharmacist,1997.0,"Comedy,Crime,Drama",5.9,1030,movie,tt0118633
The Assignment,1997.0,"Action,Crime,Thriller",6.8,10676,movie,tt0118647
Austin Powers: International Man of Mystery,1997.0,"Adventure,Comedy",7.0,275735,movie,tt0118655
Babel,1999.0,"Adventure,Family,Fantasy",3.6,230,movie,tt0118664
Hush,1998.0,"Drama,Thriller",5.5,14887,movie,tt0118744
Brother,1997.0,"Crime,Drama,Thriller",7.8,29273,movie,tt0118767
The Brave,1997.0,Drama,6.1,11359,movie,tt0118768
Breakout,1997.0,Drama,5.4,62,tvMovie,tt0118773
Chasing Amy,1997.0,"Comedy,Drama,Romance",7.2,149037,movie,tt0118842
The Climb,1997.0,Drama,6.7,450,movie,tt0118865
Destiny,1997.0,Drama,6.3,261,movie,tt0118917
Dante's Peak,1997.0,"Action,Adventure,Thriller",6.1,109371,movie,tt0118928
Donnie Brasco,1997.0,"Biography,Crime,Drama",7.7,360021,movie,tt0119008
Dark Light,1997.0,"Drama,Thriller",6.4,104,tvMovie,tt0119024
Déjà Vu,1997.0,"Drama,Romance",6.8,989,movie,tt0119033
Event Horizon,1997.0,"Horror,Sci-Fi,Thriller",6.6,217136,movie,tt0119081
Fallen,1998.0,"Action,Crime,Drama",7.0,105361,movie,tt0119099
Fireworks,1997.0,"Comedy,Romance",6.0,1515,movie,tt0119169
The Game,1997.0,"Drama,Mystery,Thriller",7.7,476339,movie,tt0119174
Good Burger,1997.0,"Comedy,Family",5.8,36555,movie,tt0119215
Fireworks,1997.0,"Crime,Drama,Romance",7.7,35913,movie,tt0119250
Hit & Run,1997.0,Thriller,4.1,716,movie,tt0119298
How to Be a Player,1997.0,Comedy,5.4,9680,movie,tt0119326
Jackie Brown,1997.0,"Crime,Drama,Thriller",7.5,407670,movie,tt0119396
Day and Night,1997.0,Drama,1.9,1227,movie,tt0119418
Judwaa,1997.0,"Action,Comedy,Drama",6.2,7812,movie,tt0119428
K,1997.0,"Crime,Thriller",6.2,593,movie,tt0119436
Kiss the Girls,1997.0,"Crime,Drama,Mystery",6.6,101274,movie,tt0119468
Love 101,2000.0,"Comedy,Drama,Romance",5.1,160,movie,tt0119495
Lolita,1997.0,"Drama,Romance",6.8,75515,movie,tt0119558
Love Jones,1997.0,"Comedy,Drama,Romance",7.4,6479,movie,tt0119572
Maria,1997.0,Drama,6.3,43,movie,tt0119616
Marianne,1997.0,Drama,5.1,81,movie,tt0119617
Destiny,1997.0,"Comedy,Drama,History",7.1,3479,movie,tt0119629
Men in Black,1997.0,"Action,Adventure,Comedy",7.3,670414,movie,tt0119654
The Method,1996.0,"Crime,Drama",4.8,162,movie,tt0119663
Metro,1997.0,"Action,Comedy,Crime",5.6,30813,movie,tt0119664
Les Misérables,1998.0,"Crime,Drama,Romance",7.4,44716,movie,tt0119683
Money Talks,1997.0,"Action,Comedy,Crime",6.2,33847,movie,tt0119695
Nothing to Lose,1997.0,"Action,Adventure,Comedy",6.7,52859,movie,tt0119807
As Good as It Gets,1997.0,"Comedy,Drama,Romance",7.7,339836,movie,tt0119822
One Night Stand,1997.0,"Drama,Romance",5.9,7467,movie,tt0119832
Pardes,1997.0,"Drama,Musical,Romance",6.9,17298,movie,tt0119861
The Peacemaker,1997.0,"Action,Crime,Drama",6.0,66759,movie,tt0119874
The Phantom of the Opera,1998.0,Horror,4.3,6275,movie,tt0119889
Standoff,1998.0,"Mystery,Thriller",5.1,604,movie,tt0119931
Body Armor,1997.0,Action,4.2,350,movie,tt0119961
The Rainmaker,1997.0,"Crime,Drama,Thriller",7.2,92973,movie,tt0119978
Rebecca,1997.0,"Drama,Mystery,Romance",7.2,1772,tvMiniSeries,tt0119991
Riot,1996.0,Drama,6.2,421,tvMovie,tt0120021
The Ripper,1997.0,Thriller,5.7,656,tvMovie,tt0120023
The Saint,1997.0,"Action,Adventure,Romance",6.2,78717,movie,tt0120053
Truth or Dare,1997.0,"Drama,Family",5.2,818,movie,tt0120061
Scream 2,1997.0,"Horror,Mystery",6.4,239748,movie,tt0120082
Shelter,1998.0,"Action,Thriller",5.1,250,movie,tt0120114
Lifeline,1997.0,Drama,6.6,966,movie,tt0120115
Shikari,2000.0,"Crime,Drama,Thriller",4.7,602,movie,tt0120117
Soldier,1998.0,"Action,Drama,Sci-Fi",6.1,62222,movie,tt0120157
Tango,1998.0,"Drama,Musical",7.0,3280,movie,tt0120274
The Wedding Party,1997.0,"Comedy,Drama,Romance",5.9,797,movie,tt0120316
Tomorrow Never Dies,1997.0,"Action,Adventure,Thriller",6.5,217482,movie,tt0120347
U Turn,1997.0,"Crime,Drama,Thriller",6.7,57957,movie,tt0120399
Wanted,1997.0,"Action,Comedy",3.6,129,movie,tt0120477
The Waterboy,1998.0,"Comedy,Sport",6.2,193856,movie,tt0120484
Power Rangers in Space,1998.0,"Action,Adventure,Family",7.3,4071,tvSeries,tt0120575
American History X,1998.0,"Crime,Drama",8.5,1284333,movie,tt0120586
The Bachelor,1999.0,"Comedy,Romance",5.1,18264,movie,tt0120596
Fear and Loathing in Las Vegas,1998.0,"Adventure,Comedy,Drama",7.4,321283,movie,tt0120669
Godzilla,1998.0,"Action,Sci-Fi,Thriller",5.5,214538,movie,tt0120685
The Interview,1998.0,"Crime,Drama,Thriller",7.0,9315,movie,tt0120714
"Lock, Stock and Two Smoking Barrels",1998.0,"Comedy,Crime",8.1,653316,movie,tt0120735
Lost in Space,1998.0,"Action,Adventure,Sci-Fi",5.3,78071,movie,tt0120738
The Mask of Zorro,1998.0,"Action,Adventure,Comedy",6.8,211829,movie,tt0120746
A Night at the Roxbury,1998.0,"Comedy,Music,Romance",6.2,69574,movie,tt0120770
Let There Be Light,1998.0,"Comedy,Fantasy",6.4,163,movie,tt0120799
Sour Grapes,1998.0,Comedy,5.8,3167,movie,tt0120838
Tarzan,1999.0,"Adventure,Animation,Comedy",7.3,271685,movie,tt0120855
Don't Go Breaking My Heart,1999.0,"Comedy,Romance,Sport",5.5,436,movie,tt0120876
Vampires,1998.0,"Action,Horror,Thriller",6.1,68953,movie,tt0120877
Wild Wild West,1999.0,"Action,Comedy,Sci-Fi",5.0,174461,movie,tt0120891
Men in Black II,2002.0,"Action,Adventure,Comedy",6.2,435466,movie,tt0120912
White Fang,1993.0,"Adventure,Family",5.9,200,tvSeries,tt0121043
The Island,1979.0,Drama,7.0,62,movie,tt0121408
Happy Go Lucky,1987.0,"Action,Comedy",5.2,36,movie,tt0121434
Mirage,1990.0,"Action,Horror,Thriller",5.1,511,movie,tt0121556
Follow Me,1989.0,,5.5,10,movie,tt0122068
The Forest,1982.0,"Horror,Thriller",3.9,1837,movie,tt0122070
Hannibal,1994.0,,5.1,18,movie,tt0122097
Trash,1999.0,"Biography,Drama",5.5,399,movie,tt0122194
Small Soldiers,1998.0,"Action,Adventure,Comedy",6.3,111255,movie,tt0122718
Bordertown,1995.0,Drama,7.6,103,tvMiniSeries,tt0122814
Domino,1991.0,"Drama,Thriller",6.6,9,tvMiniSeries,tt0122817
The Bachelor,1997.0,"Drama,Romance",5.8,318,movie,tt0123059
Hero,1983.0,"Action,Drama,Romance",6.7,1095,movie,tt0123102
Requiem,1998.0,Drama,6.8,230,movie,tt0123240
Black Snow,1990.0,"Crime,Drama",7.3,636,movie,tt0123450
Brothers,1982.0,Drama,5.1,31,movie,tt0123573
The Blazing Sun,1985.0,Drama,4.7,23,movie,tt0123793
Life,1999.0,"Comedy,Crime,Drama",6.8,61695,movie,tt0123964
Tokyo Trial,1983.0,"Documentary,War",7.6,305,movie,tt0124169
Easy,1978.0,"Adult,Drama",5.7,160,movie,tt0124456
Heartbreakers,2001.0,"Comedy,Crime,Romance",6.3,62611,movie,tt0125022
Carriers,1998.0,Thriller,5.2,257,tvMovie,tt0125034
Miracle,1982.0,Drama,7.9,1109,movie,tt0125144
Jezebel,1979.0,"Adult,Drama,Fantasy",5.5,23,movie,tt0125277
Lady Dynamite,1983.0,"Adult,Drama",5.1,71,movie,tt0125331
The Baby-Sitters Club,1990.0,"Adventure,Comedy,Family",7.4,837,tvSeries,tt0125602
Riverdale,1997.0,"Drama,Mystery",7.0,114,tvSeries,tt0125643
The Warning,1982.0,"Biography,Drama",5.5,42,movie,tt0125898
Lady Dynamite,1973.0,Crime,5.5,67,movie,tt0125973
Wild Child,1991.0,Drama,5.1,54,movie,tt0126122
War,1982.0,"Documentary,History,War",8.7,86,tvMiniSeries,tt0126178
Chamatkar,1992.0,"Comedy,Drama,Fantasy",6.5,7858,movie,tt0126234
The Fix,1997.0,"Drama,History,Sport",6.6,128,tvMovie,tt0126303
Legion,1998.0,"Action,Horror,Sci-Fi",4.5,745,tvMovie,tt0126387
The Mistress,1982.0,Adult,5.2,86,movie,tt0126445
Back and Forth,1969.0,Drama,6.5,302,movie,tt0126805
The Devil's Mistress,1965.0,"Drama,Horror,Western",4.0,124,movie,tt0126865
Hide and Seek,1997.0,"Drama,Thriller",4.6,17,movie,tt0126943
Race,1998.0,Drama,5.4,131,movie,tt0127020
One Take,1998.0,Drama,6.8,40,movie,tt0127058
Paprika: The Last Italian Whore,1995.0,"Adult,Drama,Romance",4.5,120,movie,tt0127072
Ninja Turtles: The Next Mutation,1997.0,"Action,Adventure,Comedy",4.3,2027,tvSeries,tt0127388
Death House,1988.0,"Action,Horror,Sci-Fi",4.2,690,movie,tt0127503
Can't Hardly Wait,1998.0,"Comedy,Romance",6.5,57805,movie,tt0127723
Aurora,1998.0,"Adventure,Sci-Fi",3.5,224,movie,tt0128059
Daybreak,2002.0,"Crime,Mystery,Thriller",7.6,22,movie,tt0128154
H,1990.0,Drama,6.4,180,movie,tt0128246
The Homecoming,1996.0,Drama,5.4,80,movie,tt0128256
Pants on Fire,1998.0,"Comedy,Drama",7.1,90,movie,tt0128393
Rounders,1998.0,"Crime,Drama",7.3,172918,movie,tt0128442
Striptease,1987.0,Adult,5.2,15,movie,tt0128628
Too Hot to Handle,1975.0,Adult,5.7,22,movie,tt0128774
Backtrack,1976.0,,8.2,7,movie,tt0128952
Black Mirror,1981.0,Drama,6.4,43,movie,tt0128966
Desire,1989.0,"Documentary,History,Romance",6.6,34,tvMovie,tt0129033
Ghost Stories,1997.0,"Drama,Fantasy,Horror",6.7,309,tvSeries,tt0129117
First Love,1978.0,"Comedy,Drama",6.6,660,movie,tt0129320
Ravenous,1999.0,"Adventure,Drama,Horror",6.9,46981,movie,tt0129332
Dear Santa,2000.0,"Comedy,Family,Fantasy",3.1,243,movie,tt0129360
The Duel,1973.0,"Drama,History",7.3,389,movie,tt0130188
Merlin,1998.0,"Action,Adventure,Drama",7.1,24242,tvMiniSeries,tt0130414
Spark,1997.0,Comedy,5.3,15,tvSeries,tt0130420
Hide and Seek,1980.0,Drama,7.0,56,movie,tt0130834
Wanted,1980.0,Adult,7.4,28,movie,tt0131254
Teenage Mutant Ninja Turtles,1987.0,"Action,Adventure,Animation",7.9,41089,tvSeries,tt0131613
BASEketball,1998.0,"Comedy,Sport",6.5,69423,movie,tt0131857
Frontier,1987.0,"Drama,History",8.6,17,tvMiniSeries,tt0132986
The Matrix,1999.0,"Action,Sci-Fi",8.7,2272726,movie,tt0133093
First Love,1982.0,Drama,6.9,15,movie,tt0133342
Amy,1984.0,Biography,7.8,29,tvMovie,tt0133367
Guru,1997.0,"Drama,Fantasy",8.5,3934,movie,tt0133826
Pardes,1950.0,"Drama,Family",7.3,31,movie,tt0134020
The Rugrats Movie,1998.0,"Adventure,Animation,Comedy",6.0,22087,movie,tt0134067
Scream 3,2000.0,"Horror,Mystery",5.7,187912,movie,tt0134084
The Talented Mr. Ripley,1999.0,"Crime,Drama,Thriller",7.4,275242,movie,tt0134119
The Fear,1988.0,"Crime,Drama",8.0,103,tvSeries,tt0134246
Detention,1998.0,Drama,6.5,446,movie,tt0134613
Another Life,1981.0,Drama,7.1,54,tvSeries,tt0135078
Freud,1984.0,"Biography,Drama,History",7.5,122,tvMiniSeries,tt0135093
Blind Date,1968.0,"Drama,Romance",6.8,107,movie,tt0135619
English Babu Desi Mem,1996.0,"Comedy,Drama,Musical",4.6,2964,movie,tt0136153
Hero,1997.0,"Action,Comedy,Drama",6.3,905,movie,tt0136242
Perdida,1950.0,"Drama,Music",6.8,41,movie,tt0136459
Three,1998.0,Crime,7.5,111,tvSeries,tt0136672
A Family Affair,1993.0,"Adult,Drama",7.0,47,movie,tt0136865
Home for Christmas,1975.0,Drama,6.2,133,movie,tt0137044
Mars,1997.0,"Action,Sci-Fi",3.8,600,movie,tt0137094
Maya,1993.0,"Drama,Mystery,Romance",5.4,2590,movie,tt0137100
The Protector,1998.0,Action,4.7,98,movie,tt0137180
Til Death Do Us Part,1995.0,Comedy,6.5,25,movie,tt0137234
The Karate Kid,1989.0,"Action,Adventure,Animation",5.0,400,tvSeries,tt0137311
Girlfriends,1983.0,"Adult,Comedy",6.4,107,movie,tt0137720
Inconceivable,2000.0,Comedy,5.7,99,movie,tt0137835
Justine,1967.0,Drama,5.1,12,movie,tt0137859
Scary Movie,1991.0,"Comedy,Horror,Thriller",4.8,1287,movie,tt0138078
Desire,1993.0,Adult,7.1,155,movie,tt0138300
Creep,1998.0,"Comedy,Horror",5.9,37,movie,tt0138384
Edge of Seventeen,1998.0,"Comedy,Drama,Romance",6.8,7414,movie,tt0138414
Girl,1998.0,"Comedy,Drama,Music",5.7,3287,movie,tt0138467
Head On,1998.0,"Drama,Romance",6.5,4788,movie,tt0138487
The Island,1998.0,"Comedy,Romance",4.9,55,movie,tt0138526
Justice,1998.0,,5.8,28,movie,tt0138548
Kurt & Courtney,1998.0,"Biography,Crime,Documentary",6.1,7492,movie,tt0138563
Love,1927.0,,5.8,18,movie,tt0138573
Girl on the Third Floor,1955.0,"Crime,Drama",6.0,60,movie,tt0138825
Lifeline,1978.0,Documentary,8.9,22,tvSeries,tt0138974
Iris,1968.0,"Drama,Romance",7.4,32,movie,tt0139385
Merlin,1998.0,"Family,Fantasy",6.2,403,tvMovie,tt0139460
The Outsider,1997.0,"Action,Sci-Fi",3.6,252,tvMovie,tt0139515
Sahara,1958.0,"Drama,Family",6.3,31,movie,tt0139581
Shararat,1959.0,Comedy,5.9,19,movie,tt0139607
Slam,1998.0,Drama,7.0,2592,movie,tt0139615
Tamasha,1952.0,Drama,7.7,64,movie,tt0139635
Desire,1990.0,"Drama,Romance",8.1,78,tvMiniSeries,tt0139773
The Other,1952.0,"Comedy,Drama",6.5,10,movie,tt0139825
The Promise,1961.0,"Adventure,Drama",7.2,52,movie,tt0140275
Kalki,1996.0,"Drama,Romance",6.5,132,movie,tt0140303
Forces of Nature,1999.0,"Comedy,Romance",5.5,37686,movie,tt0141098
Inspector Gadget,1999.0,"Action,Adventure,Comedy",4.2,54266,movie,tt0141369
Sherlock Holmes: The Grey Lady,1937.0,Crime,4.7,44,movie,tt0141820
Click,1997.0,"Family,Game-Show",5.2,18,tvSeries,tt0142030
White Nights,1960.0,"Drama,Romance",7.1,433,movie,tt0142113
Close,1993.0,"Crime,Drama",3.1,71,movie,tt0142184
Big Daddy,1999.0,"Comedy,Drama",6.5,253770,movie,tt0142342
High Risk,1993.0,"Action,Adventure",4.8,91,movie,tt0142368
Zoom,1972.0,"Comedy,Drama,Family",7.7,390,tvSeries,tt0143080
Zoom,1997.0,"Comedy,Drama,Family",7.3,1312,tvSeries,tt0143081
The World Is Not Enough,1999.0,"Action,Adventure,Thriller",6.4,222015,movie,tt0143145
Good Luck,1935.0,"Comedy,Romance",6.9,219,movie,tt0143147
Captive,1998.0,"Drama,Thriller",4.7,341,movie,tt0143166
Game Over,1996.0,"Action,Crime,Thriller",8.0,14,movie,tt0143266
Shot in the Dark,1933.0,Mystery,5.3,119,movie,tt0143879
American Psycho,2000.0,"Crime,Drama,Horror",7.6,853314,movie,tt0144084
The Call,1936.0,"Adventure,Biography,Drama",5.1,47,movie,tt0144087
Night Moves,1983.0,Adult,7.3,13,movie,tt0144477
The Pass,1998.0,Thriller,4.8,469,movie,tt0144548
The Fear,1966.0,"Crime,Drama",7.6,611,movie,tt0144935
Little Men,1998.0,Drama,6.3,719,movie,tt0145048
"Pizza, Beer, and Cigarettes",1997.0,"Crime,Drama",7.0,3283,movie,tt0145393
Austin Powers: The Spy Who Shagged Me,1999.0,"Action,Adventure,Comedy",6.7,264409,movie,tt0145660
Intelligence,1999.0,"Documentary,Drama",6.0,16,movie,tt0145844
Masoom,1960.0,Drama,7.3,37,movie,tt0147036
Milk,1997.0,,4.4,22,movie,tt0147046
The Monster,1987.0,Drama,6.6,154,movie,tt0149071
Where the Money Is,2000.0,"Comedy,Crime,Drama",6.3,6835,movie,tt0149367
Captive,1980.0,Sci-Fi,4.6,128,movie,tt0149428
The Cruise,1998.0,Documentary,7.5,2091,movie,tt0150230
Double Jeopardy,1999.0,"Crime,Drama,Mystery",6.6,106416,movie,tt0150377
The Gift,1998.0,Drama,8.3,41,tvMovie,tt0150727
Mirage,1960.0,Drama,7.2,36,movie,tt0150808
Let There Be Light,1996.0,Drama,5.6,332,movie,tt0151080
Ram Teri Ganga Maili,1985.0,"Drama,Musical,Romance",6.5,1307,movie,tt0152139
Razia Sultan,1983.0,"Biography,Drama,History",6.0,269,movie,tt0152148
Sahara,1943.0,,6.2,13,movie,tt0152267
The Silence,1998.0,"Drama,Music",6.9,2128,movie,tt0152438
Sohni Mahiwal,1984.0,"Action,Drama,Romance",6.0,484,movie,tt0152509
The Staircase,1998.0,"Drama,Western",6.8,411,tvMovie,tt0152588
Superstar,1978.0,Adult,6.2,25,movie,tt0152683
Swami,1977.0,Drama,6.8,288,movie,tt0152720
Taal,1999.0,"Drama,Musical,Romance",6.7,6548,movie,tt0152836
Devil's Bride,1974.0,"Comedy,Drama,Fantasy",8.1,978,movie,tt0153509
Wanted,1998.0,"Drama,Thriller",3.8,191,movie,tt0153644
About Time,1962.0,Animation,7.6,41,tvMovie,tt0154110
Joy,1977.0,Drama,5.4,23,movie,tt0154690
Mahabharat,1920.0,Drama,6.8,18,movie,tt0154815
The Other,1984.0,"Drama,Mystery,Thriller",5.7,61,movie,tt0154984
Ramayan,1922.0,"Adventure,Fantasy,Romance",6.2,17,movie,tt0155092
Wanted,1961.0,Action,3.4,12,movie,tt0155371
Occupation,1973.0,"Action,Adventure,War",4.6,20,tvMiniSeries,tt0155441
Bhagam Bhag,1956.0,"Action,Comedy,Crime",5.4,35,movie,tt0155541
Joker,1949.0,,4.3,7,movie,tt0155780
Once Upon a Time,1987.0,"Adventure,Comedy,Family",5.8,28,movie,tt0155922
Psycho,1998.0,"Horror,Mystery,Thriller",4.6,53092,movie,tt0155975
The Runaways,1975.0,"Action,Comedy,Drama",6.6,332,movie,tt0155997
Talaash,1957.0,,7.7,8,movie,tt0156120
Under Arrest,1983.0,"Biography,Crime,Drama",6.1,29,movie,tt0156152
Hinterland,1998.0,Drama,6.8,109,movie,tt0156300
Last Night,1998.0,"Comedy,Drama,Romance",7.1,10582,movie,tt0156729
Samson,1964.0,"Action,Adventure",6.3,39,movie,tt0156997
Ujala,1959.0,"Crime,Drama,Romance",6.6,94,movie,tt0157132
West Beirut,1998.0,"Comedy,Drama,Romance",7.6,5327,movie,tt0157183
The Gathering,1998.0,"Drama,Fantasy,Sci-Fi",4.6,133,movie,tt0157688
Justice,1999.0,"Crime,Drama,Thriller",4.6,452,tvMovie,tt0157871
Revenge,1996.0,Documentary,8.2,9,movie,tt0158023
Swami,1949.0,Drama,5.3,9,movie,tt0158257
Mahabharat,1988.0,"Action,Adventure,Drama",8.9,27797,tvSeries,tt0158417
Charmed,1998.0,"Drama,Fantasy,Mystery",7.2,99589,tvSeries,tt0158552
The Flintstones in Viva Rock Vegas,2000.0,"Comedy,Family,Romance",3.8,27162,movie,tt0158622
Manhunt,1970.0,"Drama,History,War",7.3,203,tvSeries,tt0159181
Behind Enemy Lines,2001.0,"Action,Drama,Thriller",6.4,119971,movie,tt0159273
The Debt Collector,1999.0,"Action,Crime,Thriller",6.6,1289,movie,tt0159401
Revelations,1997.0,"Drama,Fantasy,Horror",7.9,22,movie,tt0159698
Spark,1998.0,"Drama,Thriller",5.5,264,movie,tt0159765
Big Bear,1998.0,"Biography,Drama",6.9,96,tvMiniSeries,tt0159851
Frontier,1968.0,"Adventure,Drama",5.1,11,tvSeries,tt0159873
Jeopardy!,1984.0,Game-Show,8.3,9082,tvSeries,tt0159881
The Art of War,2000.0,"Action,Adventure,Crime",5.7,32572,movie,tt0160009
Charlie's Angels,2000.0,"Action,Adventure,Comedy",5.7,207823,movie,tt0160127
Hide and Seek,1964.0,"Action,Crime,Drama",5.9,219,movie,tt0160362
The Hunt,1997.0,Documentary,7.2,31,movie,tt0160388
Milk,1999.0,"Comedy,Drama",5.7,194,movie,tt0160534
The Little Mermaid,1976.0,"Family,Fantasy,Musical",6.9,733,movie,tt0160801
MI-5,2002.0,"Action,Crime,Drama",8.3,20410,tvSeries,tt0160904
Victor,1951.0,"Comedy,Drama",6.2,101,movie,tt0161060
What Lies Beneath,2000.0,"Drama,Horror,Mystery",6.6,146638,movie,tt0161081
The Yard,1998.0,,4.5,10,movie,tt0161106
Zodiac,1974.0,"Comedy,Drama",6.8,131,tvSeries,tt0161207
The Green Inferno,1988.0,"Action,Adventure,Crime",4.0,1125,movie,tt0161849
Saint Seiya,1986.0,"Action,Adventure,Animation",8.4,12812,tvSeries,tt0161952
Stardust,1998.0,"Drama,Family,Sci-Fi",4.2,189,movie,tt0161988
Stray Bullet,1998.0,Thriller,4.7,69,movie,tt0161992
The Tribe,1998.0,Drama,5.7,718,movie,tt0162709
Runaway Bride,1999.0,"Comedy,Romance",5.6,111628,movie,tt0163187
Our House,1960.0,Comedy,6.0,29,tvSeries,tt0163474
Sherlock Holmes,1964.0,"Crime,Drama,History",7.5,709,tvSeries,tt0163492
Breath,1999.0,Drama,7.5,17,movie,tt0163987
Thriller,1973.0,"Crime,Drama,Fantasy",7.8,1229,tvSeries,tt0164295
Along Came a Spider,2001.0,"Crime,Drama,Mystery",6.4,104722,movie,tt0164334
The Assignment,1974.0,Action,5.9,23,movie,tt0164362
The Doll,1975.0,Drama,7.2,90,tvSeries,tt0164541
Duplicate,1998.0,"Action,Comedy,Crime",5.6,9419,movie,tt0164550
Girlfriends,1996.0,,8.6,12,movie,tt0164610
Sisters,1922.0,Drama,6.8,10,movie,tt0164890
Spyder,1988.0,"Action,War",7.2,53,movie,tt0164906
Stuart Little,1999.0,"Adventure,Comedy,Family",6.0,161942,movie,tt0164912
Zero Hour,1998.0,War,7.3,19,movie,tt0164985
After Life,1998.0,"Drama,Fantasy",7.6,15922,movie,tt0165078
Highway,2002.0,"Crime,Drama",6.1,7247,movie,tt0165361
The Match,1999.0,"Comedy,Romance,Sport",6.2,1452,movie,tt0165384
The Runner,1999.0,"Crime,Drama,Thriller",5.5,1328,movie,tt0165454
Voyeur,1997.0,"Mystery,Thriller",6.5,21,movie,tt0165533
The Club,1981.0,"Action,Crime",6.5,84,movie,tt0165547
That '70s Show,1998.0,"Comedy,Drama,Romance",8.1,199815,tvSeries,tt0165598
Dynasty,1977.0,"Action,Drama",6.0,164,movie,tt0165742
The Monster,1999.0,,5.0,48,movie,tt0165884
Natural Selection,1999.0,"Comedy,Horror,Thriller",5.3,500,movie,tt0165895
Paheli,1977.0,"Drama,Family",7.9,53,movie,tt0165907
Revenge,2000.0,Thriller,4.6,269,movie,tt0165928
Che,1997.0,"Drama,History",6.2,157,movie,tt0166120
Striptease,1999.0,Thriller,4.2,456,movie,tt0166199
The Gift,1997.0,"Adventure,Drama,Family",7.5,26,tvSeries,tt0166434
Detour,1967.0,"Drama,Romance",7.6,194,movie,tt0166894
The Chosen,1998.0,Drama,6.6,37,tvMovie,tt0167077
Hellboy,2004.0,"Action,Adventure,Fantasy",6.9,372719,movie,tt0167190
The Lord of the Rings: The Return of the King,2003.0,"Adventure,Drama,Fantasy",9.0,2188114,movie,tt0167260
The Lord of the Rings: The Two Towers,2002.0,"Adventure,Drama,Fantasy",8.8,1979232,movie,tt0167261
The Outsider,1994.0,"Drama,Western",4.7,40,movie,tt0167327
Superstar,1999.0,"Comedy,Romance",5.3,21707,movie,tt0167427
Fanatic,1998.0,Reality-TV,6.9,29,tvSeries,tt0167640
Alone,1997.0,Drama,5.7,199,tvMovie,tt0167762
Oddbods,1988.0,,7.2,30,tvMovie,tt0168103
The Repair Shop,1998.0,Drama,5.8,29,tvMovie,tt0168145
Boom,1999.0,Comedy,6.0,24,movie,tt0168533
Cold Feet,1997.0,"Comedy,Drama,Romance",8.2,5362,tvSeries,tt0168596
Extras,1998.0,"Action,Comedy",5.0,77,movie,tt0168746
The Trap,1950.0,"Drama,War",6.7,32,movie,tt0169118
Arthur,1996.0,"Adventure,Animation,Comedy",7.4,17893,tvSeries,tt0169414
Ultraviolet,1998.0,"Horror,Sci-Fi,Thriller",7.8,3024,tvMiniSeries,tt0169501
American Beauty,1999.0,Drama,8.3,1286763,movie,tt0169547
Beirut Oh Beirut,1975.0,Drama,6.5,151,movie,tt0169599
The Big Catch,1971.0,Family,6.5,50,movie,tt0169611
Blind Date,1998.0,Romance,6.4,16,movie,tt0169623
How the Grinch Stole Christmas,2000.0,"Comedy,Family,Fantasy",6.4,335685,movie,tt0170016
First Love,1971.0,"Drama,Romance",5.1,22,tvMovie,tt0170379
Whispers,1980.0,Documentary,7.5,102,movie,tt0170803
Cappuccino,1998.0,Thriller,8.3,85,movie,tt0170884
Hugo,1997.0,"Adventure,Animation,Game-Show",6.0,23,tvSeries,tt0170953
The Barrier,1979.0,"Drama,Sci-Fi",7.3,273,movie,tt0171091
Bad Boys II,2003.0,"Action,Comedy,Crime",6.6,290491,movie,tt0172156
Chaahat,1996.0,"Drama,Romance",5.5,3603,movie,tt0172234
Don't Look Down,1998.0,"Drama,Horror,Mystery",4.7,1217,tvMovie,tt0172345
Fatal Affair,1999.0,"Mystery,Thriller",4.8,246,movie,tt0172425
Just Friends,1996.0,"Comedy,Romance",5.9,86,movie,tt0172636
Kuch Kuch Hota Hai,1998.0,"Comedy,Drama,Musical",7.5,63326,movie,tt0172684
The Apostate,2000.0,"Crime,Horror,Mystery",4.1,440,movie,tt0172794
Rango,1931.0,Adventure,5.5,38,movie,tt0173105
H,1998.0,Comedy,7.4,2165,tvSeries,tt0173554
Crash,1987.0,"Drama,Thriller",8.2,17,movie,tt0173746
Shéhérazade,1971.0,Comedy,7.5,22,tvMovie,tt0174202
Solo,1970.0,"Crime,Drama,Thriller",6.4,501,movie,tt0174224
Una,1984.0,"Drama,Romance",7.2,510,movie,tt0174308
Whipped,2000.0,"Comedy,Romance",4.5,4543,movie,tt0174336
Popples,1986.0,"Animation,Comedy,Family",6.3,288,tvSeries,tt0174420
The Circle,1959.0,Drama,5.9,13,movie,tt0174833
Much Ado About Nothing,1973.0,"Comedy,Romance",6.7,79,movie,tt0174927
The Apostate,1987.0,Sci-Fi,5.9,53,movie,tt0175016
Point Blank,1998.0,"Action,Crime,Drama",4.3,2156,movie,tt0175047
Power Rangers Lost Galaxy,1999.0,"Action,Adventure,Family",6.9,3074,tvSeries,tt0175059
Revenge,1969.0,Drama,8.2,10,tvMovie,tt0175132
Scary Movie,2000.0,Comedy,6.3,333981,movie,tt0175142
Hangman,2000.0,Drama,5.6,36,movie,tt0175143
First Love,1997.0,"Drama,Romance",7.8,63,tvSeries,tt0175390
Catch Me If You Can,1998.0,"Action,Comedy,Crime",4.7,219,tvMovie,tt0175733
Magnolia,1999.0,Drama,8.0,352472,movie,tt0175880
The Challenge,1998.0,"Action,Adventure,Game-Show",8.1,5184,tvSeries,tt0176095
Shararat,1972.0,Drama,6.8,34,movie,tt0176133
Stree,1961.0,Fantasy,7.3,30,movie,tt0176192
Forgotten,1999.0,"Crime,Thriller",7.3,341,tvMiniSeries,tt0176369
Hangman,2001.0,Thriller,5.2,896,tvMovie,tt0176799
Scream,1996.0,Documentary,6.1,15,movie,tt0176904
The Last Word,1973.0,Drama,7.3,89,movie,tt0177128
Spartacus,1977.0,Musical,6.3,89,movie,tt0177245
Aakhri Adaalat,1988.0,"Action,Thriller",5.1,142,movie,tt0177505
Puss in Boots,1988.0,"Family,Fantasy,Musical",6.1,901,movie,tt0177606
Godzilla,1978.0,"Adventure,Animation,Family",6.1,957,tvSeries,tt0177814
Naked,1996.0,Drama,7.5,36,tvSeries,tt0178155
Abhinetri,1970.0,"Drama,Romance",6.6,95,movie,tt0178218
Follow Me,1969.0,"Documentary,Sport",6.1,17,movie,tt0178458
Haunted,1998.0,"Horror,Mystery,Thriller",5.2,47,movie,tt0178558
Mansfield Park,1999.0,"Drama,Romance",7.0,28082,movie,tt0178737
The Ring,1998.0,"Horror,Mystery",7.2,87049,movie,tt0178868
Vampires,1986.0,Horror,4.8,94,movie,tt0178965
Little Men,1998.0,"Drama,Family",7.7,452,tvSeries,tt0179029
The Worst Witch,1998.0,"Adventure,Comedy,Drama",7.2,1933,tvSeries,tt0179061
Happy Go Lucky,1946.0,Comedy,5.8,52,movie,tt0179092
Homeland,2000.0,Documentary,8.4,28,movie,tt0179220
Legend,1990.0,"Adult,Mystery,Romance",5.6,16,movie,tt0179292
One Night Stand,1990.0,Adult,6.4,61,movie,tt0179390
The Adventures of Tintin,1991.0,"Action,Adventure,Animation",8.3,20772,tvSeries,tt0179552
Free Willy,1994.0,"Adventure,Animation,Drama",5.0,184,tvSeries,tt0179569
The Little Vampire,1986.0,"Family,Horror",7.5,511,tvSeries,tt0179585
Supermarket Sweep,1990.0,"Family,Game-Show",7.5,1319,tvSeries,tt0180384
The Lovers,1951.0,"Crime,Drama",6.9,22,movie,tt0180416
Domino,1998.0,"Drama,Romance",8.8,25,tvMovie,tt0180652
Paradise Lost,2000.0,"Drama,Mystery,Sci-Fi",4.6,318,movie,tt0180897
Trophy,1979.0,Drama,6.2,38,movie,tt0181084
Blue Streak,1999.0,"Action,Comedy,Crime",6.4,93844,movie,tt0181316
Revenge,1986.0,Drama,5.3,38,movie,tt0181740
The Outsider,1983.0,Drama,8.2,13,tvSeries,tt0181746
Sherlock Holmes,1995.0,Mystery,5.2,27,tvMovie,tt0181813
Terminator 3: Rise of the Machines,2003.0,"Action,Sci-Fi",6.3,440016,movie,tt0181852
The Forgotten,1988.0,Drama,7.5,516,movie,tt0181908
Heidi,1986.0,Adult,6.2,64,movie,tt0182216
Iqbal,1998.0,Drama,6.5,113,tvMovie,tt0182247
Rurouni Kenshin,1996.0,"Action,Adventure,Animation",8.5,22241,tvSeries,tt0182629
Destiny,1972.0,"Crime,Drama",7.1,469,movie,tt0182694
Black Spot,1994.0,Action,6.9,34,movie,tt0182826
Family Business,1978.0,,8.3,33,movie,tt0183069
Theater of Life,1958.0,Drama,7.7,15,movie,tt0183307
The Secret,1993.0,,7.9,10,movie,tt0183749
Sin City,1986.0,Adult,5.9,30,movie,tt0183789
The Outsiders,1968.0,"Crime,Drama",6.7,28,movie,tt0184709
A Lost Woman,1976.0,Drama,6.4,56,movie,tt0184814
Snow Day,2000.0,"Adventure,Comedy,Family",5.2,14784,movie,tt0184907
Ghulam-E-Musthafa,1997.0,"Action,Crime,Drama",6.7,1469,movie,tt0185335
Know Your Enemy - Japan,1945.0,"Documentary,History,War",6.0,881,movie,tt0185405
Kopitiam,1998.0,Comedy,7.8,50,tvSeries,tt0185406
Little Nicky,2000.0,"Comedy,Fantasy",5.3,120370,movie,tt0185431
Money Talks,1972.0,"Comedy,Documentary",5.7,61,movie,tt0185509
Suits,1999.0,Comedy,4.1,241,movie,tt0185711
Revenge,1964.0,"Action,Drama",7.6,688,movie,tt0185842
Big Time,1977.0,"Comedy,Crime",5.4,47,movie,tt0185931
Frequency,2000.0,"Crime,Drama,Mystery",7.4,124816,movie,tt0186151
The Game,1998.0,,6.2,6,tvMovie,tt0186155
Much Ado About Nothing,1988.0,"Comedy,Romance",6.4,24,tvMovie,tt0186375
Alone,1976.0,Drama,6.8,8,movie,tt0186559
Space Cowboys,2000.0,"Action,Adventure,Thriller",6.5,90514,movie,tt0186566
Take Me,1988.0,Adult,6.5,62,movie,tt0186600
Travelers,1996.0,Talk-Show,8.3,100,tvSeries,tt0186778
By the Sea,1982.0,Comedy,7.4,372,tvMovie,tt0186906
Guru,1980.0,"Action,Crime,Drama",6.6,470,movie,tt0187108
Himmatwala,1983.0,"Action,Comedy,Drama",4.7,442,movie,tt0187150
Playing with Fire,1983.0,Adult,6.7,182,movie,tt0187409
Survivor,1999.0,"Action,Drama,Mystery",4.4,324,tvMovie,tt0187534
Taxi Driver,1978.0,"Action,Drama",4.9,46,movie,tt0187542
Zoo,1999.0,"Comedy,Thriller",6.4,89,movie,tt0187614
Mercy,2000.0,"Mystery,Thriller",5.3,2627,movie,tt0188055
Happy New Year,1986.0,"Action,Comedy,Crime",7.9,323,movie,tt0188206
Teresa,1961.0,Drama,7.2,58,movie,tt0188231
House Arrest,1999.0,Comedy,5.3,112,movie,tt0189028
Another Life,1992.0,"Drama,Sci-Fi",6.5,72,movie,tt0189177
Into the Night,1930.0,Drama,7.2,291,movie,tt0189459
Dushman,1998.0,"Action,Crime,Drama",6.8,2452,movie,tt0189492
Miss Julie,1999.0,Drama,6.1,1692,movie,tt0189744
No Tomorrow,1999.0,"Action,Thriller",3.9,466,movie,tt0189810
Ordinary Heroes,1999.0,Drama,7.1,360,movie,tt0189954
Ghost Rider,1999.0,"Action,Adventure,Sci-Fi",5.1,64,tvSeries,tt0190183
"Crouching Tiger, Hidden Dragon",2000.0,"Action,Adventure,Drama",7.8,296913,movie,tt0190332
The Dancer,2000.0,Drama,5.7,1144,movie,tt0190346
Left Behind: The Movie,2000.0,"Action,Drama,Fantasy",4.4,11179,movie,tt0190524
Possessed,1974.0,"Adult,Horror",4.7,40,movie,tt0190656
Sex Drive,1985.0,Adult,5.2,31,movie,tt0190762
Tiger,1998.0,"Comedy,Family",5.6,84,movie,tt0190829
The Truth,1998.0,"Crime,Mystery,Thriller",7.2,464,movie,tt0190842
Target,1999.0,,7.3,8,tvSeries,tt0190927
Popeye,1998.0,,5.9,26,movie,tt0191368
The Bridge,1999.0,"Drama,Romance",6.3,646,movie,tt0191610
The Emigrant,1940.0,"Comedy,Drama",6.6,19,movie,tt0191670
The Master,1966.0,"Family,Sci-Fi",7.3,15,tvSeries,tt0191703
28 Days,2000.0,"Comedy,Drama",6.1,58202,movie,tt0191754
Against the Tide,1997.0,"Action,Thriller",3.1,28,movie,tt0191765
The Little Vampire,2000.0,"Adventure,Comedy,Family",5.8,12615,movie,tt0192255
The Evil Dead,1922.0,Action,5.3,28,movie,tt0192586
Sparkle,1999.0,Drama,5.3,57,movie,tt0192626
Voyeur,1985.0,"Adult,Drama,Mystery",6.7,65,movie,tt0192762
Genius,1999.0,"Comedy,Family,Romance",6.0,2376,tvMovie,tt0193187
Damnation,1998.0,Horror,7.5,24,movie,tt0193276
The Order,2001.0,"Action,Adventure,Comedy",4.7,10232,movie,tt0193364
The Protector,1998.0,Action,5.5,122,movie,tt0193437
Voyeur,1999.0,Drama,4.2,145,movie,tt0193613
1994,1994.0,Drama,7.8,24,movie,tt0193692
Possessed,1999.0,"Drama,Fantasy,Horror",6.2,851,movie,tt0193763
Deep Water,1999.0,Thriller,6.5,308,tvMovie,tt0194834
Osmosis,2003.0,"Comedy,Drama,Romance",5.9,104,movie,tt0195119
Possessed,2000.0,"Drama,Horror",5.3,1863,tvMovie,tt0195165
Prince Charming,1999.0,"Drama,Romance",5.6,323,movie,tt0195185
Dandy,1970.0,Drama,5.0,82,movie,tt0195626
Fireworks,1981.0,"Adult,Comedy",5.8,54,movie,tt0195707
Final Destination,2000.0,"Horror,Thriller",6.7,340040,movie,tt0195714
Life,1920.0,Drama,6.6,28,movie,tt0195880
Revelations,1976.0,Adult,4.2,13,movie,tt0196052
Strange Weather,1993.0,Drama,6.5,29,movie,tt0196121
The Outsiders,1976.0,Adventure,8.7,51,tvSeries,tt0196279
She's Gotta Have It,1998.0,Reality-TV,4.2,10,tvSeries,tt0196291
The Ruthless,1965.0,"Crime,Drama",6.5,187,movie,tt0196312
The Other,1999.0,"Drama,Romance",6.0,1140,movie,tt0196355
Sweetheart,1977.0,"Adult,Crime",5.3,40,movie,tt0196993
Sylvia,1977.0,Adult,5.2,139,movie,tt0196994
The Force,1999.0,,7.8,14,tvMovie,tt0197150
An American Tail: The Mystery of the Night Monster,1999.0,"Adventure,Animation,Family",5.7,1622,movie,tt0197230
Paranoid,2000.0,"Crime,Horror,Thriller",4.0,2480,movie,tt0197750
Up in the Air,1984.0,Adult,4.2,17,movie,tt0197993
Child's Play,1982.0,"Family,Game-Show",7.1,63,tvSeries,tt0198087
Jackpot,1974.0,Game-Show,6.8,29,tvSeries,tt0198158
Jackpot,1985.0,Game-Show,6.4,12,tvSeries,tt0198159
The Crew,2000.0,"Comedy,Crime",5.6,5676,movie,tt0198386
Once Upon a Time,1933.0,Drama,6.4,8,movie,tt0198556
Manhunt,1978.0,,5.7,12,movie,tt0198706
The Scarecrow,1972.0,"Drama,Fantasy,Romance",6.7,209,tvMovie,tt0198999
The Visit,2000.0,Drama,6.4,300,movie,tt0199129
Gypsy,1995.0,"Drama,Romance",7.2,44,tvSeries,tt0199287
The Body,1970.0,Documentary,6.9,183,movie,tt0199369
Head On,1971.0,Drama,6.7,14,movie,tt0199586
The Guest,1998.0,,6.4,11,movie,tt0199916
Revenge,1968.0,"Drama,Mystery,Thriller",6.0,12,movie,tt0200009
The West Wing,1999.0,Drama,8.9,100643,tvSeries,tt0200276
The Parkers,1999.0,Comedy,7.0,3014,tvSeries,tt0200353
VS.,1999.0,"Comedy,Game-Show",6.1,20,tvSeries,tt0201398
The Master,1980.0,"Action,Comedy",6.7,502,movie,tt0201470
The Body,2001.0,"Drama,Mystery,Romance",5.4,8701,movie,tt0201485
Indiscretion,1937.0,Drama,6.7,64,movie,tt0201542
Tiger,1973.0,Action,5.6,14,movie,tt0201555
Thunderbolt,1973.0,"Action,Adventure",6.5,51,movie,tt0201985
Stop & Go,1998.0,Drama,2.2,15,tvSeries,tt0202186
Love.com,2002.0,Thriller,2.0,201,movie,tt0202458
Monty Python's Fliegender Zirkus,1972.0,Comedy,8.0,2424,tvMiniSeries,tt0202477
Paprika,1959.0,Comedy,6.7,24,movie,tt0202519
Puss in Boots,1999.0,"Animation,Family,Fantasy",4.4,168,movie,tt0202536
The Body,1962.0,Drama,6.2,22,movie,tt0202546
Then Came You,2000.0,Comedy,7.2,57,tvSeries,tt0202766
The Incident,1978.0,"Crime,Drama,Mystery",6.5,195,movie,tt0202932
Together,2000.0,"Comedy,Drama,Romance",7.4,24345,movie,tt0203166
Seventeen,1994.0,Drama,5.1,43,tvMovie,tt0203885
My Way,1974.0,Drama,6.8,49,movie,tt0204039
Dogs,1999.0,"Crime,Drama,Romance",5.4,27,movie,tt0204283
Survivor,1987.0,"Action,Adventure,Drama",4.5,285,movie,tt0204661
Ultraman,1967.0,"Action,Sci-Fi,Thriller",7.3,374,movie,tt0204714
Ultraman,1979.0,"Action,Fantasy,Sci-Fi",7.0,90,movie,tt0204715
Lincoln,1974.0,"Drama,War",7.9,132,tvMiniSeries,tt0205688
Zinzana,1999.0,"Crime,Drama",8.0,65,tvSeries,tt0206456
Justice,2001.0,Documentary,6.3,10,tvMovie,tt0206849
Mann - Soul's Heart,1999.0,"Drama,Romance",6.2,6394,movie,tt0206921
The Miracle,1975.0,Documentary,6.8,6,movie,tt0206941
Time Share,2000.0,"Comedy,Family,Romance",5.7,1520,movie,tt0207161
Black Heart,1994.0,Horror,5.4,13,movie,tt0207342
Mario Salieri's Dracula,1994.0,"Adult,Horror",6.1,358,movie,tt0207432
The Cruise,1998.0,Documentary,7.9,51,tvSeries,tt0207879
Bad Blood,1999.0,Thriller,5.4,17,tvMovie,tt0207989
Cain and Abel,1954.0,"Comedy,Drama",5.3,16,movie,tt0208029
Miss Julie,1986.0,Drama,5.1,22,tvMovie,tt0208302
Taken,1999.0,"Drama,Thriller",5.5,188,movie,tt0208495
Desire,2000.0,"Drama,Romance,Thriller",6.1,120,movie,tt0208883
Disco Dancer,1982.0,"Action,Drama,Musical",6.4,1968,movie,tt0208903
In Between,1978.0,,7.3,47,movie,tt0209039
Innocent,1999.0,Drama,6.0,27,movie,tt0209046
Summertime,1983.0,,3.0,14,movie,tt0209383
Cold Feet,1999.0,"Comedy,Drama,Romance",7.3,76,tvSeries,tt0209582
The Cell,2000.0,"Crime,Horror,Sci-Fi",6.4,115754,movie,tt0209958
The Deep,1970.0,"Drama,Thriller",6.4,308,movie,tt0209994
Desire,1982.0,Adult,6.3,121,movie,tt0209998
Gemini,1999.0,"Drama,Fantasy,Horror",6.7,3212,movie,tt0210302
Center Stage,2000.0,"Drama,Music,Romance",6.7,22882,movie,tt0210616
The Promise,1999.0,Drama,6.3,227,tvMovie,tt0210925
Requiem,1986.0,Drama,6.1,23,movie,tt0210946
The Forest,2002.0,"Drama,Romance",5.6,311,movie,tt0210971
Turbo,2000.0,"Crime,Drama,Mystery",6.6,40,tvSeries,tt0211172
Bitch,1965.0,,5.8,39,movie,tt0211260
Chasing the Dragon,2000.0,Drama,6.8,36,movie,tt0211296
Cold Feet,1999.0,"Drama,Romance",5.4,87,movie,tt0211316
Kingpin,1985.0,Drama,7.1,41,movie,tt0211464
Wanderlust,1998.0,Drama,5.3,20,movie,tt0211472
Soldier,1998.0,"Action,Drama,Musical",6.3,3823,movie,tt0211634
Watership Down,1999.0,"Adventure,Animation,Family",7.6,1183,tvSeries,tt0211882
Awake,2007.0,"Crime,Drama,Mystery",6.5,88693,movie,tt0211933
Berlin Calling,2008.0,"Comedy,Drama,Music",7.2,16150,movie,tt0211946
Domino,1943.0,,5.3,40,movie,tt0212110
Bodyguard,1998.0,"Action,Drama,Romance",6.3,25,movie,tt0212352
The Search,1994.0,Drama,2.9,30,tvMovie,tt0212492
The Wishing Tree,2000.0,Fantasy,6.4,421,tvMovie,tt0212615
Power Rangers Lightspeed Rescue,2000.0,"Action,Adventure,Drama",6.5,2590,tvSeries,tt0212686
Aquarius,2000.0,"Action,Sci-Fi",6.4,30,movie,tt0212774
Guest House,1959.0,Mystery,5.2,16,movie,tt0212978
Hannibal,2001.0,"Crime,Drama,Thriller",6.8,316087,movie,tt0212985
Maska,1978.0,Drama,6.0,8,tvMovie,tt0213079
Rugrats in Paris,2000.0,"Adventure,Animation,Comedy",6.2,14680,movie,tt0213203
Rustom,1982.0,Drama,6.1,36,movie,tt0213206
The Kite,1999.0,Drama,6.7,31,movie,tt0213213
Oggy and the Cockroaches,1997.0,"Adventure,Animation,Comedy",7.5,6455,tvSeries,tt0213363
Wanted,1999.0,"Drama,Fantasy,Western",6.7,441,movie,tt0214292
Grass,1999.0,"Documentary,History",7.2,3659,movie,tt0214730
Love Is War,1970.0,Drama,5.1,36,movie,tt0214890
Rocky,1981.0,"Action,Romance",6.5,742,movie,tt0215132
Russian Doll,2001.0,"Comedy,Drama,Romance",6.1,508,movie,tt0215139
Stree,1972.0,Drama,8.7,73,movie,tt0215215
A Family Affair,1979.0,Drama,6.2,9,tvMiniSeries,tt0215411
Straight Up,1996.0,"Drama,Family",7.8,23,tvSeries,tt0215441
Koshish,1972.0,Drama,8.4,1894,movie,tt0215911
Angel of Death,2001.0,"Drama,Thriller",4.2,840,movie,tt0216196
Numbered,1998.0,"Crime,Thriller",6.1,60,movie,tt0216545
Offspring,1997.0,,2.9,36,movie,tt0216557
The Captive,2000.0,"Drama,Music,Romance",6.0,2439,movie,tt0216605
The Degenerates,1967.0,"Sci-Fi,Thriller",6.2,64,movie,tt0216679
Hum Saath-Saath Hain,1999.0,"Drama,Musical",6.4,11193,movie,tt0216817
Drive,1974.0,"Adult,Thriller",6.4,50,movie,tt0217402
Gangs of New York,2002.0,"Crime,Drama",7.5,509766,movie,tt0217505
Nang Nak,1999.0,"Action,Horror,Romance",6.5,2087,movie,tt0217680
Another Life,2001.0,"Crime,Drama,Romance",6.2,713,movie,tt0218000
Black Friday,2001.0,Action,3.2,247,movie,tt0218053
The Calling,2000.0,"Horror,Thriller",4.4,2193,movie,tt0218067
Life Sentence,2004.0,"Drama,Thriller",6.3,23,movie,tt0218400
Pukar,2000.0,"Action,Drama,Romance",6.7,2837,movie,tt0218533
The King,1936.0,Comedy,6.0,39,movie,tt0218557
Blind Date,1999.0,"Comedy,Reality-TV,Romance",6.1,477,tvSeries,tt0218748
Detention,1999.0,"Animation,Comedy,Family",7.1,143,tvSeries,tt0218759
The Last Summer,1997.0,"Biography,Drama,History",6.6,82,tvMovie,tt0218932
The Mask of Zorro,2000.0,"Action,Adventure",6.4,21,movie,tt0219169
Cops and Robbers,1994.0,"Action,Crime,Drama",7.1,111,tvSeries,tt0219449
Daybreak,2000.0,"Action,Adventure,Drama",4.2,474,movie,tt0219640
The Gift,2000.0,"Drama,Fantasy,Horror",6.7,82219,movie,tt0219699
Highway,1999.0,Documentary,7.3,110,movie,tt0219779
Human Nature,2001.0,"Comedy,Drama",6.4,19612,movie,tt0219822
House in Naples,1965.0,Drama,6.0,14,movie,tt0220538
Khoobsurat,1999.0,"Action,Comedy,Crime",5.3,979,movie,tt0220597
The Phantom of the Opera,1991.0,"Drama,Horror,Musical",4.4,150,tvMovie,tt0220699
Blow,2001.0,"Biography,Crime,Drama",7.5,288830,movie,tt0221027
Cardcaptor Sakura,1998.0,"Action,Adventure,Animation",8.0,6563,tvSeries,tt0221735
Fanatic,1999.0,,4.7,19,tvSeries,tt0221747
El desconocido,1974.0,"Action,Drama,Thriller",7.6,39,movie,tt0221909
Detention,1998.0,Drama,6.7,47,movie,tt0221910
Fifty,1999.0,"Documentary,Sport",6.7,84,movie,tt0221959
The King,1968.0,"Drama,Romance",4.7,13,movie,tt0222115
Mind Game,1998.0,,7.0,16,movie,tt0222199
Phir Bhi Dil Hai Hindustani,2000.0,"Comedy,Drama,Musical",6.2,9537,movie,tt0222270
Baby,2000.0,Drama,5.8,233,tvMovie,tt0222776
Brother,2000.0,"Crime,Drama,Thriller",7.1,26080,movie,tt0222851
Justice,1999.0,Drama,3.6,111,tvMovie,tt0223592
Black Snow,1965.0,"Crime,Drama,Thriller",6.3,182,movie,tt0223618
Messiah,1999.0,"Documentary,Music",6.6,116,movie,tt0223729
21,2000.0,"Comedy,Drama,Romance",7.2,98,movie,tt0224451
Chewin' the Fat,1999.0,Comedy,8.2,1577,tvSeries,tt0224464
Breakout,1959.0,Drama,6.5,97,movie,tt0224679
Les Misérables,1967.0,Drama,7.1,29,tvMiniSeries,tt0224922
Rebelde,1989.0,"Drama,Romance",6.6,17,tvSeries,tt0224954
Angel Eyes,2001.0,"Drama,Romance",5.7,27183,movie,tt0225071
Children of God,1999.0,,4.9,61,movie,tt0225915
Love,1999.0,"Drama,Romance",5.7,183,movie,tt0226093
One 2 Ka 4,2001.0,"Action,Crime,Drama",5.5,6236,movie,tt0227194
The Score,2001.0,"Crime,Drama,Thriller",6.8,145256,movie,tt0227445
The Secret,2000.0,"Drama,Romance",6.0,939,movie,tt0227458
Spy Kids,2001.0,"Action,Adventure,Comedy",5.7,137231,movie,tt0227538
Us and Them,1995.0,Comedy,5.5,17,tvSeries,tt0227966
Heidi,1974.0,"Drama,Family",8.1,112,tvMiniSeries,tt0228374
North & South,1975.0,"Drama,Romance",7.0,228,tvMiniSeries,tt0228651
The Phantom of the Opera,1991.0,"Crime,Horror,Music",5.7,13,tvMiniSeries,tt0229125
The Promise,1988.0,Drama,6.9,76,tvMiniSeries,tt0229155
Girlfriends,2000.0,Drama,5.8,120,movie,tt0229226
Captive,1998.0,Thriller,4.5,152,tvMovie,tt0229290
First Love,2000.0,Romance,7.1,264,movie,tt0229432
Jackpot,1960.0,Drama,5.8,229,movie,tt0229486
El Chavo,1972.0,"Comedy,Family",8.7,17607,tvSeries,tt0229889
Dil,1946.0,"Drama,Musical,Romance",6.0,56,movie,tt0230140
Duniya,1949.0,"Drama,Family",6.4,57,movie,tt0230165
Fashion,1943.0,"Adventure,Drama,Musical",8.0,58,movie,tt0230204
Khoon Khoon,1973.0,"Action,Crime,Thriller",4.9,72,movie,tt0230412
Masoom,1941.0,"Action,Crime,Drama",7.8,70,movie,tt0230508
Mama's Boy,1970.0,Comedy,5.1,42,movie,tt0230606
Shikari,1963.0,"Action,Adventure,Horror",5.9,86,movie,tt0230771
Taxi Driver,1973.0,Romance,6.1,41,movie,tt0230859
The Beat,2000.0,"Crime,Drama,Mystery",5.8,101,tvSeries,tt0231013
Transformers: Robots in Disguise,2000.0,"Action,Adventure,Animation",6.6,689,tvSeries,tt0231050
Redemption,1961.0,Drama,4.1,10,movie,tt0231168
Justice,1956.0,Drama,5.3,7,movie,tt0231795
Miss India,1957.0,Drama,7.0,25,movie,tt0232107
Peppermint,1999.0,"Comedy,Drama,Family",6.8,1086,movie,tt0232295
Destiny,1943.0,Drama,5.9,25,movie,tt0232770
The Bridge,1949.0,Drama,7.4,148,movie,tt0233386
Fearless,1999.0,"Action,Drama",4.6,78,tvMovie,tt0233712
Hello Brother,1999.0,"Action,Comedy,Fantasy",4.7,5241,movie,tt0233856
Jail,1966.0,,7.2,6,movie,tt0233963
The Little Prince,1966.0,"Family,Fantasy",6.6,135,movie,tt0234182
The Matrix Reloaded,2003.0,"Action,Sci-Fi",7.2,675678,movie,tt0234215
The Theory of Everything,2000.0,Drama,6.6,31,tvMovie,tt0234878
Banana Split,1988.0,Comedy,5.8,56,movie,tt0235212
The Game,1984.0,Horror,3.5,664,movie,tt0235406
Horror Story,1997.0,Thriller,3.8,30,movie,tt0235466
Lucifer,1987.0,Horror,3.3,297,movie,tt0235555
Miracle,2000.0,"Comedy,Drama,Family",5.9,676,movie,tt0235596
West Coast,2000.0,Drama,8.4,53,movie,tt0235877
The Original Kings of Comedy,2000.0,"Comedy,Documentary",6.9,6408,movie,tt0236388
Lal Patthar,1971.0,Drama,6.0,189,movie,tt0237395
Burn Out,1998.0,,4.0,9,movie,tt0238103
Equilibrium,2002.0,"Action,Drama,Sci-Fi",7.3,364575,movie,tt0238380
Nobel,2001.0,Drama,6.6,27,movie,tt0238462
Revenge,1980.0,Drama,5.6,12,movie,tt0238470
Retribution,1998.0,"Crime,Drama",2.7,12,movie,tt0238554
Wormwood,2001.0,Drama,7.3,31,movie,tt0238735
Gilmore Girls,2000.0,"Comedy,Drama",8.2,176400,tvSeries,tt0238784
Black,1987.0,Drama,7.4,19,movie,tt0238867
About Time,1985.0,,6.8,13,tvSeries,tt0239155
Survivor,2000.0,"Adventure,Game-Show,Reality-TV",7.6,30357,tvSeries,tt0239195
The Bar,1980.0,Drama,7.7,38,movie,tt0239249
Girl,2001.0,Drama,6.5,75,movie,tt0239430
Gypsy,2000.0,"Drama,Thriller",3.7,322,movie,tt0239432
Jaal,1986.0,"Action,Drama,Thriller",5.0,194,movie,tt0239495
Muqaddar ka Faisla,1987.0,"Action,Comedy,Drama",4.9,117,movie,tt0239682
Lifeline,1991.0,,8.4,27,tvSeries,tt0240277
Ocean's Eleven,2001.0,"Crime,Thriller",7.7,681325,movie,tt0240772
Search Party,1999.0,Game-Show,6.3,26,tvSeries,tt0241126
Bully,2001.0,"Biography,Crime,Drama",6.9,42431,movie,tt0242193
Exit Wounds,2001.0,"Action,Crime,Thriller",5.6,37610,movie,tt0242445
Hera Pheri,2000.0,"Action,Comedy,Crime",8.2,81757,movie,tt0242519
Mahabharat,1965.0,"Action,Adventure,Fantasy",7.3,138,movie,tt0242636
The Matrix Revolutions,2003.0,"Action,Sci-Fi",6.7,579375,movie,tt0242653
Money Talks,1932.0,Comedy,5.7,63,movie,tt0242695
Lawless,1999.0,"Crime,Thriller",6.1,119,tvMovie,tt0243379
Stuart Little 2,2002.0,"Adventure,Comedy,Family",5.5,62388,movie,tt0243585
Wet Hot American Summer,2001.0,"Comedy,Romance",6.5,64849,movie,tt0243655
The Magicians,2000.0,"Action,Fantasy,Romance",3.9,169,tvMovie,tt0243848
The Duel,1927.0,,6.6,9,movie,tt0243875
The Duel,2000.0,"Action,Adventure,Comedy",5.8,1834,movie,tt0243876
The Outcasts,1982.0,"Drama,Fantasy",6.6,310,movie,tt0244118
Swordfish,2001.0,"Action,Crime,Thriller",6.5,204440,movie,tt0244244
First Love,2000.0,Romance,7.4,297,tvSeries,tt0244325
Pizza,2000.0,Comedy,7.4,676,tvSeries,tt0244357
Star Trek: Enterprise,2001.0,"Action,Adventure,Drama",7.6,64951,tvSeries,tt0244365
Talaash,1992.0,"Drama,Mystery",8.1,48,tvSeries,tt0244366
Faraar,1965.0,"Mystery,Thriller",5.4,16,movie,tt0244508
Khubsoorat,1980.0,"Comedy,Drama,Family",7.6,2094,movie,tt0244585
High Society,1995.0,"Crime,Drama,Mystery",7.4,32,movie,tt0244763
Swami,1987.0,,8.4,54,tvSeries,tt0244931
Accident,1985.0,"Crime,Drama,Thriller",8.3,275,movie,tt0244949
Someone Like You,2001.0,"Comedy,Romance",6.1,27866,movie,tt0244970
The Golem,2000.0,Horror,7.6,7,tvMovie,tt0245136
Moonlight,2002.0,Thriller,6.0,845,movie,tt0245294
Perfume,2001.0,Drama,3.6,1167,movie,tt0245356
Chal Mere Bhai,2000.0,"Comedy,Romance",4.8,3961,movie,tt0245825
Hero,1984.0,"Action,Adventure",6.2,50,movie,tt0245942
Master,1997.0,"Action,Drama",6.8,412,movie,tt0246070
Bad Guys,2000.0,"Action,Adventure",5.7,77,movie,tt0246446
Bazaar,1982.0,"Drama,Family",7.3,680,movie,tt0246456
Die Another Day,2002.0,"Action,Adventure,Thriller",6.1,242285,movie,tt0246460
The Last Dance,2000.0,Drama,7.2,458,tvMovie,tt0246748
The Mechanism,2000.0,"Action,Crime",6.0,840,movie,tt0246776
Girlfriends,2000.0,"Comedy,Drama,Romance",7.5,5609,tvSeries,tt0247102
Cursed,2000.0,Comedy,6.4,134,tvSeries,tt0247134
Welcome to New York,2000.0,Comedy,7.5,83,tvSeries,tt0247142
Mischief,1969.0,Family,4.0,7,movie,tt0247526
Nazi Concentration and Prison Camps,1945.0,"Documentary,History",8.3,1850,movie,tt0247568
Sohni Mahiwal,1958.0,"Musical,Romance",6.0,18,movie,tt0247712
War,1997.0,,4.7,9,movie,tt0247812
Aquarius,1970.0,Documentary,6.5,42,tvSeries,tt0247852
Forensic Files,1996.0,"Crime,Documentary",8.8,8289,tvSeries,tt0247882
Yu-Gi-Oh! Duel Monsters,2000.0,"Action,Adventure,Animation",8.2,4522,tvSeries,tt0247902
Fiza,2000.0,"Crime,Drama,Romance",6.0,4795,movie,tt0248012
Invitation,2003.0,"Drama,Horror,Thriller",4.3,730,movie,tt0248110
Shiva,1989.0,"Action,Crime,Drama",8.0,4443,movie,tt0248428
Zoom,2000.0,"Comedy,Crime,Drama",6.5,79,movie,tt0248625
Chambers,2000.0,Comedy,7.0,27,tvSeries,tt0249285
Messiah,2001.0,"Crime,Drama,Mystery",7.9,2154,tvMiniSeries,tt0249301
Yu-Gi-Oh!,2000.0,"Action,Adventure,Animation",7.4,26244,tvSeries,tt0249327
Asoka,2001.0,"Action,Biography,Drama",6.4,16350,movie,tt0249371
Billy Elliot,2000.0,"Drama,Music",7.7,153447,movie,tt0249462
Family Reunion,1989.0,Horror,4.8,526,movie,tt0249506
My Way,1972.0,"Drama,Family,Sport",6.7,37,movie,tt0250116
Brothers,1962.0,Drama,6.0,8,movie,tt0250270
Enemy,1990.0,,2.3,30,movie,tt0250436
Kya Kehna,2000.0,"Drama,Romance",5.8,2494,movie,tt0250483
The Queen,2000.0,Documentary,6.8,41,movie,tt0250484
Refugee,2000.0,"Drama,Musical,Romance",5.2,2253,movie,tt0250690
Prince,1992.0,,3.8,13,movie,tt0250727
Haven,2001.0,"Biography,Drama,History",6.4,624,tvMovie,tt0250862
Evolution,2001.0,"Comedy,Sci-Fi",6.1,142871,movie,tt0251075
The Innocents,1999.0,"Drama,Family",6.5,34,movie,tt0251142
Larceny,2004.0,Comedy,4.2,238,movie,tt0251179
Siren,2000.0,Drama,5.4,50,movie,tt0251402
I'm Sorry,1982.0,Drama,7.6,68,movie,tt0251752
Joker,1993.0,"Comedy,Drama,Family",7.0,75,movie,tt0251755
Followers,2000.0,Drama,6.4,103,movie,tt0252445
The Secret,2000.0,Drama,6.8,368,tvMiniSeries,tt0253663
Be Somebody,2002.0,Romance,6.6,15,movie,tt0253933
The Apostate,1974.0,Drama,5.3,18,movie,tt0254115
Brothers,2000.0,"Comedy,Drama",2.3,92,movie,tt0254197
Dog Eat Dog,2001.0,"Comedy,Drama",4.8,255,movie,tt0254284
Imago,2001.0,Fantasy,6.8,31,movie,tt0254324
The Circle,2000.0,Drama,7.4,7500,movie,tt0255094
Friends,1999.0,"Comedy,Drama",7.6,1193,movie,tt0255178
Hamara Dil Aapke Paas Hai,2000.0,"Action,Drama,Romance",5.5,2250,movie,tt0255212
Hit & Run,2000.0,Documentary,6.8,34,movie,tt0255218
Persona,2000.0,"Fantasy,Mystery",5.3,262,movie,tt0255293
Medal of Honor,1999.0,War,8.5,69,tvMovie,tt0255361
Tortilla Soup,2001.0,"Comedy,Drama,Romance",6.7,5598,movie,tt0255653
Desire,1983.0,Drama,7.8,20,movie,tt0255777
Hide and Seek,1984.0,Drama,6.6,64,tvMovie,tt0256073
Lock,1983.0,"Horror,Thriller",3.1,23,movie,tt0256156
Power Rangers Time Force,2001.0,"Action,Adventure,Crime",7.1,3319,tvSeries,tt0256278
Killers,1996.0,"Horror,Mystery,Thriller",5.2,1493,movie,tt0256858
S.W.A.T.,2003.0,"Action,Adventure,Crime",6.1,160758,movie,tt0257076
Ludo,1985.0,Family,7.4,54,tvMiniSeries,tt0257312
Cursed,2005.0,"Comedy,Horror,Mystery",5.1,37655,movie,tt0257516
One of Us,2000.0,Documentary,5.0,7,movie,tt0257985
Panic Room,2002.0,"Crime,Drama,Thriller",6.8,316640,movie,tt0258000
Merlin,1980.0,"Adventure,Comedy,Fantasy",6.5,54,tvSeries,tt0258362
Khushi,2001.0,"Drama,Romance",8.1,6572,movie,tt0258490
Submission,1969.0,"Drama,Horror",5.6,111,movie,tt0258997
Family Business,1996.0,Family,6.8,8,tvMovie,tt0259305
Ghost Rider,2007.0,"Action,Fantasy,Thriller",5.3,273223,movie,tt0259324
Paid in Full,2002.0,"Action,Crime,Drama",7.0,16643,movie,tt0259484
Jailbreak,2000.0,"Game-Show,Reality-TV",7.6,26,tvSeries,tt0259780
Guest House,1980.0,Horror,6.2,79,movie,tt0260060
The Mansion,1989.0,Horror,4.5,26,movie,tt0261035
Prince Charming,2001.0,"Adventure,Comedy,Family",6.0,2584,tvMovie,tt0261203
Jay and Silent Bob Strike Back,2001.0,Comedy,6.8,167235,movie,tt0261392
The Outsider,2001.0,"Action,Drama,Family",6.2,232,tvSeries,tt0261486
Happy Old Year,1987.0,Drama,6.3,265,movie,tt0261690
Iceman,1999.0,Drama,6.5,22,movie,tt0261744
Jackpot,2001.0,"Comedy,Drama",5.5,611,movie,tt0261755
The Killer,1953.0,"Adventure,Crime,Drama",6.6,48,movie,tt0261777
The Silent War,1961.0,"Adventure,Crime",5.1,11,movie,tt0261984
Tukaram,1938.0,"Drama,Musical",6.0,8,movie,tt0262075
Dogs,1997.0,,4.0,17,tvSeries,tt0262158
Blood Money,1999.0,"Crime,Drama,Thriller",4.3,142,tvMovie,tt0262291
The Promise,1969.0,Drama,6.8,66,movie,tt0262709
Thug Life,2001.0,"Action,Crime",2.6,196,movie,tt0262828
Kaleidoscope,1946.0,,7.0,42,tvSeries,tt0262965
Alone,2002.0,"Horror,Mystery,Thriller",4.2,688,movie,tt0263053
Mama's Boy,1964.0,"Comedy,Romance",5.5,56,movie,tt0263059
Mine,1982.0,Drama,6.6,661,movie,tt0263747
Warrior,1975.0,Documentary,7.4,39,tvMovie,tt0264169
Equinox,1986.0,Documentary,7.2,34,tvSeries,tt0264241
Going for Gold,1987.0,Game-Show,6.7,107,tvSeries,tt0264250
Highway,1983.0,History,5.7,19,tvSeries,tt0264257
Catch Me If You Can,2002.0,"Biography,Crime,Drama",8.1,1261082,movie,tt0264464
Moonlight,2000.0,,3.6,13,movie,tt0264921
The Beat,1993.0,Music,6.6,10,tvSeries,tt0264961
Baby,1940.0,Drama,6.1,23,movie,tt0265059
Black Hawk Down,2001.0,"Action,Drama,History",7.7,458691,movie,tt0265086
Big Fat Liar,2002.0,"Adventure,Comedy,Family",5.6,43213,movie,tt0265298
Money,1993.0,"Action,Comedy,Drama",7.4,230,movie,tt0265341
Paranoid,2000.0,"Horror,Thriller",2.8,315,movie,tt0265496
Playing with Fire,2000.0,"Action,Mystery,Thriller",6.2,28,tvMovie,tt0265537
The Beast,2000.0,Thriller,3.0,48,tvMovie,tt0265863
Conspiracy,2001.0,"Biography,Drama,History",7.6,30629,tvMovie,tt0266425
Kill Bill: Vol. 1,2003.0,"Action,Crime,Thriller",8.2,1322055,movie,tt0266697
Haseena Maan Jaayegi,1999.0,"Action,Comedy,Romance",6.4,4143,movie,tt0267548
K-19: The Widowmaker,2002.0,"Drama,History,Thriller",6.7,72808,movie,tt0267626
Maza Pati Karodpati,1988.0,Drama,7.1,158,movie,tt0267739
She,2001.0,"Action,Adventure,Fantasy",3.5,192,movie,tt0267923
The Search,1981.0,"Drama,Horror",6.3,20,movie,tt0267924
Ramayan,1987.0,"Adventure,Drama,Family",9.0,28123,tvSeries,tt0268093
The Beast,2001.0,Drama,7.0,84,tvSeries,tt0268175
Dushman,1990.0,"Action,Drama",6.1,82,movie,tt0268273
Jimmy Neutron: Boy Genius,2001.0,"Action,Adventure,Animation",6.1,40914,movie,tt0268397
Cabin Fever,2000.0,Drama,6.8,416,movie,tt0268509
Singapore,1960.0,"Crime,Thriller",6.5,99,movie,tt0268639
The Time Machine,2002.0,"Action,Adventure,Sci-Fi",6.0,136726,movie,tt0268695
Agent,2000.0,"Adventure,Game-Show",6.4,12,tvSeries,tt0268779
The Outcasts,2001.0,"Crime,Thriller",7.9,60,movie,tt0268909
All About Love,2001.0,Drama,5.4,488,movie,tt0269138
The Beast,1986.0,Drama,4.5,54,movie,tt0269185
Iris,2000.0,Drama,7.5,81,movie,tt0269372
Powder,2001.0,"Comedy,Drama",4.1,69,movie,tt0269742
Vizontele,2001.0,"Comedy,Drama,History",8.0,41568,movie,tt0270053
Waiting,2000.0,Comedy,5.9,174,movie,tt0270059
A Long Way Home,2003.0,Drama,5.5,270,tvMovie,tt0270822
Quicksand,2003.0,"Crime,Drama,Thriller",5.3,3016,movie,tt0271136
Haunted,1974.0,Horror,6.0,204,tvMovie,tt0271539
Jackpot,1993.0,Drama,6.3,117,movie,tt0271574
The King,1995.0,"Action,Thriller",7.6,1765,movie,tt0271595
Penalty,2000.0,,6.2,57,movie,tt0271712
Tango,1933.0,"Comedy,Drama,Musical",5.9,17,movie,tt0271815
The American President,2000.0,"Documentary,History",7.8,78,tvSeries,tt0271895
Leo the Lion,1966.0,"Animation,Drama,Family",6.8,105,tvSeries,tt0271911
Sherlock Holmes,1967.0,"Crime,Drama,Mystery",8.0,66,tvSeries,tt0271927
The Accidental Spy,2001.0,"Action,Comedy,Crime",5.8,20182,movie,tt0271946
The Congress,1989.0,"Documentary,History",7.2,428,tvMovie,tt0272052
The Forgotten,2003.0,"Action,Drama",6.5,88,movie,tt0272092
Paradise Lost,1994.0,Documentary,7.9,106,tvMovie,tt0272236
Private Lives,1976.0,"Comedy,Drama",7.3,113,tvMovie,tt0272406
Teresa,1970.0,,4.8,15,movie,tt0272881
President,1937.0,,6.2,15,movie,tt0273103
Humsafar,1953.0,"Drama,Romance",8.3,15,movie,tt0273270
Dushman,1938.0,,6.6,13,movie,tt0273553
The Bridge,1975.0,Drama,7.0,643,movie,tt0273724
The Secret,1955.0,"Crime,Drama",5.8,75,movie,tt0274082
Dushman,1957.0,Drama,7.4,24,movie,tt0274477
Undercover,1944.0,"Drama,War",6.1,510,movie,tt0274560
Lavender,2000.0,"Fantasy,Romance",6.2,592,movie,tt0274626
The Promise,1993.0,,7.2,18,movie,tt0274741
The Tribe,1999.0,"Drama,Family,Romance",7.5,3405,tvSeries,tt0274988
Benji's Very Own Christmas Story,1978.0,Family,5.3,371,tvMovie,tt0275225
Bad Education,2004.0,"Crime,Drama",7.4,66335,movie,tt0275491
The Mistress,1999.0,Drama,5.7,15,movie,tt0275523
The Family,1970.0,"Adult,Crime,Drama",3.8,20,movie,tt0276127
Justice,1973.0,"Crime,Drama",5.4,14,movie,tt0276220
P,1974.0,Adult,4.2,30,movie,tt0276382
Room for Rent,1971.0,Adult,3.1,11,movie,tt0276459
Too Hot to Handle,1950.0,"Comedy,Documentary",4.7,59,movie,tt0276574
About a Boy,2002.0,"Comedy,Drama,Romance",7.1,199731,movie,tt0276751
Stray Bullet,1960.0,"Comedy,Drama,Western",6.5,14,movie,tt0276799
Satyagraha,1984.0,"Biography,Drama,History",8.4,43,tvMovie,tt0277234
Africa,1999.0,"Adventure,Drama",4.5,197,movie,tt0277555
Circle,2001.0,"Drama,Family",5.5,27,movie,tt0277785
Killer Rats,2003.0,"Horror,Sci-Fi,Thriller",3.5,1293,movie,tt0277986
Superstar,1990.0,,5.1,25,movie,tt0278754
Run,2001.0,"Crime,Drama",8.8,17,tvMovie,tt0278922
Big Time,2001.0,Comedy,7.2,106,movie,tt0278976
Time Out,2001.0,Drama,7.3,5331,movie,tt0279065
Let There Be Light,1996.0,Horror,5.8,18,movie,tt0279191
Cops and Robbers,1997.0,"Comedy,Crime",7.9,389,tvSeries,tt0279551
The Calling,2002.0,"Biography,Drama",4.8,233,movie,tt0279721
Blood Money,1974.0,Drama,7.1,925,movie,tt0279779
Brother,2001.0,Drama,6.8,60,movie,tt0279831
Birthmarked,2001.0,"Crime,Drama,Mystery",6.6,204,tvMiniSeries,tt0279911
Whispers,2000.0,"Drama,Family",6.2,31,movie,tt0280198
Mr. Deeds,2002.0,"Comedy,Romance",5.8,165267,movie,tt0280590
Gosford Park,2001.0,"Comedy,Drama,Mystery",7.2,103279,movie,tt0280707
Heidi,2001.0,"Comedy,Drama,Family",5.7,139,movie,tt0280732
The Interview,1999.0,Comedy,6.5,59,movie,tt0280774
Iris,2001.0,"Biography,Drama,Romance",7.0,19951,movie,tt0280778
Baby,2002.0,"Crime,Drama",6.6,267,movie,tt0280874
Wanderlust,2001.0,Drama,5.8,46,movie,tt0281144
Saladin,1941.0,,7.3,21,movie,tt0281160
A Walk to Remember,2002.0,"Drama,Romance",7.3,232711,movie,tt0281358
The Workshop,1940.0,Drama,6.5,22,movie,tt0281363
Yunus Emre,1974.0,Drama,6.3,44,movie,tt0281392
Still Game,2002.0,Comedy,8.9,11510,tvSeries,tt0281491
Take Me,2001.0,"Drama,Thriller",7.5,113,tvMiniSeries,tt0281494
The Circle,2002.0,Thriller,5.0,694,movie,tt0281726
The Hunt,2001.0,"Drama,History",7.2,29,tvMovie,tt0281921
"Leila, Lady of the Camelias",1942.0,Drama,6.9,17,movie,tt0281960
Riot,1999.0,Documentary,7.4,11,movie,tt0282124
Other People,2001.0,"Crime,Drama",8.8,5,tvMovie,tt0282321
Supermarket Sweep,1965.0,"Family,Game-Show",6.8,49,tvSeries,tt0282330
The Chosen One,1977.0,"Drama,Thriller",6.8,29,movie,tt0282453
Heartland,2003.0,"Drama,Family",7.1,20,movie,tt0282551
Hello Brother,1994.0,"Action,Comedy,Drama",7.4,666,movie,tt0282554
Quicksand,2002.0,"Drama,Thriller",4.4,268,movie,tt0282883
One Night Stand,1989.0,"Comedy,Documentary",7.4,272,tvSeries,tt0283208
A Second Chance,2001.0,"Comedy,Romance",6.2,559,movie,tt0283372
The Parole Officer,2001.0,"Comedy,Crime",6.3,7476,movie,tt0283534
Animal Crackers,1997.0,"Animation,Comedy,Family",7.3,123,tvSeries,tt0283703
Survivor,2001.0,"Game-Show,Reality-TV",6.4,281,tvSeries,tt0283799
The Climb,2002.0,"Action,Adventure,Drama",5.8,873,movie,tt0283999
One on One,2002.0,Drama,6.7,1332,movie,tt0284217
Shararat,2002.0,"Comedy,Drama,Romance",4.8,539,movie,tt0284479
Sisters,2001.0,"Crime,Drama",7.0,4740,movie,tt0284492
Skins,2002.0,"Crime,Drama",7.0,1687,movie,tt0284494
One on One,2001.0,Comedy,7.2,2860,tvSeries,tt0284770
Manhunt,2002.0,"Action,Drama,Thriller",8.0,54,movie,tt0284935
Jericho,2000.0,"Mystery,Western",6.0,599,movie,tt0285242
Last Night,1998.0,,6.8,12,movie,tt0285283
Ghost Stories,2000.0,"Animation,Comedy,Fantasy",8.0,4030,tvSeries,tt0285368
Rats,2000.0,"Comedy,Drama,Horror",5.9,55,movie,tt0285973
Signs,2002.0,"Drama,Mystery,Sci-Fi",6.8,417870,movie,tt0286106
Life Sentence,1933.0,Drama,6.0,33,movie,tt0286318
The House Next Door,2002.0,"Drama,Thriller",4.4,838,movie,tt0286702
What a Girl Wants,2003.0,"Comedy,Drama,Family",5.8,71576,movie,tt0286788
Qila,1998.0,"Drama,Family,Music",4.7,174,movie,tt0286907
Requiem,2001.0,"Action,Crime,Horror",5.0,597,movie,tt0286917
Salaakhen,1998.0,"Action,Drama",5.5,668,movie,tt0286936
Udaan,1997.0,"Action,Crime,Drama",3.6,186,movie,tt0287065
Dracula,2002.0,"Drama,Horror",4.2,507,tvSeries,tt0287846
Power Rangers Wild Force,2002.0,"Action,Adventure,Drama",6.3,3351,tvSeries,tt0287871
Frontier,2001.0,Comedy,6.0,88,movie,tt0288024
Like Father,2001.0,Drama,6.8,29,movie,tt0288102
A Family Affair,2001.0,"Comedy,Romance",5.2,344,movie,tt0288520
The Assignment,1996.0,Drama,7.6,6,movie,tt0288713
Hero,2001.0,"Comedy,Crime,Drama",7.8,1168,tvSeries,tt0288960
Wanted,2005.0,"Crime,Drama,Thriller",7.5,656,tvSeries,tt0289016
The Spy,1917.0,"Adventure,War",4.8,22,movie,tt0289107
Cocaine,1922.0,"Crime,Drama",6.7,37,movie,tt0289127
Desire,2002.0,"Drama,Romance",5.6,366,movie,tt0289152
The Outsider,2002.0,"Drama,Romance,Western",6.7,2715,tvMovie,tt0289374
Malevolent,2002.0,"Crime,Drama,Thriller",5.2,655,movie,tt0289589
Imagine That,2002.0,Comedy,4.1,36,tvSeries,tt0289654
Together,1956.0,Drama,6.8,212,movie,tt0289780
Taken,2002.0,"Drama,Mystery,Sci-Fi",7.8,22419,tvMiniSeries,tt0289830
Cargo,1981.0,,5.4,14,movie,tt0289886
The Tuxedo,2002.0,"Action,Comedy,Sci-Fi",5.4,94416,movie,tt0290095
Elaan,1994.0,"Action,Crime,Thriller",5.1,1018,movie,tt0290183
The Trial,1968.0,"Comedy,Drama",6.6,43,movie,tt0290271
A Wrinkle in Time,2003.0,"Adventure,Family,Fantasy",5.6,2616,tvMovie,tt0290382
Trailer Park Boys,2001.0,"Comedy,Crime",8.5,58325,tvSeries,tt0290988
The Son,2002.0,"Drama,Mystery",7.5,10623,movie,tt0291172
Dinner for Five,2001.0,"Comedy,Talk-Show",8.2,971,tvSeries,tt0291604
The Land of Hypocrisy,1968.0,"Comedy,Drama,Fantasy",7.9,771,movie,tt0291730
Case,1997.0,Documentary,7.0,10,movie,tt0291794
The Little Prince,2001.0,Documentary,8.5,13,tvMovie,tt0292070
Dil Chahta Hai,2001.0,"Comedy,Drama,Romance",8.0,80390,movie,tt0292490
The Gift,2001.0,Sci-Fi,5.1,34,movie,tt0293182
The Hunt,2001.0,Documentary,7.4,8,tvMovie,tt0293267
Loco Love,2003.0,"Comedy,Romance",5.3,707,movie,tt0293452
The Phantom of the Opera,2004.0,"Drama,Musical,Romance",7.2,139628,movie,tt0293508
Taken,2003.0,,4.5,41,movie,tt0293627
My Sassy Girl,2001.0,"Comedy,Drama,Romance",7.9,53366,movie,tt0293715
Freshman Year,2001.0,,7.6,30,tvSeries,tt0294082
It Takes Two,1968.0,Game-Show,5.9,22,tvSeries,tt0294113
The Gathering,2003.0,"Horror,Thriller",5.6,9591,movie,tt0294594
The Time Machine,1949.0,"Drama,Sci-Fi",7.0,54,tvMovie,tt0294968
Dismissed,2001.0,Reality-TV,3.3,127,tvSeries,tt0295081
Austin Powers in Goldmember,2002.0,"Action,Adventure,Comedy",6.3,236312,movie,tt0295178
First Kiss,1998.0,"Drama,Romance",5.7,179,movie,tt0295372
Newtown,2001.0,Comedy,8.2,12,movie,tt0295476
Requiem,2001.0,Drama,6.6,50,movie,tt0295563
Scarecrow,2001.0,"Fantasy,Horror",5.4,749,movie,tt0296032
Puss in Boots,1993.0,"Adventure,Animation,Comedy",5.9,90,movie,tt0296161
White Fang,1996.0,"Adventure,Animation,Family",6.0,90,movie,tt0296281
Always a Bridesmaid,2000.0,Documentary,6.1,114,movie,tt0296502
Company,2002.0,"Action,Crime,Drama",7.9,17346,movie,tt0296574
The Spy,1999.0,Comedy,6.0,148,movie,tt0296649
Deuces,2001.0,"Sci-Fi,Thriller",4.0,128,movie,tt0297080
Kyo Kii... Main Jhuth Nahin Bolta,2001.0,"Comedy,Drama,Fantasy",5.5,3027,movie,tt0297241
Summertime,2001.0,"Drama,Thriller",5.3,429,movie,tt0297414
Drive,2002.0,"Comedy,Crime,Drama",7.0,1016,movie,tt0297865
Ittefaq,2001.0,"Action,Comedy,Drama",3.8,123,movie,tt0297983
The Ring,2002.0,"Horror,Mystery",7.1,405879,movie,tt0298130
The Secret,2001.0,,6.7,34,movie,tt0298144
My Sister's Keeper,2002.0,Drama,6.1,549,tvMovie,tt0298454
Polaroid,2000.0,"Comedy,Musical",5.7,61,movie,tt0298505
Reckoning,2002.0,"Drama,Western",4.9,57,movie,tt0298516
High Score,2001.0,Thriller,5.9,93,tvMovie,tt0298559
Trimurti,1974.0,"Crime,Drama",6.0,31,movie,tt0298579
Sherlock Holmes,1951.0,Mystery,7.0,42,tvMiniSeries,tt0298698
Delirium,2001.0,,4.5,10,movie,tt0298829
Evelyn,2002.0,Drama,7.0,7571,movie,tt0298856
Heidi,2005.0,"Animation,Comedy,Family",6.3,131,movie,tt0298903
Hop,2002.0,"Comedy,Drama",6.9,460,movie,tt0298911
Someone Like You,1978.0,Drama,7.0,16,movie,tt0299149
Jackpot,1989.0,Game-Show,5.2,11,tvSeries,tt0299324
Manhunt,2001.0,Game-Show,6.3,66,tvSeries,tt0299349
Les Misérables,1964.0,Drama,7.6,42,tvMiniSeries,tt0299352
Hero,2002.0,"Action,Adventure,Drama",7.9,195225,movie,tt0299977
Naked,2002.0,"Comedy,Drama",6.0,2402,movie,tt0300237
Samson,1922.0,Drama,6.4,20,movie,tt0300446
Timeline,2003.0,"Action,Adventure,Sci-Fi",5.7,69844,movie,tt0300556
Click,1997.0,"Comedy,Fantasy",5.9,186,tvMiniSeries,tt0300745
Beyond the Clouds,2001.0,Drama,8.5,19,movie,tt0300971
Chameli,1999.0,Drama,7.5,18,movie,tt0301095
Conspiracy,1989.0,"Action,Crime,Thriller",5.4,19,movie,tt0301129
The Darkness,2000.0,"Action,Thriller",8.4,17,tvMovie,tt0301155
Duniya,1984.0,"Action,Drama",6.2,366,movie,tt0301231
Playing with Fire,2000.0,Drama,7.2,98,movie,tt0301527
The Pharmacist,2003.0,"Crime,Drama,Horror",5.2,700,movie,tt0301730
Alone,2001.0,"Drama,Thriller",5.1,167,movie,tt0301799
Becoming,2001.0,"Music,Reality-TV",6.4,30,tvSeries,tt0302075
The Bleeder,1983.0,Horror,2.8,271,movie,tt0302356
Offspring,1996.0,"Drama,Thriller",4.8,87,movie,tt0302884
Happy Times,2000.0,"Comedy,Drama,Romance",7.3,4308,movie,tt0303243
Amandla!,2002.0,"Documentary,History,Music",7.4,633,movie,tt0303297
Biggie & Tupac,2002.0,"Biography,Crime,Documentary",6.7,5144,movie,tt0303356
Blind Date,1996.0,,3.9,9,tvSeries,tt0303435
The Vault,2002.0,Game-Show,3.8,15,tvSeries,tt0303564
Bollywood Calling,2001.0,"Comedy,Drama,Music",6.3,415,movie,tt0303733
Bobby,2002.0,"Comedy,Crime,Drama",5.6,54,tvMovie,tt0303781
Cabin Fever,2002.0,Horror,5.6,89523,movie,tt0303816
The Code,2004.0,"Drama,Thriller",6.2,23,movie,tt0303854
H,2002.0,"Drama,Horror,Mystery",5.8,2134,movie,tt0304120
Life,2005.0,"Crime,Drama",4.9,26,tvMovie,tt0304330
Girl,2002.0,"Drama,Romance",6.4,726,movie,tt0304389
The Code,2002.0,"Action,Crime,Drama",5.4,1164,movie,tt0304391
Mona Lisa Smile,2003.0,Drama,6.6,100339,movie,tt0304415
The Order,2003.0,"Horror,Mystery,Thriller",5.1,19170,movie,tt0304711
The Road to Love,2001.0,Drama,6.5,429,movie,tt0304790
Wheels of Fortune,2001.0,Documentary,7.2,14,movie,tt0304935
Bedtime Stories,2000.0,"Drama,Romance",6.8,137,tvSeries,tt0305000
The Body,1981.0,Documentary,7.0,41,tvSeries,tt0305054
Rumor Has It,1993.0,Game-Show,5.6,22,tvSeries,tt0305096
Anger Management,2003.0,Comedy,6.3,243839,movie,tt0305224
Breakout,1984.0,"Adventure,Family",6.4,43,movie,tt0305333
Charlie's Angels: Full Throttle,2003.0,"Action,Adventure,Comedy",5.0,138548,movie,tt0305357
Pitaah,2002.0,"Action,Crime,Drama",6.4,836,movie,tt0305455
The Last Summer,2004.0,Drama,6.4,86,movie,tt0305747
Broken,2004.0,"Action,Drama,Thriller",4.5,68,movie,tt0305753
Offspring,2001.0,Documentary,8.4,41,movie,tt0307264
The End,2002.0,Comedy,5.5,440,movie,tt0307483
Veerappan,1991.0,"Action,Crime",6.0,10,movie,tt0307627
Brotherhood,2002.0,"Crime,Drama",8.1,1773,tvSeries,tt0307847
Bobby,2006.0,"Biography,Drama,History",6.9,44026,movie,tt0308055
Friends,2001.0,"Action,Comedy,Drama",7.9,6161,movie,tt0308280
Money,1915.0,,5.2,13,movie,tt0308711
Life,1969.0,"Adventure,Drama",6.6,7,movie,tt0308829
War,2002.0,"Action,Drama,War",7.5,6192,movie,tt0309047
The American Game,1979.0,Documentary,8.7,14,movie,tt0309276
Devil's Gate,2004.0,Thriller,5.9,120,movie,tt0309510
Breath,1989.0,Drama,3.7,19,movie,tt0309544
Final Destination 2,2003.0,"Horror,Thriller",6.2,221295,movie,tt0309593
No Tomorrow,2002.0,"Drama,Horror,Thriller",5.0,42,movie,tt0309918
Occupation,2002.0,Documentary,7.6,9,movie,tt0309941
Domino,1999.0,Comedy,7.7,32,tvSeries,tt0310444
Aftermath,2002.0,"Action,Crime,Drama",4.6,177,movie,tt0310596
Blind Date,2001.0,Comedy,8.1,73,tvSeries,tt0310767
Catch Me If You Can,1959.0,Drama,6.2,40,movie,tt0310854
Disappearance,2002.0,"Horror,Mystery,Thriller",5.3,2042,tvMovie,tt0311018
Icarus,2002.0,Drama,4.8,56,movie,tt0311318
Save Me,2001.0,Drama,5.7,328,movie,tt0311841
Scream,1949.0,"Crime,Horror,Mystery",6.8,37,movie,tt0312074
Power Rangers Ninja Storm,2003.0,"Action,Adventure,Family",6.6,3709,tvSeries,tt0312189
Long Shot,2002.0,Comedy,6.1,22,movie,tt0312270
Jailbreak,2002.0,Comedy,5.5,174,movie,tt0312320
White Nights,1992.0,Drama,6.4,26,movie,tt0312456
First Kill,2001.0,"Documentary,War",7.8,204,movie,tt0312693
The Foreigner,2003.0,"Action,Thriller",3.4,7746,movie,tt0312700
Lionheart,1970.0,Drama,3.2,11,movie,tt0312910
Loving You,2003.0,Drama,6.6,46,tvMovie,tt0312924
The Bachelor,2002.0,"Game-Show,Reality-TV,Romance",3.3,8022,tvSeries,tt0313038
Revelations,1994.0,Drama,7.5,43,tvSeries,tt0313121
Eurovision Song Contest,1956.0,Music,7.3,468,tvSeries,tt0313343
Dog Eat Dog,2002.0,"Game-Show,Reality-TV",6.1,424,tvSeries,tt0313984
Dum,2003.0,"Action,Crime,Drama",5.7,1888,movie,tt0314006
Tears of the Sun,2003.0,"Action,Drama,Thriller",6.6,137297,movie,tt0314353
The In-Laws,2003.0,"Action,Comedy,Thriller",5.8,18423,movie,tt0314786
Borderline,2002.0,"Crime,Thriller",5.2,1410,tvMovie,tt0315312
The Calling,2002.0,"Drama,Family",7.2,18,movie,tt0315355
The Code,2001.0,Documentary,7.4,489,movie,tt0315417
Flowers,2002.0,Drama,6.2,88,movie,tt0315600
Friends,2002.0,"Drama,Romance",7.7,249,tvSeries,tt0315608
Wazir,2016.0,"Action,Crime,Drama",7.1,20927,movie,tt0315642
The Secret,2002.0,Drama,7.1,96,tvSeries,tt0315705
Wandering Stars,1991.0,Drama,6.3,39,movie,tt0315847
Raising Victor Vargas,2002.0,"Drama,Romance",7.2,5949,movie,tt0316188
Brotherhood,2002.0,"Comedy,Drama,Romance",8.9,15,tvSeries,tt0317039
City of God,2002.0,"Crime,Drama",8.6,880172,movie,tt0317248
Criminal Minds,1998.0,"Action,Crime",6.0,136,movie,tt0317268
Daddy Day Care,2003.0,"Comedy,Family",5.7,80163,movie,tt0317303
Friends,1995.0,,6.3,11,movie,tt0317533
Sunrise,1970.0,"Adventure,Drama",6.7,54,movie,tt0318137
Evolution,2002.0,"Documentary,Drama",8.2,256,tvMiniSeries,tt0318218
Sahara,2005.0,"Action,Adventure,Comedy",6.1,110238,movie,tt0318649
Soundtrack,2002.0,"Drama,Fantasy",8.3,45,movie,tt0318709
The Monster,1954.0,"Action,Crime,Drama",6.6,144,movie,tt0318821
Jeopardy!,1995.0,Game-Show,6.2,60,tvSeries,tt0318899
Teenage Mutant Ninja Turtles,2003.0,"Action,Adventure,Animation",7.9,15236,tvSeries,tt0318913
By the Sea,2002.0,"Comedy,Romance",5.4,46,movie,tt0318949
Border Patrol,2001.0,"Action,Comedy,Crime",4.3,187,tvMovie,tt0319096
Stranger,1972.0,Drama,5.9,126,movie,tt0319450
I'll Sleep When I'm Dead,2003.0,"Crime,Drama,Mystery",5.8,9461,movie,tt0319531
Destiny,1997.0,,3.3,7,movie,tt0319571
The Legend of Bhagat Singh,2002.0,"Biography,Drama,History",8.2,18497,movie,tt0319736
Maria,2003.0,"Comedy,Drama",7.0,352,movie,tt0319821
Carrie,2002.0,"Drama,Horror,Sci-Fi",5.4,12775,tvMovie,tt0319970
Half & Half,2002.0,Comedy,7.2,2370,tvSeries,tt0320024
Haunted,2002.0,"Crime,Drama,Horror",7.0,708,tvSeries,tt0320028
Naan Sigappu Manithan,1985.0,"Action,Crime,Drama",7.1,453,movie,tt0320116
Redemption,1999.0,Drama,5.7,14,movie,tt0320354
Vagabond,1950.0,Drama,4.7,11,movie,tt0320719
Warrior,2002.0,"Action,Adventure,Fantasy",4.0,184,movie,tt0320751
Burlesque,1980.0,"Comedy,Musical",6.0,67,movie,tt0321553
Detention,2003.0,"Action,Drama,Thriller",4.1,2602,movie,tt0321997
Hugo,2000.0,,8.4,12,movie,tt0322635
Lakshya,2004.0,"Action,Drama,Romance",7.8,28334,movie,tt0323013
Laws of Attraction,2004.0,"Comedy,Romance",5.9,26091,movie,tt0323033
Loving Annabelle,2006.0,"Drama,Romance",6.2,14403,movie,tt0323120
Bad Boys,2003.0,"Action,Biography,Crime",6.3,5748,movie,tt0323551
Melvin Goes to Dinner,2003.0,"Comedy,Drama,Romance",6.7,3378,movie,tt0323633
Shot in the Dark,2002.0,Documentary,6.9,330,movie,tt0323965
The Texas Chainsaw Massacre,2003.0,Horror,6.2,163682,movie,tt0324216
Three,2002.0,"Horror,Mystery",6.1,4253,movie,tt0324242
Kingpin,2003.0,"Action,Crime,Drama",7.5,1260,tvMiniSeries,tt0324865
Doctor Zhivago,2002.0,"Drama,Romance",7.3,5794,tvMiniSeries,tt0324937
Sylvia,2003.0,"Biography,Drama,Romance",6.3,11649,movie,tt0325055
Booba,2001.0,Comedy,6.3,83,movie,tt0325105
The Seventies,2002.0,Drama,7.6,650,movie,tt0325233
Baaghi,1999.0,"Action,Crime,Drama",4.4,310,movie,tt0326745
Lost Bullet,2007.0,"Crime,Drama",5.2,58,movie,tt0326749
Waiting,2002.0,Drama,7.0,54,movie,tt0326861
The Great Raid,2005.0,"Action,Drama,War",6.6,25374,movie,tt0326905
Manhunt,1976.0,"Action,Crime,Drama",6.7,682,movie,tt0327002
Martin Lawrence Live: Runteldat,2002.0,"Comedy,Documentary",5.4,1827,movie,tt0327036
Mystic River,2003.0,"Crime,Drama,Mystery",7.9,529706,movie,tt0327056
Dog Eat Dog,2001.0,"Game-Show,Reality-TV",6.8,21,tvSeries,tt0327278
First Love,1954.0,Drama,6.7,14,tvSeries,tt0327285
Tremors,2003.0,"Action,Adventure,Comedy",6.5,3520,tvSeries,tt0327375
Coraline,2009.0,"Animation,Drama,Family",7.8,304908,movie,tt0327597
Gemini,2002.0,"Action,Comedy,Crime",6.3,1300,movie,tt0327761
Bloodline,1963.0,Drama,6.3,67,movie,tt0327914
Undefeated,2003.0,"Drama,Sport",5.3,847,tvMovie,tt0327951
Kingdom,2001.0,"Adventure,Family,Fantasy",7.2,55,movie,tt0328033
The Outsiders,1958.0,,6.4,32,movie,tt0328153
Quartet,2001.0,,7.0,28,movie,tt0328296
Paradise Lost,1998.0,,4.6,22,movie,tt0328417
Dil Hai Tumhara,2002.0,"Drama,Romance",5.7,2477,movie,tt0328998
Dumb and Dumberer: When Harry Met Lloyd,2003.0,Comedy,3.5,44784,movie,tt0329028
Shadow,2001.0,"Horror,Romance",6.5,31,movie,tt0329777
Fireman Sam,1987.0,"Animation,Family",6.0,2683,tvSeries,tt0329829
The Ranch,2004.0,"Comedy,Drama",5.2,802,tvMovie,tt0329913
Boom,2003.0,"Crime,Thriller",2.3,1643,movie,tt0330082
Daybreak,2001.0,Drama,7.8,18,movie,tt0330200
The L Word,2004.0,"Drama,Romance",7.7,30883,tvSeries,tt0330251
The Fugitive,1954.0,"Crime,Drama",6.0,8,movie,tt0330518
Boss,1996.0,"Crime,Drama",5.3,18,movie,tt0331205
Whisky,2004.0,"Comedy,Drama",7.1,7858,movie,tt0331370
Run,2002.0,"Action,Comedy,Drama",7.0,1220,movie,tt0331621
Click,1999.0,"Drama,Romance",8.7,24,tvSeries,tt0331734
The Promise,2000.0,"Action,Crime,Drama",7.9,209,tvSeries,tt0331776
Justice,2003.0,"Comedy,Drama",5.0,157,movie,tt0332167
Seven Seconds,1999.0,Drama,5.8,13,movie,tt0332388
Troy,2004.0,"Action,Adventure",7.3,646129,movie,tt0332452
Buddies,1989.0,"Drama,Romance",6.7,153,movie,tt0332580
Together,2002.0,"Drama,Music",7.4,4592,movie,tt0332639
Sur,2002.0,"Drama,Musical,Romance",6.6,633,movie,tt0332766
K,2002.0,"Drama,Fantasy",6.2,101,movie,tt0333694
The Lovers,1970.0,Romance,7.3,160,movie,tt0334637
Desire,2002.0,Drama,4.6,175,movie,tt0334753
The Kite,2002.0,Drama,5.4,56,movie,tt0334799
Shararat,2003.0,Musical,6.0,32,movie,tt0335408
Starsky & Hutch,2004.0,"Comedy,Crime",6.1,162721,movie,tt0335438
The Trap,1975.0,"Drama,Sci-Fi",6.7,88,tvMovie,tt0336478
The Search,1980.0,Documentary,6.9,59,movie,tt0336671
Race,1996.0,Drama,3.1,552,movie,tt0337075
Sherlock,2002.0,"Action,Adventure,Crime",5.8,1469,tvMovie,tt0337593
Dilwale,1994.0,"Action,Drama,Romance",5.7,3445,movie,tt0337611
The Player,1997.0,Comedy,5.9,82,tvMovie,tt0337695
The Prince and Me,2004.0,"Comedy,Family,Romance",5.9,43939,movie,tt0337697
Something's Gotta Give,2003.0,"Comedy,Drama,Romance",6.8,140705,movie,tt0337741
The Beat,2003.0,"Action,Comedy,Drama",6.2,189,movie,tt0337857
Calendar Girls,2003.0,"Comedy,Drama",6.9,28456,movie,tt0337909
Deewangee,2002.0,"Crime,Drama,Mystery",6.5,3409,movie,tt0337971
Defiance,2003.0,"Drama,Western",3.3,141,movie,tt0337972
The Golem,1967.0,"Fantasy,Mystery",8.1,47,tvMovie,tt0338074
Nowhere Man,2005.0,"Action,Comedy,Crime",4.1,254,movie,tt0338294
Evil,2003.0,Drama,7.7,45037,movie,tt0338309
The Polar Express,2004.0,"Adventure,Animation,Family",6.6,273556,movie,tt0338348
Spy Kids 3: Game Over,2003.0,"Action,Adventure,Comedy",4.4,72062,movie,tt0338459
3 Deewarein,2003.0,"Crime,Drama",7.8,2769,movie,tt0338490
Van Helsing,2004.0,"Action,Adventure,Fantasy",6.1,309370,movie,tt0338526
Point Blank,2002.0,Comedy,4.5,27,tvSeries,tt0338648
A Series of Unfortunate Events,2004.0,"Adventure,Comedy,Family",6.8,232711,movie,tt0339291
Lucifer,1966.0,Drama,4.8,6,tvMovie,tt0339325
Three,2002.0,,8.4,20,movie,tt0339786
White Gold,2004.0,"Action,Adventure",5.0,106,movie,tt0339896
Scare Tactics,2003.0,"Comedy,Horror,Reality-TV",6.7,2696,tvSeries,tt0339968
The Bridge,1949.0,Drama,6.0,21,movie,tt0340300
The Suit,2002.0,"Comedy,Drama",6.4,292,movie,tt0340407
Trash,2003.0,Comedy,5.8,31,tvMovie,tt0340494
Lucifer,1981.0,Drama,3.0,6,tvMovie,tt0340825
Tango,1980.0,Drama,6.5,11,tvMovie,tt0341038
Bhoot,2003.0,"Horror,Mystery,Thriller",6.4,4597,movie,tt0341266
Brothers,2003.0,Drama,3.9,142,movie,tt0341284
Saath Saath,1982.0,Drama,7.4,437,movie,tt0341554
9,2002.0,"Crime,Drama,Mystery",7.6,2363,movie,tt0342012
The Bar,2003.0,"Comedy,Drama",6.9,27,movie,tt0342090
Mars,1968.0,"Documentary,Sci-Fi",7.0,117,movie,tt0342739
50 First Dates,2004.0,"Comedy,Drama,Romance",6.8,419809,movie,tt0343660
Hide and Seek,1972.0,"Adventure,Crime,Family",6.8,91,movie,tt0343787
The Little Prince,1990.0,Animation,8.0,96,tvMovie,tt0343936
Requiem,2002.0,"Drama,War",7.5,10,movie,tt0344285
Bedtime Stories,2002.0,"Drama,Romance",8.4,99,movie,tt0344910
P.S. I Love You,1981.0,"Drama,Romance",7.4,54,movie,tt0345755
The Phantom of the Opera,1960.0,Horror,6.8,30,tvMiniSeries,tt0346261
The Master,1959.0,"Biography,Drama,Family",6.4,8,movie,tt0346505
Chalte Chalte,2003.0,"Drama,Romance",6.5,17878,movie,tt0346723
Jhankaar Beats,2003.0,"Comedy,Music,Romance",7.1,2278,movie,tt0347278
Kal Ho Naa Ho,2003.0,"Comedy,Drama,Musical",7.9,82417,movie,tt0347304
Daybreak,2003.0,Drama,7.1,1576,movie,tt0347457
Main Hoon Na,2004.0,"Action,Comedy,Drama",7.1,45382,movie,tt0347473
Rumble,2002.0,"Adventure,Comedy,Drama",6.7,1028,movie,tt0347909
Superman Returns,2006.0,"Action,Adventure,Sci-Fi",6.1,304655,movie,tt0348150
Waiting...,2005.0,Comedy,6.7,113904,movie,tt0348333
Khushi,2002.0,"Action,Comedy,Drama",4.2,1928,movie,tt0348656
Kucch To Hai,2003.0,"Horror,Mystery,Romance",4.4,1127,movie,tt0348662
Gothika,2003.0,"Horror,Mystery,Thriller",5.8,124272,movie,tt0348836
The Last Word,2003.0,"Comedy,Romance",8.0,12,movie,tt0348845
The Bachelorette,2003.0,"Game-Show,Reality-TV,Romance",3.5,6293,tvSeries,tt0348894
Supernatural,2005.0,"Action,Adventure,Drama",8.5,2072,tvMovie,tt0349166
In My Country,2004.0,"Drama,Romance",6.0,3080,movie,tt0349260
Darna Mana Hai,2003.0,"Comedy,Drama,Horror",6.3,4985,movie,tt0349333
Jaal,1967.0,"Action,Crime,Drama",5.7,56,movie,tt0349634
Miracle,2004.0,"Biography,Drama,History",7.5,64324,movie,tt0349825
Unstoppable,2004.0,"Action,Adventure,Drama",5.0,5543,movie,tt0349889
Nothing to Lose,2002.0,"Comedy,Crime,Drama",5.5,160,movie,tt0349895
Ocean's Twelve,2004.0,"Crime,Thriller",6.5,440822,movie,tt0349903
Mr. Virgin,1984.0,"Comedy,Drama,Romance",5.3,138,movie,tt0350079
Bugs,2003.0,"Action,Adventure,Comedy",3.8,902,tvMovie,tt0350663
City of God,1997.0,Drama,8.0,430,movie,tt0350720
Rita,1958.0,"Drama,War",6.7,18,movie,tt0351661
The One I Love,1981.0,"Drama,Romance",4.5,16,movie,tt0351690
Shark Busters,2002.0,"Comedy,Crime",5.8,159,movie,tt0352190
Ek Hasina Thi,2004.0,"Action,Crime,Drama",7.5,8542,movie,tt0352314
The Trial,2002.0,"Action,Comedy,Drama",3.3,23,movie,tt0352935
Dollar,1993.0,,5.1,27,movie,tt0353371
Buddha,1964.0,Drama,7.2,7,movie,tt0353995
Sherlock Holmes,1982.0,,3.2,19,tvMovie,tt0354008
Sunrise,2005.0,Drama,6.5,29,movie,tt0354034
The Young Vagabond,1985.0,"Action,Comedy",5.4,270,movie,tt0354234
Family Business,2003.0,Documentary,7.0,308,tvSeries,tt0354293
Vagabond,2003.0,Drama,6.5,55,movie,tt0355002
The Brothers Grimm,2005.0,"Action,Adventure,Comedy",5.9,132805,movie,tt0355295
The Car,1997.0,Comedy,5.8,268,movie,tt0355307
The Foreigner,1958.0,Drama,7.0,19,movie,tt0355478
The Gift,2003.0,Documentary,6.5,288,movie,tt0355482
A Love Story,1959.0,"Drama,Musical,Romance",6.5,137,movie,tt0355526
The Prince,1996.0,"Action,Thriller",4.4,254,movie,tt0355914
Zero,1997.0,,6.0,66,movie,tt0356216
Stuart Little,2003.0,"Adventure,Animation,Comedy",4.7,586,tvSeries,tt0356302
A Cinderella Story,2004.0,"Comedy,Family,Romance",6.0,103657,movie,tt0356470
The Forgotten,2004.0,"Drama,Mystery,Sci-Fi",5.8,71471,movie,tt0356618
The In-Laws,2003.0,,6.0,13,movie,tt0356736
Phantom,2002.0,"Action,Comedy,Drama",5.1,281,movie,tt0357009
The Suit,2003.0,"Comedy,Drama",6.5,498,movie,tt0357169
Sunrise,1926.0,"Drama,Thriller",7.8,216,movie,tt0357213
The King,2002.0,Drama,8.1,3036,movie,tt0357282
The Club,2003.0,Reality-TV,5.0,12,tvSeries,tt0357357
The Family,2003.0,,6.7,28,tvSeries,tt0357365
Badla,1974.0,Thriller,5.7,27,movie,tt0357459
The Basement,2002.0,Drama,6.4,16,movie,tt0357468
The Chosen One,2007.0,"Action,Animation,Comedy",5.5,268,movie,tt0357545
Pyar Ke Do Pal,1986.0,"Action,Drama",5.5,166,movie,tt0358053
Queer Eye,2003.0,"Comedy,Reality-TV",6.5,2640,tvSeries,tt0358332
Single,2003.0,Drama,7.3,24,tvSeries,tt0358334
Disclosure,2001.0,News,5.2,10,tvSeries,tt0358816
The Mistress,1960.0,Drama,6.8,10,movie,tt0358949
The Box,2003.0,"Crime,Drama,Thriller",4.9,495,movie,tt0359024
End Game,2003.0,"Action,Drama,Fantasy",5.8,67,movie,tt0359225
Ghost Story,1968.0,"Horror,Thriller",3.8,19,movie,tt0359337
The Giant,1960.0,"Crime,Drama,Romance",5.2,19,movie,tt0359458
Marauders,1986.0,Horror,4.6,214,movie,tt0359658
The Score,2003.0,"Documentary,Music",6.8,20,tvMovie,tt0359946
Security,2003.0,Comedy,7.9,26,movie,tt0359954
Richie Rich,1996.0,"Animation,Comedy",5.8,869,tvSeries,tt0360307
Chalte Chalte,1976.0,"Romance,Thriller",6.0,88,movie,tt0360463
Marseille,2004.0,Drama,6.4,756,movie,tt0360779
Taken,2002.0,"Drama,Horror,Thriller",7.3,37,movie,tt0361038
Spartacus,2004.0,"Action,Drama,History",6.6,6053,tvMiniSeries,tt0361240
Inglourious Basterds,2009.0,"Drama,War",8.4,1813203,movie,tt0361748
Sex Drive,2003.0,"Adventure,Comedy",5.2,327,movie,tt0362138
The Terminal,2004.0,"Comedy,Drama,Romance",7.4,540897,movie,tt0362227
The Box,2009.0,"Drama,Mystery,Thriller",5.6,98223,movie,tt0362478
Captive,2003.0,Drama,7.5,739,movie,tt0362496
Employee of the Month,2004.0,"Comedy,Drama",6.1,10905,movie,tt0362590
Sisters,2005.0,Drama,6.5,371,movie,tt0362718
Ishq Vishk,2003.0,"Comedy,Romance",6.1,5012,movie,tt0362771
Our House,2003.0,Documentary,7.1,41,movie,tt0362938
New York Minute,2004.0,"Adventure,Comedy,Crime",5.0,26744,movie,tt0363282
America's Next Top Model,2003.0,"Game-Show,Reality-TV",5.6,19323,tvSeries,tt0363307
Fearless,2004.0,"Action,Drama",5.9,237,tvMovie,tt0363333
Bewafaa,2005.0,"Drama,Romance",4.2,2854,movie,tt0363472
Lovesick,2005.0,"Drama,Romance",2.7,175,movie,tt0363778
Blind Date,2003.0,"Comedy,Romance",2.6,23,movie,tt0363881
Ramayan,1980.0,Fantasy,7.4,22,movie,tt0363927
Ramayan,1981.0,Fantasy,7.8,9,movie,tt0363928
Skin,2003.0,Drama,6.5,286,tvMiniSeries,tt0364008
Click,2003.0,,5.4,11,movie,tt0364271
The Help,2004.0,Comedy,6.2,204,tvSeries,tt0364816
Monster House,2003.0,Reality-TV,6.8,177,tvSeries,tt0364842
NCIS,2003.0,"Action,Crime,Drama",7.8,177827,tvSeries,tt0364845
The Challenge,2003.0,"Adventure,Comedy,Family",5.3,3505,movie,tt0365043
Nappily Ever After,2018.0,"Comedy,Drama,Romance",6.4,10464,movie,tt0365545
Opening Night,1977.0,"Crime,Drama,Mystery",6.9,10,tvMovie,tt0365556
Blind Date,1999.0,Reality-TV,6.5,27,tvSeries,tt0365988
Harold & Kumar Go to White Castle,2004.0,"Adventure,Comedy",7.0,216293,movie,tt0366551
Inkaar,1977.0,"Crime,Drama,Mystery",7.0,296,movie,tt0366616
Say I Do,2003.0,,7.4,42,movie,tt0367009
The Squid and the Whale,2005.0,"Comedy,Drama",7.3,95001,movie,tt0367089
Swades,2004.0,"Drama,Musical",8.2,107090,movie,tt0367110
Target,2004.0,"Action,Thriller",2.7,678,movie,tt0367122
Arrested Development,2003.0,Comedy,8.6,346156,tvSeries,tt0367279
Catfight,2003.0,"Comedy,Drama",5.6,113,tvMiniSeries,tt0367319
Sonic X,2003.0,"Action,Adventure,Animation",6.4,6846,tvSeries,tt0367413
Tarzan,2003.0,"Action,Adventure,Drama",6.6,1078,tvSeries,tt0367424
Charlie and the Chocolate Factory,2005.0,"Adventure,Comedy,Family",6.7,577139,movie,tt0367594
Dil,2003.0,"Action,Romance",7.1,462,movie,tt0367657
Elaan,1971.0,"Action,Drama,Musical",5.8,110,movie,tt0367695
The Hollow,2004.0,"Fantasy,Horror,Thriller",4.5,2395,tvMovie,tt0367854
Hollywood,2000.0,Documentary,6.5,15,tvMovie,tt0367855
Indiana Jones and the Kingdom of the Crystal Skull,2008.0,"Action,Adventure",6.2,517319,movie,tt0367882
Killers,1999.0,Crime,6.0,43,movie,tt0367931
My Failing Eyesight,2003.0,"Drama,Family,Romance",7.1,126,movie,tt0368190
Skin,2002.0,Documentary,6.5,12,movie,tt0368279
Rubi,1968.0,"Drama,Romance",7.9,27,tvSeries,tt0368536
The Island,2003.0,Drama,6.5,108,movie,tt0368805
National Treasure,2004.0,"Action,Adventure,Mystery",6.9,380990,movie,tt0368891
Mirage,2004.0,Drama,7.5,1242,movie,tt0368962
Sleepover,2004.0,"Comedy,Family,Romance",5.3,19602,movie,tt0368975
Gemini,2003.0,"Drama,Romance,Thriller",3.7,150,movie,tt0369195
Our House,1960.0,"Drama,Family",3.9,11,movie,tt0369242
Collateral,2004.0,"Action,Crime,Drama",7.5,472915,movie,tt0369339
Four Christmases,2008.0,"Comedy,Drama,Romance",5.8,89040,movie,tt0369436
Monster-in-Law,2005.0,"Comedy,Romance",5.6,69725,movie,tt0369735
The Student,1961.0,"Drama,Romance",6.2,90,movie,tt0370005
Ultraviolet,2006.0,"Action,Sci-Fi",4.4,86877,movie,tt0370032
The Bridge,1969.0,Documentary,7.5,6,tvMovie,tt0370372
Happy Go Lucky,2003.0,"Comedy,Drama",7.5,40,movie,tt0370436
The Trap,1963.0,"Romance,Thriller",4.9,14,movie,tt0370939
The Miracle,1962.0,Drama,6.6,58,movie,tt0370978
Chicken Little,2005.0,"Adventure,Animation,Comedy",5.7,110589,movie,tt0371606
Taxi Driver,1981.0,Musical,7.6,37,movie,tt0371982
For Love or Money,2003.0,Reality-TV,6.0,75,tvSeries,tt0372059
Blood Money,2003.0,"Crime,Drama,Thriller",2.4,39,movie,tt0372179
First Love,1964.0,"Drama,Romance",4.9,34,movie,tt0372776
Kung Fu Hustle,2004.0,"Action,Comedy,Fantasy",7.7,166131,movie,tt0373074
Last Night,1963.0,"Mystery,Thriller",7.9,429,movie,tt0373080
The Fear,2001.0,Horror,6.7,30,tvSeries,tt0373531
Power Rangers DinoThunder,2004.0,"Action,Adventure,Family",6.9,4509,tvSeries,tt0373587
Zoo,1996.0,"News,Talk-Show",7.8,6,tvSeries,tt0373649
Fashion,1957.0,"Drama,Family",7.6,21,movie,tt0373835
Gangaajal,2003.0,"Action,Crime,Drama",7.8,19237,movie,tt0373856
The Bachelor,1964.0,"Comedy,Romance",6.1,38,movie,tt0373886
The Giant,1964.0,"Crime,Drama",5.7,18,movie,tt0374024
Criminal,1958.0,"Drama,Thriller",6.1,33,movie,tt0374065
Slam,2003.0,Comedy,4.1,338,movie,tt0374225
Big Time,2003.0,Comedy,3.1,44,tvSeries,tt0374366
Cycle,2003.0,Action,5.2,15,movie,tt0374594
Friendship,1971.0,,7.8,17,movie,tt0374625
Slasher,2004.0,Documentary,6.9,581,tvMovie,tt0375073
Black,2005.0,Drama,8.1,37715,movie,tt0375611
Crash,2004.0,"Crime,Drama,Thriller",7.7,463967,movie,tt0375679
Encounter: The Killing,2002.0,"Crime,Drama",6.0,201,movie,tt0375733
Layer Cake,2004.0,"Crime,Drama,Thriller",7.2,209135,movie,tt0375912
Rocco,2002.0,Drama,5.5,21,movie,tt0376128
The Spy,1964.0,Thriller,5.3,20,movie,tt0376686
Little Men,2003.0,Comedy,7.0,85,movie,tt0376746
The Impossible,1965.0,Drama,7.0,86,movie,tt0376782
Pizza,2005.0,"Comedy,Drama",5.5,1167,movie,tt0376827
Say I Do,2004.0,"Comedy,Romance",5.2,958,movie,tt0377051
As Good as It Gets,2003.0,Romance,7.5,22,tvSeries,tt0377141
Survival Island,2005.0,"Drama,Thriller",4.9,11590,movie,tt0377309
Baby,2003.0,Drama,3.2,123,movie,tt0377432
The Kite,2003.0,Drama,6.4,800,movie,tt0377610
Detour,2002.0,Comedy,7.3,26,movie,tt0377771
The Dukes of Hazzard,2005.0,"Action,Adventure,Comedy",5.2,85402,movie,tt0377818
The Gospel of John,2003.0,"Biography,Drama,History",7.7,4659,movie,tt0377992
Kill Bill: Vol. 2,2004.0,"Action,Crime,Thriller",8.0,878618,movie,tt0378194
The Miracle,2003.0,Drama,6.4,218,movie,tt0378362
The Little Prince,1984.0,,7.0,43,movie,tt0378558
The Seven Deadly Sins,1993.0,"Crime,Drama,Music",7.5,24,tvMovie,tt0378738
Star-Crossed,2003.0,Comedy,6.1,117,movie,tt0378802
Tango,1979.0,"Documentary,Musical",6.4,7,movie,tt0378849
Accident,1978.0,Drama,6.7,13,tvSeries,tt0379080
Dark,2003.0,Drama,5.7,97,movie,tt0379235
Easy,2003.0,"Comedy,Drama,Romance",5.7,1837,movie,tt0379270
Ek Jaan Hain Hum,1983.0,"Family,Romance",5.3,132,movie,tt0379272
Game Over,2003.0,Documentary,6.7,1432,movie,tt0379296
Grass,2003.0,"Comedy,Drama",8.0,116,tvSeries,tt0379628
The Woods,2006.0,"Horror,Mystery",5.6,13557,movie,tt0380066
Dynasty,1970.0,Drama,6.5,17,tvSeries,tt0380106
Rita,2003.0,"Biography,Documentary",7.3,221,tvMovie,tt0380673
The Mayor,2003.0,Comedy,4.5,66,tvMovie,tt0380930
Rumble,1995.0,Comedy,4.0,19,tvSeries,tt0380949
Casino Royale,2006.0,"Action,Adventure,Thriller",8.0,752950,movie,tt0381061
Dope,2004.0,Drama,4.7,98,movie,tt0381147
Mercy,2003.0,"Drama,Thriller",7.2,19,movie,tt0381420
Right Here Right Now,2004.0,Drama,4.4,49,movie,tt0381543
Ahista Ahista,1981.0,"Musical,Romance",6.8,72,movie,tt0381864
Sour Grapes,1965.0,,5.8,17,movie,tt0381865
Cargo,2009.0,"Drama,Mystery,Sci-Fi",6.1,20625,movie,tt0381940
Creep,2004.0,"Horror,Mystery,Thriller",5.6,34421,movie,tt0381966
Women Behind Bars,1975.0,"Crime,Thriller",4.1,846,movie,tt0381985
Hide and Seek,2005.0,"Horror,Mystery",6.0,93249,movie,tt0382077
Master,2001.0,Action,5.0,32,movie,tt0382176
Mumbai Matinee,2003.0,"Comedy,Romance",5.1,313,movie,tt0382188
Rosario Tijeras,2005.0,"Crime,Drama,Romance",6.3,2693,movie,tt0382271
When We First Met,1984.0,Drama,7.3,37,tvMovie,tt0382373
Yuva,2004.0,"Action,Drama,Thriller",7.3,9849,movie,tt0382383
Growing Up Wild,2001.0,,7.4,25,tvSeries,tt0382430
The Wedding Party,2005.0,"Action,Comedy,Drama",6.6,1137,movie,tt0382572
The Da Vinci Code,2006.0,"Mystery,Thriller",6.7,489654,movie,tt0382625
The Gift,2003.0,Drama,6.7,313,movie,tt0382649
Gypsy,2003.0,Drama,6.3,33,movie,tt0382785
Monster Island,2004.0,"Adventure,Comedy,Horror",3.6,1521,tvMovie,tt0382856
The Secret,2003.0,Documentary,7.3,15,tvMovie,tt0382963
Zoom,2006.0,"Action,Adventure,Comedy",4.4,23701,movie,tt0383060
Center Stage,1954.0,Drama,5.8,25,tvSeries,tt0383086
The Pink Panther,2006.0,"Adventure,Comedy,Crime",5.7,100063,movie,tt0383216
The Circle,2003.0,Thriller,5.1,83,movie,tt0383271
Guru,2003.0,"Action,Reality-TV",5.0,151,movie,tt0383386
Trailer Park Boys,1999.0,Comedy,7.9,4189,movie,tt0383678
Chameli,2003.0,Drama,6.8,2691,movie,tt0383975
Friends,2000.0,"Drama,Romance",3.8,57,movie,tt0384050
Hell on Wheels,2007.0,"Documentary,Sport",7.3,110,movie,tt0384162
We Are the Champions,2005.0,"Comedy,Sport",5.1,294,movie,tt0384194
The Family,1974.0,Drama,7.5,69,movie,tt0384246
Love,2003.0,Drama,6.0,45,movie,tt0384293
Now and Then,2004.0,Drama,5.5,37,movie,tt0384389
Mud,2003.0,Drama,5.3,591,movie,tt0384708
The Amityville Horror,2005.0,Horror,5.9,123298,movie,tt0384806
Hidden in Plain Sight,2003.0,Documentary,6.3,58,movie,tt0384994
Kiss Me First,2003.0,Comedy,6.4,134,movie,tt0385173
The Black Room,2000.0,Thriller,6.0,85,tvSeries,tt0385388
Friday the 13th,1957.0,Comedy,4.9,18,tvMovie,tt0385711
Wolf,2004.0,Thriller,6.9,3979,movie,tt0385842
Prince Charming,2003.0,"Comedy,Romance",5.9,126,tvMovie,tt0385865
Monster House,2006.0,"Animation,Comedy,Family",6.7,157735,movie,tt0385880
Brothers,2004.0,"Drama,War",7.5,12456,movie,tt0386342
Haven,2004.0,"Crime,Drama",5.7,7122,movie,tt0386504
The Search,1981.0,Drama,4.1,18,movie,tt0386566
Aftermath,2004.0,Drama,6.8,879,movie,tt0386582
Hitch,2005.0,"Comedy,Romance",6.6,351528,movie,tt0386588
The Vault,2005.0,Action,2.5,273,movie,tt0386846
Next,2002.0,"Comedy,Crime",6.3,210,tvSeries,tt0386959
Day and Night,2004.0,Drama,6.5,1734,movie,tt0387151
Seventeen,2003.0,Documentary,6.7,51,movie,tt0387170
Metallica: Some Kind of Monster,2004.0,"Documentary,Music",7.5,21180,movie,tt0387412
Supermarket Sweep,1993.0,Game-Show,6.1,202,tvSeries,tt0387783
The Forest,2003.0,Drama,6.9,17,tvMovie,tt0388068
King's Ransom,2005.0,"Comedy,Crime",4.4,4044,movie,tt0388183
Christmas with the Kranks,2004.0,"Comedy,Family",5.6,65779,movie,tt0388419
Another Life,2004.0,Drama,4.3,342,movie,tt0388526
The Staircase,2004.0,"Crime,Documentary,Drama",7.8,29752,tvSeries,tt0388644
The Circle,2005.0,"Drama,Mystery,Thriller",5.4,388,movie,tt0388837
Fracture,2004.0,"Crime,Drama,Thriller",6.4,177,movie,tt0388952
The 4400,2004.0,"Drama,Mystery,Sci-Fi",7.3,48683,tvSeries,tt0389564
Crash: The Menace from the Black Hole,1984.0,Sci-Fi,7.6,100,tvSeries,tt0389599
Fireflies,2004.0,Drama,7.3,106,tvSeries,tt0389617
Ramayan,2002.0,"Adventure,Drama,Fantasy",6.6,157,tvSeries,tt0389673
Bee Movie,2007.0,"Adventure,Animation,Comedy",6.1,200071,movie,tt0389790
Click,2006.0,"Comedy,Drama,Fantasy",6.5,391834,movie,tt0389860
Fireflies,2004.0,Drama,5.6,30,tvMovie,tt0390006
The Barrier,1990.0,Drama,5.4,21,movie,tt0390072
Tiger,1979.0,"Action,Drama",6.9,48,movie,tt0390559
War,2004.0,"Documentary,Drama",5.7,62,movie,tt0390615
Messiah,1984.0,"Comedy,History",7.0,16,tvMovie,tt0391341
Requiem,2001.0,Horror,5.7,12,movie,tt0391422
The Good Cop,2004.0,"Action,Comedy",5.8,2290,movie,tt0392049
The Hunt,2002.0,Documentary,7.7,16,movie,tt0392136
Live,2004.0,Musical,4.2,14,movie,tt0392350
Love,1991.0,"Drama,Musical,Romance",6.1,1874,movie,tt0392360
Unsolved,2002.0,Crime,6.9,63,tvSeries,tt0392970
Brick,2005.0,"Crime,Drama,Mystery",7.1,114508,movie,tt0393109
Coach Carter,2005.0,"Biography,Drama,Sport",7.4,195029,movie,tt0393162
Larva,2005.0,"Horror,Sci-Fi",4.3,1480,tvMovie,tt0393421
Shelter,2003.0,Drama,6.3,51,movie,tt0393754
Simon,2004.0,"Comedy,Drama",7.8,8467,movie,tt0393775
Spartacus,1913.0,"Biography,Drama,History",5.5,109,movie,tt0393807
Tukaram,1921.0,,7.6,7,movie,tt0393904
Little Men,2005.0,"Drama,Family",8.0,54,movie,tt0395197
Papa the Great,2000.0,"Action,Comedy,Drama",5.4,96,movie,tt0395701
Salaakhen,1975.0,"Action,Thriller",5.7,96,movie,tt0395743
Getting Played,2005.0,"Comedy,Romance",4.6,1820,tvMovie,tt0396032
Supernatural,1977.0,Horror,6.9,250,tvMiniSeries,tt0396375
The King,2005.0,"Drama,Thriller",6.6,7646,movie,tt0396688
First Love,2004.0,"Drama,Horror,Romance",6.6,2090,movie,tt0396818
Game Over,2004.0,"Action,Animation,Comedy",5.8,175,tvSeries,tt0397149
Game Over,2005.0,"Action,Drama",3.0,189,movie,tt0397436
Gossip Girl,2007.0,"Drama,Romance",7.5,217025,tvSeries,tt0397442
Hero,1985.0,"Comedy,Crime,Musical",6.2,25,movie,tt0397453
Jaal,1973.0,"Action,Crime,Musical",6.9,11,movie,tt0397478
Justice,2004.0,Documentary,7.3,311,movie,tt0397491
Man to Man,2005.0,Drama,6.5,2201,movie,tt0397530
Death Valley,2004.0,"Action,Drama,Thriller",5.6,572,movie,tt0397537
Revelations: The Initial Journey,2002.0,"Drama,Family,Fantasy",7.2,61,tvSeries,tt0397822
Zero Hour,2004.0,"Biography,Documentary,Drama",7.9,469,tvSeries,tt0397850
Bolt,2008.0,"Adventure,Animation,Comedy",6.8,250771,movie,tt0397892
Bad Blood,2007.0,"Action,Drama,Music",6.0,19,movie,tt0397907
Doubt,2003.0,Drama,4.4,128,movie,tt0398031
The Longest Yard,2005.0,"Comedy,Crime,Sport",6.4,213609,movie,tt0398165
The Twins Effect II,2004.0,"Action,Adventure,Comedy",4.8,2868,movie,tt0398373
Family Business,2004.0,Drama,6.2,32,tvSeries,tt0398463
The Gift,1990.0,"Family,Fantasy,Horror",7.4,43,tvMiniSeries,tt0398476
My Girl,2003.0,"Comedy,Romance",7.9,2611,movie,tt0399040
The Island,2005.0,"Action,Sci-Fi,Thriller",6.8,344322,movie,tt0399201
Vizontele Tuuba,2003.0,"Comedy,Drama,History",6.5,17566,movie,tt0399854
Once Upon a Time,1959.0,Drama,3.5,11,movie,tt0399914
Black Friday,2004.0,"Action,Crime,Drama",8.4,26491,movie,tt0400234
Open Season,2006.0,"Adventure,Animation,Comedy",6.1,115537,movie,tt0400717
Sangam,1964.0,Drama,8.3,25,movie,tt0400795
Daybreak,1933.0,Drama,6.8,188,movie,tt0400888
Phir Bhi Dil Hai Hindustani,2003.0,"Comedy,Drama",6.4,159,tvSeries,tt0401050
John Carter,2012.0,"Action,Adventure,Sci-Fi",6.6,300964,movie,tt0401729
Red vs. Blue,2003.0,"Action,Adventure,Animation",8.4,10042,tvSeries,tt0401747
Blood Money,1957.0,"Action,Drama",7.6,112,tvMovie,tt0401749
Sin City,2005.0,"Crime,Thriller",8.0,823513,movie,tt0401792
Æon Flux,2005.0,"Action,Adventure,Sci-Fi",5.4,137819,movie,tt0402022
Cargo,2004.0,Drama,5.6,36,movie,tt0402092
The End,2004.0,Documentary,7.3,163,tvMovie,tt0402162
Agneepath,2002.0,,5.9,13,tvSeries,tt0402613
Tango,1992.0,"Comedy,Musical,Romance",5.6,31,tvSeries,tt0402703
Champions,2004.0,"Comedy,Drama",6.3,252,movie,tt0403310
Revelations,2005.0,"Drama,Fantasy,Mystery",6.3,1622,tvMiniSeries,tt0403795
My Sassy Girl,2008.0,"Comedy,Drama,Romance",6.2,21026,movie,tt0404254
Redemption,2004.0,Drama,6.8,57,movie,tt0404362
The Lives of Others,2006.0,"Drama,Mystery,Thriller",8.4,446436,movie,tt0405094
Rang De Basanti,2006.0,"Comedy,Crime,Drama",8.1,127280,movie,tt0405508
Dope,1968.0,Documentary,7.0,16,movie,tt0405879
What's Up?,2004.0,Drama,5.5,164,movie,tt0406383
Ankhon Dekhi,2002.0,,7.5,15,tvSeries,tt0406391
Dark,1998.0,"Fantasy,Horror,Thriller",6.4,36,movie,tt0406692
The President's Barber,2004.0,"Comedy,Drama",6.9,1158,movie,tt0406853
Joker,2000.0,"Comedy,Drama,Musical",6.5,368,movie,tt0406892
The Push,2004.0,,5.0,7,tvMovie,tt0407138
Fallen,2004.0,"Crime,Drama,Mystery",6.5,71,tvMovie,tt0407389
The Departed,2006.0,"Crime,Drama,Thriller",8.5,1574298,movie,tt0407887
Sweeney Todd: The Demon Barber of Fleet Street,2007.0,"Drama,Horror,Musical",7.3,408843,movie,tt0408236
The Heartbreak Kid,2007.0,"Comedy,Romance",5.9,102346,movie,tt0408839
Krishna Cottage,2004.0,"Horror,Mystery,Romance",5.3,1821,movie,tt0408976
Poseidon,2006.0,"Action,Adventure,Thriller",5.7,117553,movie,tt0409182
Pink,2003.0,"Comedy,Drama",4.6,372,movie,tt0409344
White Nights,2005.0,Drama,7.7,26,movie,tt0409480
The Liar,1994.0,Romance,6.9,109,movie,tt0409502
Shabd,2005.0,"Drama,Thriller",5.0,1634,movie,tt0409527
Naruto,2002.0,"Action,Adventure,Animation",8.4,172882,tvSeries,tt0409591
Cargo,2006.0,"Adventure,Drama,Thriller",5.0,1313,movie,tt0409793
Locked Up,2004.0,"Crime,Drama,Romance",5.1,1197,movie,tt0410006
Hustle & Flow,2005.0,"Crime,Drama,Music",7.3,45840,movie,tt0410097
The Lake House,2006.0,"Drama,Fantasy,Romance",6.8,166488,movie,tt0410297
Stray Bullet,2003.0,Drama,5.0,34,movie,tt0411139
Hazaaron Khwaishein Aisi,2003.0,Drama,7.9,5638,movie,tt0411469
Hell on Wheels,2004.0,"Documentary,Sport",7.2,763,movie,tt0411498
Justice,2004.0,Drama,6.7,94,movie,tt0411545
Run,2004.0,"Action,Comedy,Drama",5.0,1637,movie,tt0411815
Loving You,1965.0,"Drama,Romance",6.4,24,movie,tt0411860
Medium,2005.0,"Crime,Drama,Fantasy",7.2,33494,tvSeries,tt0412175
Dracula,1980.0,"Action,Animation,Fantasy",5.3,601,tvMovie,tt0412665
Evan Almighty,2007.0,"Comedy,Family,Fantasy",5.5,164168,movie,tt0413099
Spider-Man 3,2007.0,"Action,Adventure,Sci-Fi",6.3,716795,movie,tt0413300
The Liar,1965.0,"Comedy,Romance",5.1,26,movie,tt0413500
Grey's Anatomy,2005.0,"Drama,Romance",7.6,377165,tvSeries,tt0413573
The Player,2004.0,,6.2,21,tvSeries,tt0413597
Cake,2005.0,"Comedy,Romance",4.9,4216,movie,tt0413879
Charlotte's Web,2006.0,"Adventure,Comedy,Family",6.3,50423,movie,tt0413895
Domino,1973.0,Family,7.2,18,movie,tt0413964
Power Rangers S.P.D.,2005.0,"Action,Adventure,Fantasy",6.9,4586,tvSeries,tt0414762
Rebelde,2004.0,"Comedy,Drama,Family",7.0,4478,tvSeries,tt0414766
Final Destination 3,2006.0,"Horror,Thriller",5.9,187570,movie,tt0414982
Mama's Boy,2007.0,"Comedy,Drama",5.2,6302,movie,tt0415141
White Gold,1962.0,"Drama,Romance,Thriller",5.9,20,movie,tt0415305
End Game,2006.0,"Action,Thriller",5.1,5965,movie,tt0415778
Kaal,2005.0,"Horror,Mystery,Sci-Fi",4.8,6629,movie,tt0415908
The Spiderwick Chronicles,2008.0,"Action,Adventure,Drama",6.5,109880,movie,tt0416236
Gypsy,1966.0,Romance,4.6,10,movie,tt0416338
Manu,1990.0,"Animation,Comedy",8.4,37,tvSeries,tt0416392
Becoming Jane,2007.0,"Biography,Drama,Romance",7.0,68652,movie,tt0416508
Dark Matter,2007.0,Drama,6.0,3779,movie,tt0416675
Elaan,2004.0,"Action,Thriller",4.6,862,movie,tt0416712
Room,2005.0,"Drama,Mystery",4.5,464,movie,tt0417096
Villain,2002.0,"Action,Drama,Thriller",7.1,3003,movie,tt0417241
Avatar: The Last Airbender,2005.0,"Action,Adventure,Animation",9.3,453753,tvSeries,tt0417299
Code Lyoko,2003.0,"Action,Adventure,Animation",7.3,6077,tvSeries,tt0417311
North & South,2004.0,"Drama,Romance",8.5,38513,tvMiniSeries,tt0417349
Mars,2004.0,Comedy,6.1,320,movie,tt0417949
The Promise,2005.0,"Action,Drama,Fantasy",5.6,9722,movie,tt0417976
Taxi Driver,1944.0,"Action,Adventure,Comedy",2.6,29,movie,tt0418229
Mujhse Shaadi Karogi,2004.0,"Comedy,Romance",6.7,19161,movie,tt0418362
Aitraaz,2004.0,"Drama,Romance,Thriller",6.6,11801,movie,tt0418460
Sour Grapes,1974.0,Drama,6.9,121,movie,tt0418733
Junebug,2005.0,"Comedy,Drama",6.9,24052,movie,tt0418773
Phir Hera Pheri,2006.0,"Comedy,Crime",7.4,32714,movie,tt0419058
The Student Cop,2004.0,"Action,Comedy,Romance",6.5,3097,movie,tt0419482
Disconnect,2010.0,"Drama,Mystery,Sci-Fi",4.4,295,movie,tt0419692
Doom,2005.0,"Action,Horror,Sci-Fi",5.2,124893,movie,tt0419706
Mr. Woodcock,2007.0,"Comedy,Romance,Sport",5.2,38106,movie,tt0419984
The Stanford Prison Experiment,2015.0,"Biography,Drama,History",6.8,48349,movie,tt0420293
Wanderlust,2006.0,"Documentary,History",6.5,136,tvMovie,tt0420313
Ghost House,2004.0,"Comedy,Horror",6.1,507,movie,tt0420660
Kaalia,1997.0,Action,5.7,79,movie,tt0420707
Domino,2005.0,"Action,Biography,Crime",5.9,71741,movie,tt0421054
Grand Designs,1999.0,"Documentary,Reality-TV",8.5,3855,tvSeries,tt0421099
Winx Club,2004.0,"Action,Adventure,Animation",6.4,9891,tvSeries,tt0421482
Fida,2004.0,"Action,Crime,Drama",5.5,3222,movie,tt0422236
Iris,2004.0,Drama,6.2,89,movie,tt0422498
The Giant,1938.0,Drama,6.4,16,movie,tt0422609
Deep,2005.0,Drama,6.3,357,movie,tt0422634
Are We Done Yet?,2007.0,"Comedy,Family",4.4,24217,movie,tt0422774
Palermo Hollywood,2004.0,Drama,5.3,250,movie,tt0422907
White Nights,2003.0,"Drama,Romance",7.6,1869,movie,tt0423166
Surf's Up,2007.0,"Adventure,Animation,Comedy",6.7,103971,movie,tt0423294
Heidi,1978.0,"Drama,Family",7.4,265,tvSeries,tt0423667
Three,2005.0,Comedy,6.9,29,tvSeries,tt0423753
Rebellion,1966.0,"Action,Drama,War",7.9,21,movie,tt0424826
Between,2005.0,"Drama,Mystery,Thriller",4.5,416,movie,tt0424840
Black,2004.0,"Action,Drama,Mystery",6.0,20,movie,tt0424849
Employee of the Month,2006.0,"Comedy,Romance",5.6,53459,movie,tt0424993
Get Smart,2008.0,"Action,Adventure,Comedy",6.5,239965,movie,tt0425061
The Messengers,2007.0,"Drama,Horror,Mystery",5.4,43006,movie,tt0425430
Trailer Park Boys: The Movie,2006.0,"Comedy,Crime",7.1,14244,movie,tt0425601
Wanted,2004.0,"Action,Crime,Thriller",4.7,218,movie,tt0425634
We Can Be Heroes,2005.0,Comedy,8.0,2938,tvMiniSeries,tt0425674
Stranger,2004.0,Drama,5.9,257,movie,tt0426154
Chosen,2004.0,"Drama,Horror",7.7,18,movie,tt0426425
The Take,2004.0,Documentary,7.6,1254,movie,tt0426596
Cold Case Files,1999.0,"Crime,Documentary",8.0,2105,tvSeries,tt0426666
The Family,1974.0,"Documentary,Reality-TV",8.2,49,tvSeries,tt0426684
Dinner for Schmucks,2010.0,Comedy,5.9,117167,movie,tt0427152
Hairspray,2007.0,"Comedy,Drama,Musical",6.7,146635,movie,tt0427327
The Method,2005.0,"Drama,Thriller",7.1,12998,movie,tt0427582
The Protector,2005.0,"Action,Crime,Drama",7.0,40544,movie,tt0427954
Sunrise,2000.0,"News,Talk-Show",3.0,438,tvSeries,tt0428169
Black,2004.0,"Action,Crime,Thriller",6.5,612,movie,tt0429683
Hangman,1965.0,"Adventure,Crime,Drama",5.9,9,movie,tt0430247
Game,2003.0,"Crime,Thriller",6.4,513,movie,tt0431077
P.S. I Love You,2007.0,"Comedy,Drama,Romance",7.0,226697,movie,tt0431308
Vagabond,1967.0,"Drama,Romance",6.7,272,movie,tt0431387
Last Night,1967.0,"Drama,Romance,War",6.3,37,movie,tt0431409
Human Nature,2004.0,Documentary,3.3,14,tvMovie,tt0431818
The Master,2005.0,Drama,6.2,173,movie,tt0431915
Desire,1980.0,Drama,5.4,90,movie,tt0432012
Rocco,2004.0,Family,6.3,10,tvMovie,tt0432033
Sarkar,2005.0,"Crime,Drama",7.6,18929,movie,tt0432047
Iris,1992.0,"Drama,Family",5.8,17,tvSeries,tt0432660
Lawless,2004.0,"Crime,Drama,Thriller",7.0,44,tvMiniSeries,tt0432924
Real Steel,2011.0,"Action,Drama,Sci-Fi",7.1,383967,movie,tt0433035
Just Friends,2005.0,"Comedy,Romance",6.2,136478,movie,tt0433400
The Ritual,2000.0,Fantasy,5.4,57,movie,tt0433626
Alone,2004.0,Drama,6.6,758,movie,tt0433770
Neruda,2004.0,Documentary,8.0,12,tvMovie,tt0434229
Delirium,1965.0,Horror,6.4,21,movie,tt0434324
V for Vendetta,2005.0,"Action,Drama,Sci-Fi",8.1,1254624,movie,tt0434409
Bleach,2004.0,"Action,Adventure,Animation",8.3,97252,tvSeries,tt0434665
Seventeen,1998.0,"Comedy,Drama,Romance",5.8,11,movie,tt0435360
The Bachelor,2003.0,"Drama,Game-Show,Reality-TV",2.4,152,tvSeries,tt0435558
Flowers,2004.0,Drama,8.3,39,movie,tt0435644
Next,2007.0,"Action,Sci-Fi,Thriller",6.2,176045,movie,tt0435705
Retribution,2005.0,Thriller,6.1,28,movie,tt0435723
Chosen,2004.0,"Drama,Fantasy",6.3,13,tvSeries,tt0435948
G-Force,2009.0,"Action,Adventure,Animation",5.1,53948,movie,tt0436339
The Queen,2006.0,"Biography,Drama",7.3,120112,movie,tt0436697
Rize,2005.0,"Documentary,Music",7.1,3451,movie,tt0436724
Jericho,2005.0,"Crime,Drama",7.4,677,tvMiniSeries,tt0437013
Hostages,1991.0,Drama,3.9,26,movie,tt0437410
Terminator Salvation,2009.0,"Action,Adventure,Sci-Fi",6.5,394965,movie,tt0438488
Insan,2005.0,"Action,Crime,Drama",4.6,1637,movie,tt0438875
Weeds,2005.0,"Comedy,Crime,Drama",7.9,123534,tvSeries,tt0439100
Heidi,2005.0,"Drama,Family",6.5,1142,movie,tt0439197
The Club,2004.0,Documentary,2.1,15,tvSeries,tt0439354
First Love,2004.0,"Drama,Romance",2.9,232,tvSeries,tt0439389
Chosen,2003.0,Documentary,3.1,9,movie,tt0439500
The Flash,2023.0,"Action,Adventure,Fantasy",6.6,251429,movie,tt0439572
Initial D,2005.0,"Action,Comedy,Drama",6.4,10712,movie,tt0439630
Trailer Park Boys: Xmas Special,2004.0,Comedy,8.0,4308,tvMovie,tt0439856
Shutter,2004.0,"Horror,Mystery,Thriller",7.0,54436,movie,tt0440803
Stephanie,2005.0,"Drama,Romance",3.8,77,movie,tt0440830
Justice,1977.0,Adventure,5.5,86,movie,tt0441092
Game Over,2005.0,"Crime,Drama,Horror",3.7,506,movie,tt0441627
Home for Christmas,2002.0,Drama,6.9,28,tvMovie,tt0441634
St. Peter,2005.0,Drama,6.9,649,tvMovie,tt0441897
Awake,2005.0,"Comedy,Drama",6.1,19,movie,tt0441914
Be with You,2004.0,"Drama,Fantasy,Romance",7.8,5337,movie,tt0442268
Siren,2001.0,,7.4,12,movie,tt0443238
Lincoln,2012.0,"Biography,Drama,History",7.3,286856,movie,tt0443272
Vantage Point,2008.0,"Action,Drama,Thriller",6.6,158479,movie,tt0443274
Truth or Dare,2005.0,"Comedy,Drama",6.6,227,movie,tt0443289
Fearless,2004.0,Documentary,7.4,17,tvSeries,tt0443374
Zodiac,2007.0,"Crime,Drama,Mystery",7.7,686082,movie,tt0443706
50/50,1997.0,"Family,Game-Show",6.7,95,tvSeries,tt0444566
Humko Deewana Kar Gaye,2006.0,"Drama,Romance",5.2,4648,movie,tt0444840
Extras,2005.0,"Comedy,Drama",8.3,63918,tvSeries,tt0445114
Mahjong Heroes,1981.0,Comedy,5.5,139,movie,tt0445305
The Playbook,2005.0,Comedy,8.1,33,tvSeries,tt0445894
Across the Universe,2007.0,"Drama,Fantasy,History",7.3,118145,movie,tt0445922
Bordertown,2007.0,"Crime,Mystery,Thriller",6.0,12061,movie,tt0445935
Dad,2005.0,Drama,6.9,78,tvMovie,tt0445950
Scott Pilgrim vs. the World,2010.0,"Action,Comedy,Fantasy",7.5,500238,movie,tt0446029
Fearless,2006.0,"Action,Biography,Drama",7.5,81718,movie,tt0446059
The Secret,2007.0,"Drama,Romance",6.2,4118,movie,tt0446463
Knowing,2009.0,"Mystery,Sci-Fi,Thriller",6.2,263749,movie,tt0448011
Zozo,2005.0,"Drama,Family,War",6.5,3481,movie,tt0448267
Puss in Boots,2011.0,"Action,Adventure,Animation",6.6,214175,movie,tt0448694
Evil,2004.0,"Horror,Thriller",6.2,350,movie,tt0448923
Family Reunion,2005.0,Drama,7.6,23,movie,tt0449015
Lucky: No Time for Love,2005.0,"Drama,Musical,Romance",4.6,4142,movie,tt0449306
Siren,2006.0,"Comedy,Drama,Music",2.3,1927,movie,tt0449393
Next,2005.0,"Comedy,Game-Show,Reality-TV",4.2,753,tvSeries,tt0449460
Babel,2006.0,Drama,7.4,330686,movie,tt0449467
P,2005.0,"Drama,Horror",5.0,1363,movie,tt0449629
Cursed,2004.0,Horror,5.1,704,movie,tt0449778
Black Panther,1993.0,"Action,Crime",6.0,7,movie,tt0449975
Jodhaa Akbar,2008.0,"Action,Drama,History",7.5,36826,movie,tt0449994
Kabhi Alvida Naa Kehna,2006.0,"Drama,Romance",6.1,25121,movie,tt0449999
16 Blocks,2006.0,"Action,Drama,Thriller",6.6,139142,movie,tt0450232
Before the Flood,2004.0,Documentary,6.9,22,tvMovie,tt0450246
Loaded,2007.0,"Action,Crime,Thriller",3.7,264,movie,tt0450293
Unknown,2006.0,"Crime,Drama,Mystery",6.4,32531,movie,tt0450340
Love,2005.0,"Drama,Thriller",5.7,427,movie,tt0450363
Cirque du Freak: The Vampire's Assistant,2009.0,"Action,Adventure,Fantasy",5.8,49758,movie,tt0450405
The Rainmaker,2004.0,Drama,7.4,19,movie,tt0450442
Mad World,2010.0,Drama,6.0,377,movie,tt0451108
Prospect,2004.0,Drama,5.7,12,movie,tt0451172
Spotless,2005.0,"Action,Crime,Thriller",6.6,88,movie,tt0451208
Power Rangers Mystic Force,2006.0,"Action,Adventure,Family",6.8,3934,tvSeries,tt0451469
Apaharan,2005.0,"Action,Crime,Drama",7.4,5665,movie,tt0451631
Devrai,2004.0,Drama,7.7,120,movie,tt0451702
Maine Pyaar Kyun Kiya,2005.0,"Comedy,Drama,Romance",5.6,6603,movie,tt0451803
No Entry,2005.0,"Comedy,Drama,Musical",6.6,14225,movie,tt0451833
Paheli,2005.0,"Comedy,Drama,Fantasy",6.4,15300,movie,tt0451850
Socha Na Tha,2005.0,"Comedy,Drama,Romance",7.4,8397,movie,tt0451919
Hush,2005.0,Thriller,4.9,434,tvMovie,tt0452025
Mind Game,2004.0,"Adventure,Animation,Comedy",7.7,12267,movie,tt0452039
Criminal Minds,2005.0,"Crime,Drama,Mystery",8.1,242339,tvSeries,tt0452046
Sugar Rush,2005.0,"Drama,Romance",7.7,4427,tvSeries,tt0452568
The Break-Up,2006.0,"Comedy,Drama,Romance",5.8,147851,movie,tt0452594
Good Luck Chuck,2007.0,"Comedy,Romance",5.6,99848,movie,tt0452625
Lady in the Water,2006.0,"Drama,Fantasy,Mystery",5.5,108430,movie,tt0452637
The Time Traveler's Wife,2009.0,"Drama,Fantasy,Romance",7.1,167172,movie,tt0452694
Game,1993.0,"Action,Crime,Drama",5.3,76,movie,tt0453367
Unrest,2006.0,"Horror,Thriller",5.0,8546,movie,tt0453533
Iqbal,2005.0,"Drama,Sport",8.1,18513,movie,tt0453729
Before the Flood,2005.0,Documentary,7.2,64,movie,tt0453979
The Aerial,2007.0,"Drama,Fantasy,Sci-Fi",7.3,4970,movie,tt0454065
Penny Dreadful,2006.0,"Horror,Mystery,Thriller",4.8,6838,movie,tt0454224
Johnny Test,2005.0,"Action,Adventure,Animation",5.5,11290,tvSeries,tt0454349
Anjaan,2005.0,"Drama,Thriller",2.8,67,movie,tt0454388
Bad Guys,2008.0,"Action,Crime,Thriller",4.1,223,movie,tt0454402
The Wiggles,1993.0,"Adventure,Comedy,Family",6.0,1215,tvSeries,tt0454656
Brothers,2006.0,Documentary,7.7,27,movie,tt0454791
Broken,2006.0,"Horror,Thriller",4.7,3082,movie,tt0454839
The Pursuit of Happyness,2006.0,"Biography,Drama",8.0,629421,movie,tt0454921
Requiem,2006.0,"Drama,Horror",6.8,6989,movie,tt0454931
The Silence,2006.0,"Crime,Drama,Mystery",6.3,303,tvMovie,tt0455281
Burned Cocoon,2005.0,Drama,4.3,219,tvSeries,tt0455294
The Outsider,2005.0,Documentary,6.3,279,movie,tt0455989
The Trap,2005.0,Thriller,8.8,25,movie,tt0456018
The Death of Mr. Lazarescu,2005.0,"Comedy,Drama",7.8,17102,movie,tt0456149
Gemini,1977.0,"Adult,Drama",7.2,17,movie,tt0456429
Jaan-E-Mann: Let's Fall in Love... Again,2006.0,"Comedy,Drama,Musical",6.1,9906,movie,tt0456481
Kyaa Kool Hai Hum,2005.0,"Comedy,Mystery",6.1,4177,movie,tt0456500
Bombshell,2006.0,Drama,5.3,23,tvSeries,tt0457227
Brotherhood,2006.0,"Crime,Drama",7.7,8701,tvSeries,tt0457229
Baby,2007.0,"Crime,Drama,Thriller",5.4,428,movie,tt0457286
Pan's Labyrinth,2006.0,"Drama,Fantasy,War",8.2,751950,movie,tt0457430
Perfect Stranger,2007.0,"Crime,Mystery,Thriller",5.7,54305,movie,tt0457433
Nacho Libre,2006.0,"Comedy,Family,Sport",5.9,103506,movie,tt0457510
The Blue Umbrella,2005.0,"Comedy,Drama,Family",7.3,2308,movie,tt0457802
Thambi,2006.0,"Action,Drama,Thriller",6.1,374,movie,tt0458176
Gie,2005.0,"Biography,Drama,History",7.6,1179,movie,tt0459327
Vientos de agua,2006.0,Drama,8.7,1320,tvMiniSeries,tt0459724
Revenge,2007.0,"Action,Crime,Drama",5.7,1208,movie,tt0459759
Inconceivable,2005.0,Drama,6.3,77,tvSeries,tt0460089
The Writer,2004.0,"Fantasy,Thriller",6.8,28,movie,tt0460612
Supernatural,2005.0,"Drama,Fantasy,Horror",8.4,546482,tvSeries,tt0460681
Close,2004.0,Drama,6.4,81,movie,tt0460747
Deep Water,2006.0,"Documentary,History,Sport",7.8,3459,movie,tt0460766
The Ritual,2009.0,"Drama,Horror",4.1,135,movie,tt0460943
The Truth,2006.0,Comedy,5.6,188,movie,tt0460967
Voyeur,2006.0,"Drama,Thriller",4.2,49,movie,tt0460985
Ek Khiladi Ek Haseena,2005.0,"Crime,Thriller",5.7,715,movie,tt0461209
Jeopardy!,1990.0,Game-Show,5.1,28,tvSeries,tt0461628
First Love,2002.0,Drama,5.9,20,tvMiniSeries,tt0461870
Don,2006.0,"Action,Crime,Thriller",7.2,44928,movie,tt0461936
The Game,1989.0,Drama,4.8,15,movie,tt0461957
The Basement,2005.0,"Action,Comedy",3.7,16,movie,tt0462192
Black Snake Moan,2006.0,"Drama,Music",6.9,69244,movie,tt0462200
Bloodline,2005.0,Drama,4.5,159,movie,tt0462201
Code Name: The Cleaner,2007.0,"Action,Comedy,Crime",4.6,12615,movie,tt0462229
The Magicians,2005.0,Documentary,6.7,32,movie,tt0462259
Outlander,2008.0,"Action,Adventure,Sci-Fi",6.2,82148,movie,tt0462465
Penny Dreadful,2005.0,"Horror,Thriller",5.9,592,movie,tt0462475
Zona Rosa,2005.0,Documentary,4.9,85,movie,tt0462641
Be with Me,2005.0,"Drama,Romance",7.0,1812,movie,tt0463903
Chup Chup Ke,2006.0,"Comedy,Drama,Romance",7.1,16139,movie,tt0464160
Bodyguard,2003.0,"Comedy,Romance",7.8,68,tvMiniSeries,tt0464620
Roots,2005.0,"Comedy,Drama",6.1,397,movie,tt0464632
Jackpot,2015.0,,4.2,10,movie,tt0464812
Dark Places,2005.0,"Drama,Horror",3.3,242,movie,tt0465434
Igor,2008.0,"Animation,Comedy,Family",5.9,25208,movie,tt0465502
School Daze,2005.0,"Comedy,Drama",6.3,19,movie,tt0466143
Kaçak,1971.0,Drama,5.2,30,movie,tt0466459
Happy Go Lucky,2005.0,Comedy,8.2,55,tvSeries,tt0467730
Medal of Honor,2000.0,"Action,Biography,Drama",7.6,36,tvSeries,tt0468427
Brother's Shadow,2006.0,Drama,6.0,179,movie,tt0468458
Cain and Abel,2006.0,"Comedy,Crime",5.6,96,movie,tt0468459
Invisible,2005.0,Documentary,8.5,94,movie,tt0468496
The Motive,2004.0,"Crime,Drama,Mystery",6.6,163,movie,tt0468846
Broken,2006.0,"Drama,Thriller",5.4,1635,movie,tt0469045
There Will Be Blood,2007.0,Drama,8.2,717417,movie,tt0469494
World Trade Center,2006.0,"Drama,History,Thriller",6.0,92425,movie,tt0469641
Bangkok Hell,2002.0,"Action,Drama",5.6,107,movie,tt0470451
What If?,2006.0,Drama,6.3,811,movie,tt0470614
DNA,2004.0,"Crime,Drama",7.1,199,tvSeries,tt0470646
The Messengers,2006.0,Reality-TV,5.6,39,tvSeries,tt0470657
Discovery Showcase: The Secrets of the Templars,1993.0,Documentary,6.8,11,tvSeries,tt0470660
Ex Machina,2014.0,"Drama,Sci-Fi,Thriller",7.7,644739,movie,tt0470752
The Holy Man,2005.0,Comedy,5.9,185,movie,tt0470850
Magic Carpet Ride,2005.0,"Comedy,Crime",7.4,37856,movie,tt0470883
Voice,2005.0,Horror,6.2,1791,movie,tt0470967
Knock Knock,2007.0,Horror,3.2,938,movie,tt0471011
Ultraman: The Next,2004.0,"Action,Adventure,Drama",6.4,613,movie,tt0471414
Les Misérables,1988.0,Animation,7.8,25,tvMovie,tt0471815
9,2009.0,"Action,Adventure,Animation",7.0,158396,movie,tt0472033
Happy Valley,2007.0,Drama,5.3,16,movie,tt0472102
Penelope,2006.0,"Comedy,Fantasy,Romance",6.7,69675,movie,tt0472160
The Smurfs,2011.0,"Adventure,Animation,Comedy",5.4,105729,movie,tt0472181
Reaction,2004.0,Comedy,8.1,15,movie,tt0472553
Waiting,2005.0,Drama,6.2,198,movie,tt0472710
Africa,2001.0,Documentary,8.4,34,tvSeries,tt0472938
The Gathering,2004.0,Thriller,8.2,53,movie,tt0473359
Jaane Tu... Ya Jaane Na,2008.0,"Comedy,Drama,Romance",7.4,29680,movie,tt0473367
Our House,2006.0,Drama,7.4,472,tvMovie,tt0473376
Champions,2006.0,"Comedy,Drama,Thriller",6.0,93,movie,tt0473502
One Night Stand,2005.0,Comedy,8.2,605,tvSeries,tt0473591
Undercover,2005.0,Comedy,5.9,95,movie,tt0473714
Homeland,2005.0,Drama,7.7,304,movie,tt0474548
The Spy Next Door,2000.0,Documentary,7.0,9,tvSeries,tt0475054
Aftermath,2005.0,Drama,8.3,48,movie,tt0475061
Crashing,2007.0,Drama,5.5,698,movie,tt0475243
"Hail, Caesar!",2016.0,"Comedy,Drama,Mystery",6.3,150847,movie,tt0475290
Grand Hotel,1985.0,Comedy,5.9,41,tvSeries,tt0475463
Disappearance,2005.0,"Crime,Drama,Mystery",6.1,43,tvMiniSeries,tt0475800
The Giant,2005.0,Documentary,7.1,101,movie,tt0475965
Gunslinger Girl,2003.0,"Action,Animation,Crime",7.3,2470,tvMiniSeries,tt0476042
Naruto the Movie: Ninja Clash in the Land of Snow,2004.0,"Action,Adventure,Animation",6.6,9574,movie,tt0476680
Ramji Londonwaley,2005.0,"Comedy,Drama,Family",6.6,1398,movie,tt0476848
Sensitive Skin,2005.0,"Comedy,Drama,Romance",7.9,344,tvSeries,tt0476940
The Brave One,2007.0,"Crime,Drama,Thriller",6.7,68227,movie,tt0476964
Unstoppable,2010.0,"Action,Thriller",6.8,220581,movie,tt0477080
Security,2005.0,Drama,6.9,15,movie,tt0477086
Solo,2006.0,"Crime,Drama",5.6,306,movie,tt0477472
Stranger,2000.0,Drama,6.8,29,movie,tt0477475
21,2008.0,"Crime,Drama,Thriller",6.8,282677,movie,tt0478087
I Am,2005.0,Drama,7.3,1102,movie,tt0478175
John & Jane,2005.0,Documentary,7.3,1460,movie,tt0478176
The Trap,2007.0,"Crime,Drama,Thriller",7.9,11005,movie,tt0478813
Private Life,2006.0,Drama,4.1,23,movie,tt0478927
Freak Show,2005.0,Horror,5.8,26,movie,tt0479039
In Between,2005.0,"Mystery,Thriller",6.2,22,movie,tt0479071
Special,2006.0,"Comedy,Drama,Sci-Fi",6.7,6049,movie,tt0479162
Chronicle of an Escape,2006.0,"Crime,Drama,Thriller",7.1,3844,movie,tt0479354
Bon Cop Bad Cop,2006.0,"Action,Comedy,Crime",6.7,13779,movie,tt0479647
Paradise Lost,2003.0,Documentary,7.9,27,movie,tt0479736
Madagascar: Escape 2 Africa,2008.0,"Adventure,Animation,Comedy",6.7,274636,movie,tt0479952
Season of the Witch,2011.0,"Action,Adventure,Fantasy",5.4,103377,movie,tt0479997
Blind Date,2007.0,"Comedy,Drama,Romance",5.6,991,movie,tt0480268
Pyaar Ke Side Effects,2006.0,"Comedy,Drama,Romance",6.8,3359,movie,tt0480572
Joy,2005.0,"Comedy,Drama",6.8,76,movie,tt0480690
No Reservations,2007.0,"Comedy,Drama,Romance",6.4,85661,movie,tt0481141
Hyperdrive,2006.0,"Comedy,Sci-Fi",6.6,2522,tvSeries,tt0481449
Cooked,2005.0,Comedy,3.7,164,tvMovie,tt0481495
The Croods,2013.0,"Adventure,Animation,Comedy",7.1,254506,movie,tt0481499
Harold & Kumar Escape from Guantanamo Bay,2008.0,"Adventure,Comedy",6.5,146668,movie,tt0481536
Cannabis,2006.0,Comedy,6.7,217,movie,tt0481959
Boys Over Flowers,1996.0,"Animation,Comedy,Drama",7.3,488,tvSeries,tt0482107
Shutter,2008.0,"Horror,Mystery,Thriller",5.2,40200,movie,tt0482599
Mud,1994.0,"Comedy,Drama,Family",7.1,37,tvSeries,tt0482643
Interrogation,2005.0,Crime,7.8,16,tvSeries,tt0482862
Dragon Tiger Gate,2006.0,"Action,Fantasy,Thriller",6.1,7482,movie,tt0482930
For Love or Money,2005.0,"Comedy,Romance",4.5,100,tvMovie,tt0483187
The Score,2005.0,Drama,6.5,40,movie,tt0483795
All About Love,2005.0,"Drama,Romance",5.8,428,movie,tt0483957
Stereo,1996.0,"Comedy,Talk-Show",7.0,54,tvSeries,tt0484018
Alone,2007.0,"Drama,Horror,Thriller",6.4,6265,movie,tt0484090
Da Kath & Kim Code,2005.0,Comedy,7.2,1294,tvMovie,tt0484275
Maktub,2004.0,"Drama,Thriller",7.4,18,tvMovie,tt0484363
Ghost Stories,1997.0,"Documentary,Drama,Fantasy",7.3,87,tvSeries,tt0484515
Fred Claus,2007.0,"Comedy,Family,Fantasy",5.7,51264,movie,tt0486583
Sisters,2006.0,"Crime,Horror,Mystery",3.9,1755,movie,tt0486652
Stardust,2007.0,"Adventure,Fantasy,Romance",7.6,300346,movie,tt0486655
Made in China,2005.0,Comedy,4.1,17,tvSeries,tt0487306
The IT Crowd,2006.0,Comedy,8.5,177522,tvSeries,tt0487831
Pocoyo,2005.0,"Adventure,Animation,Comedy",7.1,3020,tvSeries,tt0487849
Fracture,2007.0,"Crime,Drama,Thriller",7.2,238224,movie,tt0488120
Zoom,2002.0,Game-Show,8.2,7,tvSeries,tt0488272
Unaccompanied Minors,2006.0,"Adventure,Comedy,Family",5.4,13168,movie,tt0488658
The Vault,2005.0,Thriller,7.3,15,movie,tt0488663
Welcome,2007.0,"Comedy,Crime,Drama",7.2,30203,movie,tt0488798
Bloodline,2004.0,Horror,3.9,195,movie,tt0488967
Boys Over Flowers,2005.0,"Comedy,Drama,Romance",8.0,3922,tvSeries,tt0489597
Aftermath,2013.0,"Crime,Thriller",4.9,417,movie,tt0490075
All the Boys Love Mandy Lane,2006.0,"Horror,Mystery,Thriller",5.4,36522,movie,tt0490076
Rapture,2006.0,"Comedy,Romance",4.9,32,movie,tt0491116
H2O: Just Add Water,2006.0,"Adventure,Comedy,Drama",7.3,22128,tvSeries,tt0491603
Kaçak,1983.0,"Adventure,Drama",6.2,246,movie,tt0492093
A Lion in the House,2006.0,Documentary,8.8,419,movie,tt0492472
My Suicide,2009.0,"Comedy,Drama",7.1,2957,movie,tt0492896
Badland,2007.0,"Action,Horror",5.9,659,movie,tt0493395
Wanted,2008.0,"Action,Crime,Thriller",6.7,430797,movie,tt0493464
Inkheart,2008.0,"Adventure,Family,Fantasy",6.1,85877,movie,tt0494238
Vivah,2006.0,"Drama,Family,Musical",6.7,12299,movie,tt0494290
Siren,2006.0,"Horror,Thriller",5.4,1067,movie,tt0494815
The Last Summer,2007.0,Drama,6.9,450,movie,tt0494969
Bad Blood,2012.0,"Horror,Mystery,Romance",5.5,144,movie,tt0495024
Golmaal: Fun Unlimited,2006.0,"Action,Comedy,Drama",7.5,21947,movie,tt0495034
The Forest,2009.0,"Drama,Horror,Thriller",4.9,159,movie,tt0495111
The Vanished,2006.0,Horror,5.5,269,movie,tt0496223
Ocean's Thirteen,2007.0,"Crime,Thriller",6.9,389834,movie,tt0496806
The Trial,2006.0,,7.3,58,movie,tt0496822
The Next Step,1991.0,News,7.9,16,tvSeries,tt0497301
Bosta,2005.0,"Musical,War",6.5,650,movie,tt0497335
Cabin Fever,2003.0,Reality-TV,4.2,18,tvSeries,tt0498879
Revenge,2005.0,"Crime,Drama,Mystery",8.3,104,tvSeries,tt0499170
The Confrontation,2006.0,Drama,3.6,39,movie,tt0499348
Guru,2007.0,Drama,7.7,26423,movie,tt0499375
The Other,2007.0,Drama,5.8,546,movie,tt0499540
War,2007.0,"Action,Thriller",6.2,102025,movie,tt0499556
The 12th Man,2006.0,Comedy,4.9,36,tvMovie,tt0756415
Standoff,2006.0,"Crime,Drama,Romance",7.5,2217,tvSeries,tt0756582
Big Time,2005.0,"Action,Comedy",7.9,44,movie,tt0757166
All About Love,2006.0,"Drama,Romance",6.9,94,movie,tt0757859
Desire,2005.0,Documentary,8.0,10,movie,tt0757878
The Wedding Curse,2006.0,"Drama,Horror,Thriller",6.2,813,movie,tt0757933
Death Note,2006.0,"Crime,Drama,Fantasy",7.5,33546,movie,tt0758742
Friday the 13th,2009.0,"Horror,Mystery,Thriller",5.5,127852,movie,tt0758746
Into the Wild,2007.0,"Adventure,Biography,Drama",8.0,698893,movie,tt0758758
The Tudors,2007.0,"Drama,History,Romance",8.1,88112,tvSeries,tt0758790
Justice,2006.0,"Crime,Drama,Thriller",7.8,1726,tvSeries,tt0759482
The Basement,2005.0,Drama,6.3,12,movie,tt0760230
Ben 10,2005.0,"Action,Adventure,Animation",7.6,37428,tvSeries,tt0760437
Planet 51,2009.0,"Adventure,Animation,Comedy",6.0,62532,movie,tt0762125
A Thousand Words,2012.0,"Comedy,Drama,Fantasy",5.9,47897,movie,tt0763831
Brothers,2009.0,"Drama,Thriller,War",7.1,176073,movie,tt0765010
Oceans,2008.0,Documentary,7.7,10247,movie,tt0765128
Awake,2005.0,Drama,7.5,12,movie,tt0765802
Hannibal: Rome's Worst Nightmare,2006.0,"Action,Biography,Drama",6.7,1954,tvMovie,tt0766213
Drive,2007.0,"Action,Adventure,Crime",7.6,5082,tvSeries,tt0770521
Shooter,2005.0,Reality-TV,9.0,10,tvMovie,tt0770805
The Game,2006.0,"Comedy,Drama,Romance",6.9,5197,tvSeries,tt0772137
Save Me,2007.0,"Drama,Romance",6.7,2189,movie,tt0772200
Dexter,2006.0,"Crime,Drama,Mystery",8.6,951715,tvSeries,tt0773262
Fallen,2006.0,"Action,Adventure,Drama",6.4,4266,tvMovie,tt0775362
Destiny,2001.0,Drama,4.9,65,tvMovie,tt0777208
Almost Love,2006.0,"Comedy,Romance",6.4,700,movie,tt0777808
Innocent,2005.0,"Drama,Romance",6.0,368,movie,tt0777896
Rebelde,1958.0,"Action,Drama",4.8,9,movie,tt0778016
The Chase,2006.0,Drama,6.8,316,tvSeries,tt0778536
About a Boy,2003.0,Comedy,5.5,141,tvMovie,tt0778602
The Break,2003.0,Drama,7.0,23,tvMovie,tt0778632
House of Cards,2001.0,Comedy,4.8,22,tvMovie,tt0778740
Jeopardy!,1991.0,Game-Show,6.6,60,tvSeries,tt0779470
Sun Dogs,2006.0,"Documentary,Sport",6.5,25,movie,tt0780158
Let's Dance,2006.0,"Family,Game-Show,Music",4.1,184,tvSeries,tt0780370
Canvas,2006.0,Drama,6.5,1162,movie,tt0780492
Drive,2011.0,"Action,Drama",7.8,772423,movie,tt0780504
The Princess and the Frog,2009.0,"Adventure,Animation,Comedy",7.2,189814,movie,tt0780521
Imagine That,2009.0,"Comedy,Drama,Family",5.6,16685,movie,tt0780567
The Signal,2007.0,"Horror,Sci-Fi,Thriller",6.0,22615,movie,tt0780607
Girlfriends,2006.0,Comedy,4.2,323,movie,tt0781429
Love Is in the Air,2004.0,Documentary,6.9,119,movie,tt0784828
Power Rangers Operation Overdrive,2007.0,"Action,Adventure,Family",5.5,1983,tvSeries,tt0784920
Sugar Rush,2005.0,Documentary,8.7,93,tvSeries,tt0784944
Hotel for Dogs,2009.0,"Comedy,Family",5.5,26703,movie,tt0785006
The Outsiders,2006.0,"Action,Adventure",5.7,108,tvMovie,tt0785037
Hot Rod,2007.0,"Comedy,Sport",6.7,100089,movie,tt0787475
Contract,2006.0,Drama,6.9,40,movie,tt0788256
Dallas Buyers Club,2013.0,"Biography,Drama",7.9,551942,movie,tt0790636
Mom,2006.0,Comedy,4.6,118,movie,tt0790714
Sparkle,2007.0,Comedy,6.0,998,movie,tt0790751
What's Up?,2006.0,"Comedy,Drama",3.1,346,movie,tt0791180
Naruto the Movie 2: Legend of the Stone of Gelel,2005.0,"Adventure,Animation,Comedy",6.3,6201,movie,tt0791188
Cycle,2006.0,"Horror,Thriller",3.6,81,movie,tt0791296
Metro,2006.0,Drama,7.1,17,movie,tt0791324
The Crime,2003.0,"Crime,Drama,Thriller",5.2,50,movie,tt0792977
Skin,2006.0,Drama,5.4,50,movie,tt0793430
Possessed,2000.0,"Crime,Drama",4.9,80,movie,tt0793574
Once Upon a Time,2001.0,"Comedy,Family,Fantasy",5.9,160,movie,tt0793607
Mischief,2006.0,Documentary,7.6,26,tvSeries,tt0795154
Monty Python's Personal Best,2006.0,Comedy,7.8,515,tvSeries,tt0795156
Case 39,2009.0,"Horror,Mystery,Thriller",6.2,100128,movie,tt0795351
Death at a Funeral,2007.0,Comedy,7.3,128850,movie,tt0795368
Namastey London,2007.0,"Comedy,Drama,Romance",7.1,24391,movie,tt0795434
Scary Movie 5,2013.0,"Comedy,Horror",3.6,87237,movie,tt0795461
Star Trek,2009.0,"Action,Adventure,Sci-Fi",7.9,640760,movie,tt0796366
Ghost Stories,1987.0,"Animation,Horror",7.2,85,tvMovie,tt0796816
The Magicians,2005.0,Drama,6.5,71,movie,tt0796825
Offside,2006.0,"Drama,Family",5.8,195,movie,tt0798780
The Bridge,2006.0,"Documentary,Drama",7.2,12883,movie,tt0799954
Lockout,2006.0,"Horror,Mystery,Thriller",3.8,331,movie,tt0800116
Singularity,2007.0,Drama,8.8,30,movie,tt0800204
Clash of the Titans,2010.0,"Action,Adventure,Fantasy",5.8,307335,movie,tt0800320
The Dirt,2019.0,"Biography,Comedy,Drama",7.0,61352,movie,tt0800325
The Dukes of Hazzard: The Beginning,2007.0,"Action,Adventure,Comedy",4.4,5459,tvMovie,tt0800328
Anthony Kaun Hai?,2006.0,"Mystery,Thriller",5.1,741,movie,tt0800981
Miracle,2006.0,"Comedy,Drama,Romance",6.0,261,movie,tt0800998
Desire,2006.0,Drama,5.9,343,tvSeries,tt0804414
Mad Men,2007.0,Drama,8.7,293636,tvSeries,tt0804503
Bhagam Bhag,2006.0,"Comedy,Drama,Mystery",6.8,17978,movie,tt0805184
Hugo,1994.0,Game-Show,4.7,37,tvSeries,tt0805409
Jericho,2006.0,"Action,Drama,Mystery",7.9,61436,tvSeries,tt0805663
My Girl,2005.0,"Comedy,Drama,Romance",7.8,1965,tvSeries,tt0805906
Carriers,2009.0,"Adventure,Drama,Horror",5.9,53629,movie,tt0806203
Sohni Mahiwal,1976.0,Musical,7.0,14,movie,tt0807046
Hide & Seek,2006.0,Drama,4.7,15,tvSeries,tt0807682
Breakout,2007.0,"Drama,Music",4.8,373,movie,tt0807707
Wanted,1996.0,"Game-Show,Reality-TV",7.3,22,tvSeries,tt0808117
Angels & Demons,2009.0,"Mystery,Thriller",6.7,328062,movie,tt0808151
High Score,2006.0,Documentary,7.0,315,movie,tt0808299
Honeymoon Travels Pvt. Ltd.,2007.0,"Comedy,Drama,Romance",6.1,3189,movie,tt0808306
Unknown,2005.0,"Drama,Mystery,Romance",5.8,83,movie,tt0808519
Stardust,2006.0,Drama,8.7,79,tvMiniSeries,tt0810725
The Danish Girl,2015.0,"Biography,Drama",7.1,207312,movie,tt0810819
Take Me Home Tonight,2011.0,"Comedy,Drama,Romance",6.3,57921,movie,tt0810922
Shootout at Lokhandwala,2007.0,"Action,Crime,Drama",7.1,11722,movie,tt0811066
The Love Guru,2008.0,"Comedy,Romance,Sport",3.8,57147,movie,tt0811138
Brotherhood,2005.0,Documentary,8.2,21,movie,tt0811602
Hide and Seek,2002.0,Drama,4.1,17,movie,tt0812257
Evil,2005.0,"Action,Comedy,Horror",5.4,2008,movie,tt0813129
Little Monsters,2003.0,Game-Show,6.1,15,tvSeries,tt0813737
Marco Polo,2007.0,"Adventure,Drama",5.9,1640,tvSeries,tt0813789
Matichya Chuli,2006.0,"Comedy,Drama",7.1,139,movie,tt0814209
Rocky,2006.0,"Action,Drama,Romance",4.1,398,movie,tt0814295
Seven Pounds,2008.0,"Drama,Mystery,Thriller",7.6,327531,movie,tt0814314
Caught on Camera,1994.0,Documentary,5.3,11,tvSeries,tt0815042
Innocent,2006.0,Drama,7.1,122,tvSeries,tt0815057
She's Out of My League,2010.0,"Comedy,Romance",6.4,154353,movie,tt0815236
Underdogs,2006.0,Comedy,8.5,26,movie,tt0816110
Interrogation,2006.0,"Crime,Drama,Mystery",8.4,33,movie,tt0816203
It Takes Two,2006.0,"Game-Show,Music,Reality-TV",6.5,64,tvSeries,tt0816226
Ouran High School Host Club,2006.0,"Animation,Comedy,Romance",8.1,14248,tvSeries,tt0816397
Dark Crimes,2006.0,Thriller,5.3,35,movie,tt0817896
Retribution,2006.0,Drama,5.0,21,movie,tt0819118
Forgotten,2005.0,Documentary,6.7,35,movie,tt0819759
Traffic Signal,2007.0,Drama,6.6,1869,movie,tt0819810
The End,2007.0,"Comedy,Crime,Drama",7.1,581,movie,tt0819906
Shooter,2007.0,"Action,Drama,Thriller",7.2,378795,movie,tt0822854
Lovesick,2003.0,Romance,7.5,16,movie,tt0824687
The Bucket List,2007.0,"Adventure,Comedy,Drama",7.3,274569,movie,tt0825232
Love Is in the Air,2006.0,"Drama,Romance",5.3,76,tvSeries,tt0825744
The Real Football Factories,2006.0,"Documentary,Sport",7.5,801,tvSeries,tt0825947
Holidays,2006.0,Documentary,7.5,9,movie,tt0826090
The Magician,2006.0,"Comedy,Drama",7.4,36833,movie,tt0827503
The Green Hornet,1974.0,"Action,Crime,Sci-Fi",5.1,457,movie,tt0827709
Zaki Chan,2005.0,"Comedy,Romance",6.6,4493,movie,tt0827788
The Take,2007.0,"Action,Crime,Drama",5.8,2607,movie,tt0828158
Run,1995.0,Animation,6.3,42,movie,tt0829089
The Phantom of the Opera,1988.0,"Animation,Horror",6.6,193,tvMovie,tt0829262
Superbad,2007.0,Comedy,7.6,702312,movie,tt0829482
Quantum of Solace,2008.0,"Action,Adventure,Mystery",6.5,502276,movie,tt0830515
Tarek's Situation,2006.0,"Comedy,Romance",6.9,4352,movie,tt0830700
Cake,2006.0,"Family,Reality-TV,Short",5.1,204,tvSeries,tt0831376
Godzilla,2014.0,"Action,Adventure,Sci-Fi",6.4,467764,movie,tt0831387
Sahara,2006.0,Documentary,7.6,11,tvMovie,tt0831394
Shiva,2006.0,"Action,Crime,Drama",4.1,406,movie,tt0831816
Ahista Ahista,2006.0,"Drama,Romance",6.9,1824,movie,tt0831840
Cold Feet,2006.0,"Comedy,Drama,Romance",5.2,26,movie,tt0831925
Badha,2006.0,Drama,7.4,46,movie,tt0832335
Falling,2006.0,Drama,5.9,311,movie,tt0832347
The Killer,2006.0,"Action,Crime,Drama",4.8,1481,movie,tt0833484
Sarivar Sari,2005.0,Drama,7.3,51,movie,tt0833533
The Bridge,2007.0,Documentary,7.8,32,movie,tt0833943
Darna Mana Hai,2005.0,Drama,5.4,29,tvSeries,tt0834598
Shelter,2008.0,Drama,5.0,174,movie,tt0834952
Garbage,1996.0,Documentary,9.2,10,movie,tt0835358
Krystal,2017.0,"Comedy,Drama",5.5,1892,movie,tt0835802
Iron Man: Armored Adventures,2008.0,"Action,Adventure,Animation",6.5,4848,tvSeries,tt0837143
Pee-wee's Big Holiday,2016.0,"Comedy,Family",6.1,9974,movie,tt0837156
Hotel Transylvania,2012.0,"Animation,Comedy,Family",7.1,318774,movie,tt0837562
Step Brothers,2008.0,Comedy,6.9,344440,movie,tt0838283
Fallen,2007.0,"Adventure,Fantasy",6.9,1947,tvMiniSeries,tt0838800
Heartland,2007.0,Drama,5.9,287,tvSeries,tt0839847
Victor,2008.0,"Biography,Drama,Sport",6.0,150,tvMovie,tt0840024
Skins,2007.0,Drama,8.2,101428,tvSeries,tt0840196
Love for Sale,2006.0,Drama,7.1,2465,movie,tt0841175
Kingdom,2007.0,"Comedy,Drama",7.8,3249,tvSeries,tt0841961
Retribution,2006.0,"Horror,Mystery,Thriller",6.4,4168,movie,tt0843302
Boss,2006.0,Romance,4.3,433,movie,tt0843327
Atelier,1986.0,Drama,2.6,8,tvMiniSeries,tt0843393
Solo,1989.0,,5.2,7,tvMiniSeries,tt0843451
Cloudy with a Chance of Meatballs,2009.0,"Adventure,Animation,Comedy",6.9,289479,movie,tt0844471
Hoodwinked Too! Hood vs. Evil,2011.0,"Adventure,Animation,Comedy",4.7,15039,movie,tt0844993
Dhamaal,2007.0,"Action,Adventure,Comedy",7.6,23236,movie,tt0845448
The Boss,2007.0,"Crime,Drama",3.7,627,movie,tt0845527
Yanda Kartavya Aahe,2006.0,"Comedy,Romance",6.9,165,movie,tt0845554
Intelligence,2005.0,"Crime,Drama,Mystery",8.1,2387,tvSeries,tt0845746
Dracula,2006.0,"Drama,Horror",5.2,1831,tvMovie,tt0847161
Magnolia,2006.0,Drama,7.6,43,tvMovie,tt0847181
Mansfield Park,2007.0,"Drama,Romance",6.2,7942,tvMovie,tt0847182
Euphoria,2006.0,"Drama,Romance",6.5,1379,movie,tt0847877
Unrequited Love,2006.0,Documentary,3.9,46,movie,tt0848489
Lolita,1991.0,Drama,5.9,9,tvMovie,tt0851416
The Island,2006.0,"Comedy,Drama",7.8,13390,movie,tt0851577
Paprika,2006.0,"Animation,Drama,Fantasy",7.7,115319,movie,tt0851578
Homeland,2009.0,Drama,5.4,74,movie,tt0852965
What's Up?,2006.0,"Comedy,Drama,Romance",7.6,26,tvSeries,tt0853068
Kikoriki,2003.0,"Adventure,Animation,Comedy",7.8,1844,tvSeries,tt0853174
Freak Show,2006.0,"Animation,Comedy",5.1,407,tvSeries,tt0854504
Prague,2006.0,Drama,6.7,3581,movie,tt0855975
Smart People,2008.0,"Comedy,Drama,Romance",6.1,23720,movie,tt0858479
Battle for Terra,2007.0,"Action,Adventure,Animation",6.5,12587,movie,tt0858486
Broken,2005.0,Comedy,8.4,34,movie,tt0859597
Erased,2006.0,Thriller,5.7,45,tvMovie,tt0860468
Legend,2006.0,Drama,8.3,50,tvSeries,tt0862601
The House Next Door,2006.0,"Horror,Mystery,Thriller",4.7,1045,tvMovie,tt0863080
Mukhsin,2006.0,"Comedy,Drama,Family",7.2,567,movie,tt0863091
The Duchess,2008.0,"Biography,Drama,History",6.9,91409,movie,tt0864761
Mr. Peabody & Sherman,2014.0,"Adventure,Animation,Comedy",6.8,85242,movie,tt0864835
The Forbidden Kingdom,2008.0,"Action,Adventure,Fantasy",6.5,114021,movie,tt0865556
The Jane Austen Book Club,2007.0,"Comedy,Drama,Romance",6.7,30053,movie,tt0866437
Heartland,1979.0,Drama,3.6,456,tvSeries,tt0866639
New Girl,1985.0,Comedy,5.5,30,movie,tt0869112
Friendship,2006.0,"Comedy,Drama",7.2,56,movie,tt0871862
The Master,2006.0,Game-Show,3.5,9,tvSeries,tt0872053
Supermarket Sweep,1992.0,Game-Show,7.7,23,tvSeries,tt0872063
Hangman,2009.0,"Horror,Thriller",3.0,74,movie,tt0874279
Zoo,2007.0,Documentary,5.5,3169,movie,tt0874423
Life,2007.0,"Crime,Drama,Mystery",8.2,36980,tvSeries,tt0874936
Seventeen,2003.0,Drama,6.3,32,movie,tt0875111
Destiny,2006.0,Drama,7.7,20927,movie,tt0875595
Vagabond,2006.0,Action,6.2,21,movie,tt0875627
Show Me the Money,2006.0,Game-Show,4.9,75,tvSeries,tt0876217
The Last Word,2008.0,"Drama,Romance",6.2,3381,movie,tt0876233
Death Note,2006.0,"Animation,Crime,Drama",8.9,496189,tvSeries,tt0877057
Murder Party,2007.0,"Comedy,Horror",5.8,13040,movie,tt0878695
Eat Pray Love,2010.0,"Biography,Comedy,Drama",5.9,114932,movie,tt0879870
Fireflies,2006.0,"Drama,Family",6.8,91,movie,tt0881913
Kill the Messenger,2006.0,Documentary,7.8,76,tvMovie,tt0881933
El Chavo,2006.0,"Adventure,Animation,Comedy",5.7,1626,tvSeries,tt0883625
The Mist,2007.0,"Horror,Sci-Fi,Thriller",7.1,379369,movie,tt0884328
Meteor Garden,2001.0,"Comedy,Drama,Romance",7.8,1156,tvSeries,tt0885981
In Between,2007.0,Drama,8.0,44,movie,tt0886502
Let's Dance,2006.0,"Drama,Music",2.6,264,movie,tt0886524
Thank You,2006.0,Drama,8.5,17,movie,tt0886534
Luck by Chance,2009.0,Drama,7.1,11903,movie,tt0886539
Hollywood,2006.0,"Comedy,Drama",4.8,14,movie,tt0887141
Kings,2007.0,Drama,6.8,667,movie,tt0889136
Boys Over Flowers,1995.0,Romance,6.0,135,movie,tt0889194
Trumbo,2007.0,"Biography,Documentary",7.4,1313,movie,tt0889671
You,2007.0,Drama,4.7,184,movie,tt0890887
Money Talks,1940.0,Comedy,6.0,19,movie,tt0891574
Loaded,2008.0,"Action,Crime,Drama",4.5,2937,movie,tt0893406
The International,2006.0,"Comedy,Drama,Music",7.2,8861,movie,tt0893507
The Chanting,2006.0,Horror,5.9,580,movie,tt0893534
Banana Split,1991.0,Comedy,7.4,14,movie,tt0896787
The Box,2006.0,Reality-TV,3.9,11,tvMiniSeries,tt0897400
Suite Française,2014.0,"Drama,History,Romance",7.0,30788,movie,tt0900387
Insatiable,2007.0,Comedy,6.2,40,tvSeries,tt0901196
Breath,2007.0,Drama,6.9,5341,movie,tt0901475
Acts of Violence,2010.0,"Crime,Drama,Thriller",6.5,160,movie,tt0902247
The Perfect Match,1995.0,Drama,6.6,15,tvMovie,tt0903005
The Call,2007.0,Comedy,7.6,56,tvMovie,tt0903226
Breaking Bad,2008.0,"Crime,Drama,Thriller",9.5,2666038,tvSeries,tt0903747
DNA,2003.0,Documentary,8.8,45,tvSeries,tt0903750
Barbarians,2006.0,"Documentary,History",7.8,378,tvMiniSeries,tt0905688
Indiscretion,2006.0,Drama,8.4,18,movie,tt0907122
Cocaine,2005.0,Documentary,7.1,69,tvSeries,tt0907286
The Bridge,2006.0,"Crime,Drama",7.6,178,movie,tt0907842
Conspiracy,2008.0,Drama,5.4,10,tvSeries,tt0910625
Pineapple Express,2008.0,"Action,Comedy,Crime",6.9,375076,movie,tt0910936
Invisible,2006.0,Thriller,3.5,117,movie,tt0911004
What If?,2004.0,Documentary,9.5,26,tvMovie,tt0913442
The Innocent Man,2018.0,"Crime,Documentary",7.3,7055,tvMiniSeries,tt0914376
The Boy in the Striped Pajamas,2008.0,"Drama,War",7.7,277543,movie,tt0914798
Doubt,2008.0,"Drama,Mystery",7.5,148482,movie,tt0918927
Game,2006.0,Thriller,4.5,452,movie,tt0925081
Accident,2007.0,Documentary,7.0,69,movie,tt0925212
In the Shadow of the Moon,2007.0,"Documentary,History",8.0,7134,movie,tt0925248
Aurora,2006.0,Drama,6.0,396,movie,tt0926037
Dear Santa,2006.0,Family,3.5,89,tvMovie,tt0926064
Prom Night,2008.0,Horror,4.0,40225,movie,tt0926129
Euphoria,2005.0,Documentary,6.2,47,movie,tt0926194
The Boy,2004.0,Animation,7.1,39,tvSeries,tt0926891
The Box,2007.0,"Crime,Thriller",4.6,519,movie,tt0928188
Gomorrah,2008.0,"Crime,Drama",7.0,53472,movie,tt0929425
The King,2007.0,"Biography,Drama",6.7,270,tvMovie,tt0930067
The Roommate,2007.0,Comedy,6.8,8,tvMovie,tt0933766
Convict,2009.0,Thriller,7.1,119,movie,tt0933878
Twins Mission,2007.0,"Action,Comedy,Crime",5.2,820,movie,tt0934949
Wolf,1981.0,"Action,Horror,Thriller",4.9,204,movie,tt0934959
Consequences,2006.0,"Horror,Thriller",3.0,146,movie,tt0936466
Taken,2008.0,"Action,Crime,Thriller",7.7,677442,movie,tt0936501
Wolf,2008.0,"Action,Adventure,Drama",6.1,1496,movie,tt0937378
The Last Airbender,2010.0,"Action,Adventure,Family",3.9,182548,movie,tt0938283
Silent Hill: Revelation,2012.0,"Drama,Horror,Mystery",4.9,72318,movie,tt0938330
The Workshop,2007.0,Documentary,4.3,488,movie,tt0939684
The Battle of Midway,1999.0,Documentary,7.9,18,tvMovie,tt0940582
The Killer,2007.0,Thriller,5.5,425,movie,tt0940782
Shelter,2007.0,"Drama,Romance,Sport",7.6,25946,movie,tt0942384
Cadaver,2006.0,Horror,5.0,189,movie,tt0944236
The IT Crowd,2006.0,Comedy,5.9,2172,tvMovie,tt0944954
Together,2006.0,Comedy,7.8,25,movie,tt0945404
Listen,2004.0,Documentary,9.0,10,movie,tt0945573
Deadline: Sirf 24 Ghante,2006.0,"Crime,Thriller",6.3,731,movie,tt0946999
The Search,2007.0,Reality-TV,6.2,15,tvSeries,tt0947501
Gurren Lagann,2007.0,"Action,Adventure,Animation",8.3,27498,tvSeries,tt0948103
The Promise,2007.0,"Drama,Romance",6.1,84,movie,tt0949503
Shanghai,1938.0,Documentary,5.7,9,movie,tt0949530
Supergirl,1973.0,"Action,Fantasy,Horror",6.5,61,movie,tt0949547
Mad Money,2008.0,"Comedy,Crime,Thriller",5.9,24492,movie,tt0951216
Timeline,1989.0,History,8.5,21,tvSeries,tt0952397
Anwar,2007.0,"Drama,Romance,Thriller",6.5,1326,movie,tt0953306
Africa,1984.0,Documentary,7.0,11,tvSeries,tt0953817
Moonlight,2007.0,"Crime,Drama,Fantasy",7.6,26029,tvSeries,tt0955346
The Outsiders,1998.0,Documentary,7.6,9,tvMovie,tt0955834
The Beast,2007.0,Comedy,6.3,31,tvMovie,tt0956000
Nights in Rodanthe,2008.0,"Drama,Romance",6.0,27671,movie,tt0956038
Revolutionary Road,2008.0,"Drama,Romance",7.3,238176,movie,tt0959337
You Don't Mess with the Zohan,2008.0,"Action,Comedy",5.6,229472,movie,tt0960144
The Adventures of Tintin,1957.0,"Adventure,Animation,Family",8.1,915,tvSeries,tt0960172
Bedtime Stories,2008.0,"Adventure,Comedy,Family",6.0,107053,movie,tt0960731
Bobby,2002.0,"Action,Drama,Romance",3.7,866,movie,tt0960734
You,2009.0,Drama,6.1,152,movie,tt0960886
Revenge,2007.0,Drama,7.5,226,tvSeries,tt0962744
Dismissed,2003.0,Reality-TV,3.0,30,tvSeries,tt0963867
Bondi Rescue,2006.0,"Documentary,Drama,Reality-TV",7.7,1460,tvSeries,tt0963967
Fashion,2008.0,"Drama,Romance",6.9,13815,movie,tt0964516
The Fighter,2010.0,"Action,Biography,Drama",7.8,410769,movie,tt0964517
Skin,2008.0,"Biography,Drama",6.9,3860,movie,tt0964586
Wildlife,2007.0,Comedy,6.9,26,tvMovie,tt0965383
Person of Interest,2007.0,Thriller,5.4,84,movie,tt0968762
Hugo,2011.0,"Adventure,Drama,Family",7.5,351096,movie,tt0970179
Zero Hour,2007.0,Drama,6.3,17,movie,tt0970199
Solomon Kane,2009.0,"Action,Adventure,Fantasy",6.1,80998,movie,tt0970452
The Governor,2007.0,"Action,Drama",7.5,38,movie,tt0970531
Private Practice,2007.0,"Comedy,Drama,Romance",6.8,31224,tvSeries,tt0972412
Exhibit A,2007.0,"Crime,Drama,Horror",6.1,4457,movie,tt0972555
Inconceivable,2008.0,"Comedy,Drama",3.1,491,movie,tt0974005
17 Again,2009.0,"Comedy,Drama,Fantasy",6.4,233852,movie,tt0974661
Pink,2006.0,"Drama,Fantasy",6.2,309,movie,tt0976212
Operation Proposal,2007.0,"Drama,Fantasy,Romance",8.2,1928,tvMiniSeries,tt0978140
Masoom,1996.0,"Action,Comedy,Thriller",5.6,150,movie,tt0978642
The Neighbor,2007.0,"Comedy,Romance",5.4,1233,movie,tt0978670
Frozen River,2008.0,"Crime,Drama",7.1,27289,movie,tt0978759
Hattrick,2007.0,"Comedy,Drama,Romance",4.3,553,movie,tt0979891
Magnus,2007.0,Drama,5.9,487,movie,tt0979917
The Adventures of Tintin,2011.0,"Action,Adventure,Animation",7.3,257124,movie,tt0983193
Equinox,2003.0,Documentary,4.5,10,movie,tt0983214
Shaun the Sheep,2007.0,"Animation,Comedy,Family",8.1,20365,tvSeries,tt0983983
Kay Dyache Bola,2005.0,Comedy,7.3,290,movie,tt0984056
Swami,2007.0,Drama,7.0,466,movie,tt0984122
Hide and Seek,2006.0,Drama,3.8,24,movie,tt0984214
Horrid Henry,2006.0,"Adventure,Animation,Comedy",6.5,1869,tvSeries,tt0985991
Like Stars on Earth,2007.0,"Drama,Family",8.3,235539,movie,tt0986264
Frank and Cindy,2007.0,"Biography,Documentary,Drama",6.8,423,movie,tt0986354
Sherlock Holmes,2009.0,"Action,Adventure,Mystery",7.5,710644,movie,tt0988045
Traitor,2008.0,"Action,Crime,Drama",6.9,61076,movie,tt0988047
Total Recall,1994.0,Game-Show,4.0,12,tvSeries,tt0988932
Destiny,2007.0,"Drama,Romance",1.4,162,tvSeries,tt0989272
The Mist,2007.0,"Fantasy,Horror",5.8,52,movie,tt0989719
Black,2009.0,"Action,Crime,Drama",5.2,412,movie,tt0990359
Detention,2010.0,"Horror,Thriller",2.9,1020,movie,tt0990363
The Green Hornet,2011.0,"Action,Comedy,Crime",5.8,169540,movie,tt0990407
A Love Story,2007.0,"Drama,Romance",6.6,192,movie,tt0990433
Still,1971.0,,6.8,27,movie,tt0991284
Code Geass: Lelouch of the Rebellion,2006.0,"Action,Animation,Drama",8.7,108403,tvSeries,tt0994314
The Climb,2007.0,Documentary,7.4,56,tvMovie,tt0994758
Between,2006.0,Documentary,7.4,15,movie,tt0994911
Whipped,1998.0,Documentary,6.6,12,movie,tt0994993
Crime Time,2008.0,Animation,8.2,49,tvSeries,tt0995010
Bhool Bhulaiyaa,2007.0,"Comedy,Horror,Mystery",7.5,39362,movie,tt0995031
Case Closed,2007.0,Comedy,6.8,12,tvMovie,tt0995062
Hero,2007.0,Drama,6.7,1186,movie,tt0997157
The Paper,2007.0,Documentary,7.6,35,movie,tt0997172
The Other,2005.0,Documentary,7.5,7,movie,tt1000059
A Christmas Prince: The Royal Baby,2019.0,"Family,Romance",5.4,8894,movie,tt10006006
Blood of Zeus,2020.0,"Action,Adventure,Animation",7.5,29083,tvSeries,tt10009170
Chupke Chupke,2017.0,Drama,5.7,7,tvSeries,tt10010914
Dragon's Dogma,2020.0,"Action,Adventure,Animation",6.2,4716,tvSeries,tt10011298
The Remix: Hip Hop X Fashion,2019.0,"Documentary,Music",7.6,102,movie,tt10011480
Trixie Mattel: Moving Parts,2019.0,Documentary,7.3,2308,movie,tt10011508
The Darkness,2024.0,Mystery,6.0,1639,tvSeries,tt10011518
The Forgotten,2019.0,"Drama,Romance,War",6.0,427,movie,tt10014838
Selfless,2008.0,Thriller,4.6,95,movie,tt1001549
Raising the Bar,2008.0,Drama,7.3,2009,tvSeries,tt1001558
The Protector,2019.0,"Comedy,Romance",5.5,1171,movie,tt10022384
Love Aaj Kal,2020.0,"Drama,Romance",4.7,11023,movie,tt10023024
Dracula,2019.0,Drama,5.4,13,movie,tt10025196
The Young Messiah,2016.0,"Drama,Fantasy",5.7,4123,movie,tt1002563
Encounters with Evil,2016.0,"Crime,Documentary",6.8,130,tvSeries,tt10026844
My Husband Won't Fit,2019.0,"Drama,Romance",6.6,1103,tvSeries,tt10027946
Persona,2019.0,"Drama,Thriller",6.5,1793,tvMiniSeries,tt10027990
Together,1980.0,Drama,6.8,49,tvSeries,tt1003253
Grandmother's Farm,2013.0,"Comedy,Horror,Mystery",2.9,118,movie,tt10033686
Gentefied,2020.0,Comedy,7.4,3273,tvSeries,tt10037034
My Stupid Boss 2,2019.0,"Adventure,Comedy",6.5,655,movie,tt10039468
You're My Destiny,2017.0,"Comedy,Drama,Romance",7.8,80,tvSeries,tt10041404
Between Maybes,2019.0,"Drama,Romance",6.3,258,movie,tt10044704
You vs. Wild,2019.0,"Adventure,Reality-TV",6.6,3065,tvSeries,tt10044952
The Queen's Gambit,2020.0,Drama,8.5,675806,tvMiniSeries,tt10048342
Staged Killer,2019.0,Thriller,3.7,419,movie,tt10048556
Followers,2020.0,"Drama,Romance",6.3,736,tvSeries,tt10049610
Mighty Little Bheem,2019.0,"Adventure,Animation,Comedy",6.4,353,tvSeries,tt10050752
Brené Brown: The Call to Courage,2019.0,"Documentary,Drama",7.7,1951,movie,tt10050766
I Think You Should Leave with Tim Robinson,2019.0,Comedy,8.1,27272,tvSeries,tt10050772
Grass is Greener,2019.0,Documentary,7.1,1658,movie,tt10050782
Guest House,2020.0,Comedy,4.4,2891,movie,tt10054316
Abyss,2019.0,"Crime,Fantasy,Romance",7.1,4771,tvSeries,tt10055734
The Knight Before Christmas,2019.0,"Adventure,Comedy,Drama",5.6,22658,movie,tt10060094
Hot Gimmick: Girl Meets Boy,2019.0,"Drama,Romance",4.4,677,movie,tt10061256
Never Have I Ever,2020.0,"Comedy,Drama",7.8,96670,tvSeries,tt10062292
Guilty,2020.0,"Drama,Thriller",5.4,5012,movie,tt10062614
Shadow,2021.0,Drama,6.1,263,movie,tt10062628
Stolen Away,2020.0,"Crime,Drama,Mystery",7.1,3119,tvSeries,tt10064124
The Wedding Shaman,2019.0,"Drama,Romance",6.8,208,movie,tt10066526
Last Breath,2010.0,Horror,3.6,322,movie,tt1006907
Home for Christmas,2019.0,"Comedy,Drama,Romance",7.7,20595,tvSeries,tt10069398
Zack and Miri Make a Porno,2008.0,"Comedy,Romance",6.5,187364,movie,tt1007028
The Iron Lady,2011.0,"Biography,Drama",6.4,117352,movie,tt1007029
The Game,2019.0,Horror,5.9,11,movie,tt10073018
The Gift,2019.0,"Drama,Fantasy,Mystery",6.9,25965,tvSeries,tt10075318
The Little Prince,2019.0,"Action,Documentary",7.0,6,movie,tt10075374
Manmadhudu 2,2019.0,"Comedy,Drama,Romance",4.7,981,movie,tt10076106
We Are Legends,2019.0,Action,5.2,243,movie,tt10076722
Stars in the Sky: A Hunting Story,2018.0,Documentary,7.2,427,movie,tt10078502
Freej Al Taibeen,2018.0,"Comedy,Sport",5.1,18,movie,tt10078900
Hyena,2006.0,Drama,5.1,102,movie,tt1007977
Evvarikee Cheppoddu,2019.0,Drama,7.1,482,movie,tt10081202
Aaviri,2019.0,"Drama,Thriller",3.4,169,movie,tt10081210
Tiffany Haddish Presents: They Ready,2019.0,Comedy,6.7,633,tvSeries,tt10085386
Morphle,2019.0,"Adventure,Animation,Family",4.3,164,tvSeries,tt10087694
Super Monsters Furever Friends,2019.0,Animation,5.6,103,tvMovie,tt10087988
Holiday Rush,2019.0,"Comedy,Drama,Family",5.0,3476,movie,tt10091530
The Oath,2020.0,,6.8,40,movie,tt10091630
Earth and Blood,2020.0,"Action,Drama,Thriller",5.2,3132,movie,tt10092752
Move,2020.0,Documentary,7.3,160,tvSeries,tt10092764
Inkaar,2019.0,Drama,8.5,170,tvSeries,tt10094404
Our Godfather,2019.0,"Biography,Crime,Documentary",6.8,1659,movie,tt10095336
Kaleidoscope,2004.0,"Adventure,Comedy,Drama",8.1,111,tvSeries,tt10097984
The Other,2020.0,Drama,6.1,74,movie,tt10098442
Feel Good,2020.0,"Comedy,Drama,Romance",7.5,15467,tvSeries,tt10098620
Our House,2022.0,"Crime,Drama,Horror",6.4,4150,tvSeries,tt10098728
The Lovebirds,2007.0,Drama,5.7,186,movie,tt1010020
Curon,2020.0,"Drama,Fantasy,Horror",5.9,5073,tvSeries,tt10101518
One on One,2017.0,"Adult,Drama,Romance",5.5,14,movie,tt10101974
The Terminal,2018.0,Drama,6.4,28,tvSeries,tt10102376
Nowhere Man,2008.0,Drama,5.8,168,movie,tt1010412
Life's Speed Bump,2006.0,"Comedy,Drama,Romance",6.6,3678,movie,tt1010422
Revenge,2007.0,Comedy,7.2,24,tvMovie,tt1010444
Seis Manos,2019.0,"Action,Adventure,Animation",7.1,2239,tvSeries,tt10106108
Always a Bridesmaid,2019.0,"Comedy,Romance",5.7,952,movie,tt10108544
Millennials,2018.0,"Comedy,Drama,Romance",4.2,212,tvSeries,tt10120734
Uriyadi 2,2019.0,Thriller,7.0,1046,movie,tt10121762
Life,2020.0,Drama,7.7,2594,tvMiniSeries,tt10122020
We Need to Talk,2022.0,"Comedy,Drama",4.6,176,movie,tt10126368
Rogue City,2020.0,"Action,Crime,Drama",6.1,10935,movie,tt10127684
Girls Hostel,2017.0,"Drama,Horror",7.5,22,tvSeries,tt10127702
Bye Bye London,1982.0,"Comedy,Drama",8.7,250,tvMovie,tt10130668
Blind Date,2019.0,"Comedy,Reality-TV,Romance",6.8,49,tvSeries,tt10133044
Special,2019.0,"Drama,Thriller",5.2,22,movie,tt10133076
Milk,2008.0,"Biography,Drama,History",7.5,186839,movie,tt1013753
Solo,2007.0,Documentary,6.8,108,movie,tt1013857
Hush,2007.0,Comedy,6.5,6,tvMovie,tt1014077
The Defected,2019.0,Crime,7.0,99,tvSeries,tt10141612
Zodiac,2019.0,"Crime,Horror,Mystery",7.5,239,tvSeries,tt10141742
Spectros,2020.0,"Fantasy,Thriller",4.7,521,tvSeries,tt10145110
Zoo,2005.0,"Drama,Horror,Mystery",6.6,648,movie,tt1014693
The Minions of Midas,2020.0,"Crime,Drama,Thriller",6.6,5168,tvMiniSeries,tt10147520
Entangled,2019.0,"Drama,Romance,Thriller",6.3,262,tvSeries,tt10149980
Sneakerheads,2020.0,Comedy,6.1,1795,tvSeries,tt10151772
"Hello, Love, Goodbye",2019.0,"Drama,Romance",7.3,1848,movie,tt10156112
Remember Me,1978.0,"Drama,Family,Romance",5.8,86,movie,tt10159080
Slasher,2007.0,Horror,2.9,330,movie,tt1016019
The Prom,2020.0,"Comedy,Drama,Musical",5.9,30777,movie,tt10161886
Adrift,2009.0,Drama,6.6,3190,movie,tt1016321
The Players,2020.0,Comedy,4.8,2017,movie,tt10168672
The Runaways,2010.0,"Biography,Drama,Music",6.5,52846,movie,tt1017451
Race,2008.0,"Action,Crime,Drama",6.7,17417,movie,tt1017456
Alexis Viera: A Story of Surviving,2019.0,Documentary,7.2,61,movie,tt10177712
Uncle Naji in UAE,2019.0,"Comedy,Horror",5.3,93,movie,tt10181594
Dangerous Lies,2020.0,"Crime,Mystery,Thriller",5.4,20281,movie,tt10183816
Julie and the Phantoms,2020.0,"Adventure,Comedy,Drama",8.4,14347,tvSeries,tt10183988
It's Bruno!,2019.0,"Comedy,Short",7.4,3590,tvSeries,tt10186846
Forensic,2020.0,"Crime,Mystery,Thriller",6.8,7145,movie,tt10187680
Lupin,2007.0,"Comedy,Crime,Drama",7.3,55,tvSeries,tt1018841
Barbarians,2021.0,"Crime,Horror,Thriller",4.7,3354,movie,tt10189536
Alone,2020.0,"Drama,Horror,Thriller",5.1,5606,movie,tt10192566
One Spring Night,2019.0,"Drama,Romance",7.8,5288,tvSeries,tt10192576
The Gathering,2007.0,"Drama,Mystery,Thriller",5.0,382,tvMiniSeries,tt1019431
A Serious Man,2009.0,"Comedy,Drama",7.0,159474,movie,tt1019452
Atlantics,2019.0,"Drama,Fantasy,Mystery",6.7,11277,movie,tt10199586
Mirage,2019.0,"Crime,Drama,Thriller",5.4,39,movie,tt10199588
Les Misérables,2019.0,"Crime,Drama,Thriller",7.6,30811,movie,tt10199590
The Boys in the Band,2020.0,Drama,6.8,19668,movie,tt10199914
Sons of the Caliphate,2016.0,Drama,8.2,51,tvSeries,tt10202268
Pandora,2019.0,"Action,Drama,Sci-Fi",4.3,6545,tvSeries,tt10207090
Kalki,2019.0,"Action,Thriller",6.8,827,movie,tt10207954
Babies,2010.0,Documentary,7.0,7674,movie,tt1020938
She Made Me a Criminal,2006.0,Comedy,6.5,3668,movie,tt1020956
Kandasamys: The Wedding,2019.0,Comedy,5.8,318,movie,tt10217780
Chief of Staff,2019.0,Drama,7.7,922,tvSeries,tt10220476
Train of the Dead,2007.0,"Crime,Horror,Mystery",3.6,417,movie,tt1022513
Legend Quest: Masters of Myth,2019.0,"Action,Animation,Comedy",7.1,221,tvSeries,tt10228032
First Love,2019.0,"Action,Comedy,Crime",6.7,8875,movie,tt10228168
The Outsider,2007.0,Sci-Fi,5.5,15,movie,tt1022882
Ghost Stories,2020.0,"Horror,Thriller",4.5,6355,movie,tt10230404
Serious Men,2020.0,"Comedy,Drama",6.8,8730,movie,tt10230414
Class of '83,2020.0,"Crime,Drama,Thriller",5.8,6278,movie,tt10230422
Mrs. Serial Killer,2020.0,"Crime,Drama,Thriller",4.0,19207,movie,tt10230426
Yeh Ballet,2020.0,"Drama,Musical",7.5,1663,movie,tt10230436
Kaali Khuhi,2020.0,"Drama,Horror,Mystery",3.7,1575,movie,tt10235600
Monster Island,2019.0,"Action,Adventure,Sci-Fi",2.8,904,tvMovie,tt10238788
Show Me the Money,2012.0,"Music,Reality-TV",7.7,45,tvSeries,tt10241146
Reality Z,2020.0,"Comedy,Horror",5.7,3305,tvSeries,tt10241238
Crime Diaries: Night Out,2019.0,Crime,7.2,1153,tvMiniSeries,tt10242266
Wild Child,2008.0,Comedy,6.1,69307,movie,tt1024255
Taco Chronicles,2019.0,Documentary,7.8,1052,tvSeries,tt10242848
Jailbirds,2019.0,Reality-TV,7.0,1475,tvSeries,tt10243628
1994,2019.0,"Documentary,History",7.6,655,tvSeries,tt10243640
The Land,2021.0,Drama,6.5,24,movie,tt10243656
Joy,2024.0,"Biography,Drama,History",7.1,12094,movie,tt10243672
Chopsticks,2019.0,"Comedy,Drama",6.5,5654,movie,tt10243678
Killer Ratings,2019.0,"Crime,Documentary",7.5,2145,tvMiniSeries,tt10243692
Oktoberfest: Beer & Blood,2020.0,"Drama,History,Thriller",6.8,3084,tvMiniSeries,tt10244612
P.S. I Love You,2001.0,Documentary,5.7,21,movie,tt1024862
Underdogs,2019.0,"Documentary,Music,Sport",7.6,149,movie,tt10249374
Just Another Love Story,2007.0,"Crime,Drama,Thriller",7.1,5108,movie,tt1024942
Om Shanti Om,2007.0,"Action,Comedy,Drama",6.8,57075,movie,tt1024943
Detour,2007.0,"Crime,Drama",7.3,45,movie,tt1024971
Scream,2006.0,Biography,7.7,11,movie,tt1024983
Badland,2019.0,"Drama,Western",5.6,3476,movie,tt10253466
Kabaneri of the Iron Fortress: The Battle of Unato,2019.0,"Action,Adventure,Animation",6.8,2118,movie,tt10253816
Q Ball,2019.0,"Documentary,Sport",6.8,678,movie,tt10254986
Deviant Love,2019.0,Thriller,3.6,550,movie,tt10255320
Surviving R. Kelly: The Impact,2019.0,Documentary,6.3,144,tvMovie,tt10260638
Extracurricular,2020.0,"Crime,Drama",7.5,12217,tvSeries,tt10262630
Queen,2019.0,Crime,5.8,40,tvMiniSeries,tt10263718
Put Your Head on My Shoulder,2019.0,"Comedy,Drama,Romance",7.9,4434,tvSeries,tt10265158
My Perfect Landing,2020.0,Family,6.5,531,tvSeries,tt10268080
Skin,2019.0,Documentary,7.0,65,movie,tt10268708
Alone,2019.0,Drama,7.0,279,movie,tt10274594
Work It,2020.0,"Comedy,Music",6.1,18255,movie,tt10276470
The Family,2007.0,Drama,7.5,1054,tvMiniSeries,tt1027787
Lincoln,2005.0,Comedy,8.6,6,tvSeries,tt1027792
Asylum Blackout,2011.0,"Horror,Thriller",5.6,5736,movie,tt1027820
4th Republic,2019.0,Thriller,6.3,69,movie,tt10279102
Hong Kong West Side Stories,2019.0,"Comedy,Drama",7.0,143,tvSeries,tt10282684
The Fix,2024.0,"Action,Sci-Fi",4.9,3795,movie,tt10284944
Rose Island,2020.0,"Adventure,Biography,Comedy",7.0,28015,movie,tt10287954
The Outsider,2018.0,"Drama,Family",8.6,21,movie,tt10289896
The Black Godfather,2019.0,"Biography,Documentary",7.5,1647,movie,tt10289996
Si Doel the Movie 2,2019.0,"Drama,Romance",6.7,216,movie,tt10290062
Outer Banks,2020.0,"Action,Adventure,Crime",7.5,112148,tvSeries,tt10293938
The Monster,2019.0,"Comedy,Drama",7.0,7929,tvSeries,tt10294164
Hit & Run,2019.0,"Action,Comedy",6.2,400,movie,tt10300710
Pup Academy,2019.0,"Family,Fantasy",6.6,830,tvSeries,tt10302548
The Outsider,2019.0,"Drama,Western",4.7,1722,movie,tt10303892
Malaal,2019.0,"Action,Drama,Romance",5.9,1562,movie,tt10305616
Paradise Lost,2020.0,"Drama,Mystery",6.5,700,tvSeries,tt10306320
The Decline,2020.0,"Action,Thriller",6.0,10746,movie,tt10307440
Persona,2019.0,Drama,7.9,94,tvMovie,tt10307522
Perfume,2019.0,"Comedy,Drama,Romance",7.0,335,tvSeries,tt10307796
Someone Has to Die,2020.0,"Crime,Drama,Thriller",6.3,6198,tvMiniSeries,tt10311932
The Writer,2019.0,"Crime,Drama,Mystery",6.5,390,tvSeries,tt10312958
Life,2007.0,"Drama,Romance",7.7,31,movie,tt1031941
Brother in Love,2019.0,Comedy,7.0,9313,movie,tt10320050
Entangled,2019.0,Sci-Fi,1.7,12,tvSeries,tt10322826
Article 15,2019.0,"Crime,Drama,Mystery",8.1,41885,movie,tt10324144
Mokalik (Mechanic),2019.0,"Comedy,Drama",6.3,181,movie,tt10327136
I Hear You,2019.0,"Comedy,Romance",7.1,1054,tvSeries,tt10327440
Silent,2008.0,"Comedy,Horror,Mystery",5.5,24,movie,tt1032758
Tyson,2008.0,"Biography,Documentary,Sport",7.4,13231,movie,tt1032821
The Unicorn,2019.0,"Comedy,Drama,Family",7.2,5091,tvSeries,tt10329028
Your Name Engraved Herein,2020.0,"Drama,Romance",7.3,10167,movie,tt10329134
Hero,2019.0,"Action,Crime,Drama",4.7,3707,movie,tt10329842
Alone,2020.0,Thriller,3.5,1282,movie,tt10332854
Cheapest Weddings,2016.0,Reality-TV,6.0,46,tvSeries,tt10333780
The Creative Brain,2019.0,Documentary,6.3,995,movie,tt10338308
Miniforce X,2018.0,"Action,Adventure,Animation",7.9,28,movie,tt10339932
Alias Grace,2017.0,"Biography,Crime,Drama",7.6,42329,tvMiniSeries,tt1034007
Miniforce X,2019.0,"Action,Adventure,Animation",6.8,40,tvSeries,tt10340828
Defiance,2008.0,"Action,Drama,History",7.1,161706,movie,tt1034303
Righteous Kill,2008.0,"Crime,Mystery,Thriller",6.0,96502,movie,tt1034331
Mayday Life,2019.0,"Documentary,Music",6.8,160,movie,tt10346206
Her Mother's Killer,2020.0,"Drama,Thriller",7.8,538,tvSeries,tt10348078
The Queen and the Conqueror,2020.0,"Drama,History",6.6,252,tvSeries,tt10348700
Once Again,2019.0,"Comedy,Drama",5.7,315,movie,tt10350048
Gunjan Saxena: The Kargil Girl,2020.0,"Action,Biography,Drama",5.6,36392,movie,tt10350626
My True Friend,2019.0,"Drama,Romance",6.5,124,tvSeries,tt10357596
Guilty,2019.0,"Crime,Drama,Family",7.9,37,tvSeries,tt10358798
The Chef Show,2019.0,Documentary,8.2,5940,tvSeries,tt10359446
After We Collided,2020.0,"Drama,Romance",5.1,45016,movie,tt10362466
You Cannot Hide,2019.0,"Action,Adventure,Crime",6.5,1530,tvMiniSeries,tt10367990
American Son,2008.0,"Drama,Romance,War",5.7,966,movie,tt1037004
Single Slipper Size - 7,2019.0,Drama,8.3,3575,movie,tt10370116
A Thousand Goodnights,2019.0,Drama,7.2,141,tvSeries,tt10370952
Awake: The Million Dollar Game,2019.0,Game-Show,6.0,958,tvSeries,tt10370956
Super Monsters Monster Pets,2019.0,Animation,6.0,61,tvSeries,tt10370958
Unsolved,2009.0,Thriller,4.2,81,movie,tt1037168
First Kiss,2007.0,Drama,6.4,64,tvSeries,tt1037403
Forgotten,2019.0,"Drama,History,Romance",3.7,64,tvSeries,tt10374242
Other People,2021.0,"Drama,Music",6.5,653,movie,tt10376078
Exhibit A,2019.0,"Crime,Documentary",6.3,1301,tvSeries,tt10376904
The Book of Eli,2010.0,"Action,Adventure,Drama",6.8,363735,movie,tt1037705
Cold Feet,2020.0,Drama,6.3,61,movie,tt10377314
Secret,2007.0,"Drama,Fantasy,Music",7.5,9965,movie,tt1037850
Speed Is My Need,2019.0,"Documentary,Sport",5.9,67,movie,tt10379012
Dino Girl Gauko,2019.0,"Animation,Comedy,Family",6.6,134,tvSeries,tt10380814
Ashley Garcia: Genius in Love,2020.0,Comedy,6.7,1914,tvSeries,tt10380934
Jackpot,2019.0,"Action,Comedy",5.3,726,movie,tt10381126
Switched,2018.0,Comedy,4.6,21,movie,tt10383542
Answer for Heaven,2019.0,Drama,6.0,23,tvSeries,tt10383558
The Island,2020.0,"Drama,Sci-Fi,Thriller",6.8,2937,tvSeries,tt10384106
Friend Request,2020.0,Thriller,5.2,312,movie,tt10384246
Scissor Seven,2018.0,"Action,Adventure,Animation",8.4,6442,tvSeries,tt10384610
Legion,2010.0,"Action,Fantasy,Horror",5.3,120989,movie,tt1038686
The Bounty Hunter,2010.0,"Action,Comedy,Romance",5.6,141292,movie,tt1038919
Desperados,2007.0,"Drama,Family",7.7,68,tvSeries,tt1039167
Next in Fashion,2020.0,Reality-TV,7.3,5612,tvSeries,tt10394770
The Set Up,2019.0,"Crime,Drama",4.1,177,movie,tt10397734
Enter the Dragon,2006.0,"Biography,Documentary,War",6.9,36,movie,tt1039959
Jonas,2007.0,Documentary,9.3,18,movie,tt1039967
Haunted House,2019.0,Documentary,3.6,29,movie,tt10402510
The Score,2021.0,"Crime,Drama,Music",5.0,513,movie,tt10405022
Designated Survivor: 60 Days,2019.0,"Drama,Thriller",8.0,2271,tvSeries,tt10405394
Rookie Historian Goo Hae-Ryung,2019.0,"Comedy,Drama,History",8.1,4197,tvSeries,tt10406128
What the Love! with Karan Johar,2020.0,"Documentary,Reality-TV,Romance",3.8,304,tvSeries,tt10406826
The Bachelor,2012.0,Drama,7.3,15,tvSeries,tt10409030
Le serment des Hitler,2014.0,"Documentary,History",6.2,207,tvMovie,tt10409334
The Bling Lagosians,2019.0,Drama,5.2,134,movie,tt10410186
To Be of Service,2019.0,Documentary,7.2,125,movie,tt10413458
Awake,2021.0,"Action,Adventure,Drama",4.9,29373,movie,tt10418662
Family Business,2019.0,Comedy,7.4,5972,tvSeries,tt10423460
Héroes,2007.0,"Drama,History",6.5,110,tvMiniSeries,tt1042704
Miracle in Cell No. 7,2019.0,Drama,8.2,63900,movie,tt10431500
Lost in Space,2019.0,Drama,7.8,25,movie,tt10431882
Clarence Clemons: Who Do I Think I Am?,2019.0,Documentary,6.0,120,movie,tt10432050
Michael,2018.0,Comedy,8.6,33,tvSeries,tt10433430
History's Greatest Hoaxes,2016.0,Documentary,5.8,71,tvSeries,tt10435072
A Beautiful Life,2008.0,Drama,4.3,473,movie,tt1043787
Conspiracy,2008.0,"Mystery,Thriller",4.7,4335,movie,tt1043838
Bangkok Love Stories: Plead,2019.0,Drama,7.6,80,tvSeries,tt10438656
Bangkok Love Stories: Objects of Affection,2019.0,Drama,6.9,44,tvSeries,tt10438662
XX,2007.0,"Action,Adventure,Comedy",5.8,758,movie,tt1043877
Jonas,2009.0,"Comedy,Family,Music",4.8,6880,tvSeries,tt1044418
Wandering Stars,2019.0,"Documentary,Music",7.1,430,movie,tt10445866
Unrequited Love,2019.0,Drama,7.0,355,tvSeries,tt10449632
Outside the Wire,2021.0,"Action,Adventure,Fantasy",5.5,49235,movie,tt10451914
The Irish Mob,2008.0,"Biography,Crime,Documentary",6.8,95,tvMiniSeries,tt10452196
The Haunting of Molly Hartley,2008.0,"Drama,Horror,Thriller",3.9,10490,movie,tt1045655
Silver Linings Playbook,2012.0,"Drama,Romance",7.7,777223,movie,tt1045658
Lost Bullet,2020.0,"Action,Crime,Thriller",6.4,16971,movie,tt10456740
Steal a Pencil for Me,2007.0,"Documentary,Romance",7.5,436,movie,tt1045889
Extracurricular,2019.0,"Comedy,Crime,Thriller",6.1,303,movie,tt10461630
Thambi,2019.0,"Action,Drama,Thriller",6.7,3041,movie,tt10468636
Unfinished Song,2012.0,"Comedy,Drama,Music",6.9,8237,movie,tt1047011
Somewhere Only We Know,2019.0,"Drama,Romance",6.9,269,tvSeries,tt10472296
Grand Army,2020.0,Drama,7.4,10384,tvSeries,tt10473150
The Naked Director,2019.0,"Biography,Drama",7.6,7595,tvSeries,tt10477528
Violet Evergarden: Eternity and the Auto Memory Doll,2019.0,"Animation,Drama,Family",7.5,8943,movie,tt10477558
Andaleeb El Dokki,2007.0,"Comedy,Drama",5.2,1818,movie,tt1048144
Borderline,2008.0,Drama,6.4,1303,movie,tt1048147
Kipo and the Age of Wonderbeasts,2020.0,"Action,Adventure,Animation",8.3,8876,tvSeries,tt10482560
Prank Encounters,2019.0,"Comedy,Horror,Reality-TV",5.3,3358,tvSeries,tt10487072
Marco Polo,2008.0,"Drama,Thriller",5.5,86,movie,tt1049403
Pablo,2012.0,"Animation,Biography",6.6,224,movie,tt1049406
Pants on Fire,2008.0,Comedy,7.1,31,movie,tt1049407
Alarmoty in the Land of Fire,2017.0,Comedy,4.1,239,movie,tt10497352
Minecraft: Story Mode,2016.0,"Action,Adventure,Animation",6.9,1875,tvSeries,tt10498322
10 Days in Sun City,2017.0,"Adventure,Comedy,Romance",5.3,86,movie,tt10499474
The Devil's Mistress,2008.0,"Adventure,Drama,Romance",7.0,2901,tvMiniSeries,tt1050057
Broken,2022.0,Thriller,7.0,12,movie,tt10503270
The Last Word,2020.0,"Comedy,Drama",7.1,1295,tvSeries,tt10506510
In Paradox,2019.0,"Mystery,Thriller",4.8,190,movie,tt10508182
Double World,2020.0,"Action,Adventure,Comedy",6.2,5100,movie,tt10508838
The Universe,2007.0,"Documentary,History",8.6,6022,tvSeries,tt1051155
The Shannara Chronicles,2016.0,"Adventure,Drama,Fantasy",7.1,66516,tvSeries,tt1051220
Justice,2019.0,"Crime,Drama,Mystery",7.3,145,tvSeries,tt10513300
Ma Rainey's Black Bottom,2020.0,"Drama,Music",6.9,78638,movie,tt10514222
Into the Forest,2019.0,Horror,3.5,446,movie,tt10514532
The Push,2022.0,Comedy,7.4,9,movie,tt10514670
The Blue Elephant 2,2019.0,"Crime,Drama,Horror",8.0,12118,movie,tt10515086
Love 101,2020.0,"Comedy,Drama,Romance",7.4,20237,tvSeries,tt10516352
Revenge,2006.0,Drama,6.8,26,movie,tt1051829
Goosebumps,2015.0,"Adventure,Animation,Comedy",6.3,103406,movie,tt1051904
Wives on Strike: The Revolution,2017.0,"Comedy,Drama",6.6,43,movie,tt10521028
Extreme Engagement,2019.0,Reality-TV,5.7,423,tvSeries,tt10521644
True Tunes,2019.0,Family,7.7,18,tvSeries,tt10522374
The Dreamer,1989.0,"Comedy,Drama,Music",4.5,11,tvMovie,tt10526700
The Call,2020.0,"Crime,Horror,Mystery",7.1,54484,movie,tt10530176
The Beast,2019.0,"Action,Crime,Thriller",6.1,1786,movie,tt10530286
Penalty,2019.0,Sport,5.3,955,movie,tt10530392
Hush,2019.0,"Drama,Romance",6.8,28,tvSeries,tt10531788
Jinn,2023.0,Horror,2.5,287,movie,tt10539208
The Midnight Sky,2020.0,"Adventure,Drama,Sci-Fi",5.7,95371,movie,tt10539608
This Earth of Mankind,2019.0,"Drama,History",6.9,1052,movie,tt10540024
The Main Event,2020.0,"Action,Comedy,Family",4.8,3008,movie,tt10540242
The Healing Powers of Dude,2020.0,"Action,Adventure,Comedy",6.6,1381,tvSeries,tt10540562
Manhunt,2008.0,Horror,5.1,4671,movie,tt1054115
Ginny Weds Sunny,2020.0,"Comedy,Drama,Romance",5.7,6207,movie,tt10543680
Flash of Genius,2008.0,"Biography,Drama",7.0,18405,movie,tt1054588
The Imaginarium of Doctor Parnassus,2009.0,"Adventure,Comedy,Fantasy",6.7,158218,movie,tt1054606
Match,2017.0,Drama,3.5,12,movie,tt10546234
The Trial,2019.0,"Crime,Thriller",7.2,4609,tvSeries,tt10549212
Til Death Do Us Part,2019.0,"Documentary,Mystery",6.6,76,tvSeries,tt10553838
The Untamed,2019.0,"Action,Adventure,Drama",8.7,16392,tvSeries,tt10554898
Isa Pa with Feelings,2019.0,"Comedy,Romance",7.7,539,movie,tt10555482
The Foreigner,2008.0,Drama,6.5,186,movie,tt1056468
Invictus,2009.0,"Biography,Drama,History",7.3,175381,movie,tt1057500
The Path of the Anaconda,2019.0,Documentary,6.6,376,movie,tt10577906
Naked,2019.0,Documentary,7.2,16,movie,tt10579942
Master,2021.0,"Action,Crime,Drama",7.4,91534,movie,tt10579952
Rita,2020.0,"Comedy,Drama",4.5,31,tvMovie,tt10579980
The Invention of Lying,2009.0,"Comedy,Fantasy,Romance",6.4,158220,movie,tt1058017
A Family Affair,2019.0,Comedy,7.6,24,movie,tt10581890
Family Business,2019.0,Family,7.1,10,tvSeries,tt10583386
Teenage Bounty Hunters,2020.0,"Comedy,Crime,Drama",7.6,16011,tvSeries,tt10584608
Solo,2019.0,Documentary,7.2,56,movie,tt10584810
The Forest of Love,2019.0,"Crime,Drama,Horror",6.2,3277,movie,tt10589914
Bridezilla,2019.0,"Comedy,Drama",6.0,79,movie,tt10589924
The Legend of Bruce Lee,2008.0,"Action,Biography,Drama",6.9,1722,tvSeries,tt1059455
The Pixar Story,2007.0,Documentary,7.7,7458,movie,tt1059955
We Can Be Heroes,2020.0,"Action,Animation,Comedy",4.7,19931,movie,tt10600398
Cloverfield,2008.0,"Action,Horror,Sci-Fi",7.0,447180,movie,tt1060277
Prince,2021.0,"Drama,Romance",6.4,166,movie,tt10603372
Back of the Net,2019.0,Sport,7.6,78,tvSeries,tt10608506
Don't Look Down,2019.0,"Drama,Thriller",4.5,130,movie,tt10608632
Fittest in Dubai,2019.0,"Documentary,Sport",6.1,433,movie,tt10613550
Supermarket Sweep,2019.0,Game-Show,4.7,41,tvSeries,tt10614130
Levius,2019.0,"Action,Animation,Sci-Fi",7.0,757,tvMiniSeries,tt10619444
Zero,2021.0,"Action,Comedy,Drama",5.8,1659,tvSeries,tt10619486
Sexy Central,2019.0,Drama,5.2,20,tvSeries,tt10619724
#Alive,2020.0,"Action,Drama,Horror",6.3,56135,movie,tt10620868
The Life Ahead,2020.0,Drama,6.8,16568,movie,tt10627584
Ne Zha,2019.0,"Action,Adventure,Animation",7.3,23973,movie,tt10627720
The Legend of White Snake,2019.0,"Drama,Fantasy,Romance",7.3,403,tvSeries,tt10628250
Lincoln,2005.0,"Biography,Documentary,History",7.6,56,tvMovie,tt1062937
Life,2007.0,Drama,8.0,191,tvSeries,tt1063015
Bittersweet,2007.0,Drama,6.5,16,movie,tt1063685
The Panti Sisters,2019.0,Comedy,5.7,381,movie,tt10637682
Guna 369,2019.0,"Action,Drama",6.2,552,movie,tt10638296
Eggnoid: Love & Time Portal,2019.0,"Drama,Fantasy,Romance",6.0,137,movie,tt10640262
The Forty-Year-Old Version,2020.0,"Comedy,Drama",7.2,5826,movie,tt10642834
Crazy Awesome Teachers,2020.0,"Comedy,Crime,Drama",6.2,622,movie,tt10643918
Love for Sale 2,2019.0,"Drama,Romance",6.9,654,movie,tt10643938
Queen of the South,2016.0,"Action,Crime,Drama",8.0,38381,tvSeries,tt1064899
50/50,2019.0,"Comedy,Drama,Horror",3.3,25,movie,tt10650688
Betaal,2020.0,Horror,5.5,10192,tvSeries,tt10651790
Mine,2007.0,"Drama,War",6.1,14,movie,tt1065306
Gossip Girl,2021.0,"Drama,Romance",5.4,15968,tvSeries,tt10653784
Masaba Masaba,2020.0,"Comedy,Drama",6.6,2404,tvSeries,tt10655506
David Foster: Off the Record,2019.0,Documentary,7.0,714,movie,tt10655608
Enter the Anime,2019.0,Documentary,2.6,1926,movie,tt10662450
The Son,2019.0,Drama,5.4,169,movie,tt10665234
Convict,2009.0,"Crime,Drama,Thriller",5.3,34,movie,tt1067068
The Calling,2008.0,Documentary,8.4,9,movie,tt1067105
Mythomaniac,2019.0,Drama,6.7,1718,tvSeries,tt10677432
The Movies That Made Us,2019.0,Documentary,7.6,7706,tvSeries,tt10681222
"Breakfast, Lunch & Dinner",2019.0,Documentary,6.7,1225,tvSeries,tt10681670
Runaway,2019.0,"Mystery,Thriller",8.0,11,tvSeries,tt10681672
Puss in Boots Shorts,2014.0,Animation,7.8,33,tvSeries,tt10681860
Hubie Halloween,2020.0,"Comedy,Horror,Mystery",5.3,69307,movie,tt10682266
First Love,2006.0,Drama,6.4,73,movie,tt1068228
Yes Man,2008.0,"Comedy,Romance",6.8,408010,movie,tt1068680
Terrace House: Tokyo 2019-2020,2019.0,"Drama,Reality-TV",7.4,896,tvSeries,tt10686814
Dragons: Rescue Riders,2019.0,"Action,Adventure,Animation",5.9,503,tvSeries,tt10687134
Hello Ninja,2019.0,"Action,Adventure,Animation",5.7,197,tvSeries,tt10687170
StarBeam,2020.0,"Action,Adventure,Animation",5.6,138,tvSeries,tt10687184
Izzy's Koala World,2020.0,"Documentary,Family",8.0,312,tvSeries,tt10687266
Emily's Wonder Lab,2020.0,"Family,Talk-Show",8.5,276,tvSeries,tt10687464
Dollar,2019.0,"Action,Drama,Romance",6.7,694,tvSeries,tt10687564
Spirit Riding Free: Pony Tales,2017.0,"Animation,Comedy,Drama",5.8,159,tvSeries,tt10687624
Maska,2007.0,Drama,6.7,31,tvMovie,tt1069001
Dark,2017.0,"Drama,Thriller",5.9,627,movie,tt10690676
Aftermath,2021.0,"Drama,Horror,Mystery",5.3,20022,movie,tt10691162
Sherlock: Untold Stories,2019.0,"Crime,Mystery",6.4,124,tvSeries,tt10691922
Superstar,2019.0,"Drama,Musical,Romance",5.7,621,movie,tt10695638
Scarecrow,2019.0,"Comedy,Crime,Drama",4.8,1513,movie,tt10696882
Messiah,2019.0,"Documentary,History",7.4,168,tvMiniSeries,tt10697634
Wolf,2021.0,"Drama,Mystery,Thriller",5.1,13167,movie,tt10698174
Basketball or Nothing,2019.0,"Documentary,Sport",7.3,767,tvSeries,tt10698408
Secreto bien guardado,2019.0,"Drama,Romance,War",5.0,273,tvMiniSeries,tt10702412
The Trial of the Chicago 7,2020.0,"Drama,History,Thriller",7.7,206897,movie,tt1070874
Game Over,2019.0,"Action,Crime,Horror",6.1,25,movie,tt10709060
Hero,2019.0,"Action,Drama,Thriller",6.3,2960,movie,tt10709232
Don,2022.0,"Comedy,Romance",6.8,13049,movie,tt10709484
Feel the Beat,2020.0,"Comedy,Drama,Family",6.3,15555,movie,tt10714856
The Family,2019.0,"Documentary,Mystery",6.4,4309,tvMiniSeries,tt10715148
Apache: The Life of Carlos Tevez,2019.0,"Biography,Drama,Sport",7.2,2214,tvMiniSeries,tt10715172
Back to School,2019.0,Comedy,5.3,1519,movie,tt10715194
Styling Hollywood,2019.0,Reality-TV,6.5,421,tvSeries,tt10715202
Naruto the Movie 3: Guardians of the Crescent Moon Kingdom,2006.0,"Action,Adventure,Animation",6.3,5767,movie,tt1071815
The Crew,2008.0,"Action,Crime,Drama",5.9,2869,movie,tt1071880
Voyeur,2019.0,"Comedy,Drama",6.3,32,movie,tt10719872
The Bachelorette,2019.0,Comedy,5.3,10,tvSeries,tt10720252
The Big Show Show,2020.0,"Comedy,Family",6.3,3147,tvSeries,tt10726356
Winchester,2018.0,"Biography,Horror,Mystery",5.5,39623,movie,tt1072748
Nobody Knows I'm Here,2020.0,"Drama,Music",6.5,5335,movie,tt10728764
Airplane Mode,2020.0,"Comedy,Drama,Family",5.2,3344,movie,tt10731748
For Love or Money,2019.0,"Crime,Documentary",7.3,13,tvSeries,tt10731986
Til Death Do Us Part,2019.0,"Sci-Fi,Thriller",6.2,248,tvMiniSeries,tt10732758
The King's Avatar,2019.0,"Action,Adventure",8.1,1954,tvSeries,tt10732794
Nothing to Lose 2,2019.0,"Biography,Drama",3.2,779,movie,tt10738914
Lovesick,2017.0,Documentary,8.0,7,movie,tt10738936
Trotro,2004.0,"Animation,Family",6.3,200,tvSeries,tt1074443
Matriarch,2019.0,Drama,6.4,177,movie,tt10750608
Happy Jail,2019.0,Documentary,6.9,297,tvSeries,tt10753590
Race to Witch Mountain,2009.0,"Action,Adventure,Family",5.7,66760,movie,tt1075417
Baby Monitor Murders,2020.0,"Crime,Drama,Mystery",5.3,314,tvMovie,tt10755502
ATM,2019.0,"Comedy,Romance",6.6,56,movie,tt10757456
Joy,2009.0,"Comedy,Drama",6.7,25,movie,tt1075748
Tune in for Love,2019.0,"Drama,Romance",7.2,7701,movie,tt10763618
Jarhead: Law of Return,2019.0,"Action,Drama,War",5.3,4108,movie,tt10767720
Tiny Pretty Things,2020.0,"Drama,Mystery,Romance",5.9,11471,tvSeries,tt10767748
Cake,2019.0,"Animation,Comedy",6.6,776,tvSeries,tt10768172
A New York Christmas Wedding,2020.0,"Drama,Romance",5.4,1583,tvMovie,tt10768194
2 Alone in Paris,2008.0,Comedy,5.4,3006,movie,tt1077097
Innocent,2008.0,"Crime,Drama,Thriller",6.5,82,tvSeries,tt1077223
Intuition,2015.0,"Drama,Thriller",4.4,44,movie,tt10772992
One Day We'll Talk About Today,2020.0,Drama,7.3,1819,movie,tt10773114
Kalek Shanab,2019.0,"Comedy,Drama",5.0,54,movie,tt10773606
My Sister's Keeper,2009.0,"Drama,Family",7.3,103370,movie,tt1078588
Broken,2007.0,"Crime,Drama,Thriller",7.1,43,movie,tt1079348
Alice in Borderland,2020.0,"Action,Drama,Horror",7.8,151536,tvSeries,tt10795658
Wish Upon a Unicorn,2020.0,"Adventure,Family,Fantasy",5.3,273,movie,tt10798660
Race,2008.0,"Comedy,Drama",7.2,66,movie,tt1079972
Love Is War,2019.0,Drama,6.7,47,movie,tt10799940
The Rehearsal,2022.0,"Comedy,Documentary",8.5,37806,tvSeries,tt10802170
Detention,2019.0,"Drama,Horror,Mystery",6.6,4434,movie,tt10805432
Sleepless Society: Nyctophobia,2019.0,"Mystery,Thriller",6.1,74,tvSeries,tt10805822
Loving You,2007.0,"Drama,Romance",5.9,260,movie,tt1080707
"The Mind, Explained",2019.0,Documentary,7.9,6488,tvSeries,tt10810430
Fifty,2019.0,"Comedy,Drama",7.4,44,tvSeries,tt10812304
Misfit 2,2019.0,Comedy,4.9,215,movie,tt10813338
18 Presents,2020.0,"Drama,Family,Fantasy",6.9,4632,movie,tt10816484
Lucky Days,2008.0,"Drama,Romance",7.7,62,movie,tt1082031
Medium,2007.0,Thriller,6.5,63,movie,tt1082045
Pusher,2010.0,"Action,Crime,Drama",6.3,866,movie,tt1082075
DNA,2019.0,Action,4.8,82,tvSeries,tt10822320
When the Camellia Blooms,2019.0,"Comedy,Drama,Romance",7.8,4100,tvSeries,tt10826064
Friend Request,2020.0,Drama,4.1,15,movie,tt10826100
The Club,2019.0,"Comedy,Drama",6.2,1084,tvSeries,tt10833132
Love,2004.0,Romance,4.1,17,movie,tt10833600
A Princess for Christmas,2011.0,"Comedy,Drama,Family",6.4,9793,tvMovie,tt1083448
Inside Bill's Brain: Decoding Bill Gates,2019.0,"Biography,Documentary",7.8,12155,tvMiniSeries,tt10837476
Miracle in Cell No. 7,2019.0,"Comedy,Drama",7.5,2130,movie,tt10845262
"Hello, Privilege. It's Me, Chelsea",2019.0,Documentary,4.9,2254,tvMovie,tt10847138
Rachel Getting Married,2008.0,"Drama,Romance",6.6,54665,movie,tt1084950
Wanted,2009.0,"Action,Crime,Thriller",6.6,29785,movie,tt1084972
My Country: The New Age,2019.0,"Action,Drama,History",8.1,3243,tvSeries,tt10850888
Crash Landing on You,2019.0,"Adventure,Comedy,Drama",8.7,60663,tvMiniSeries,tt10850932
Rising Phoenix,2020.0,"Documentary,Sport",8.1,1956,movie,tt10851618
The Prince,2014.0,"Action,Thriller",4.6,19730,movie,tt1085492
The Square,2008.0,"Crime,Drama,Thriller",6.7,6759,movie,tt1085507
Pick of the Litter,2019.0,"Documentary,Family",8.0,190,tvMiniSeries,tt10855726
Travis Scott: Look Mom I Can Fly,2019.0,"Documentary,Music",6.3,6025,movie,tt10856726
Mark Gatiss: A Study in Sherlock,2016.0,Documentary,6.5,22,tvMovie,tt10863904
There's Something in the Water,2019.0,Documentary,6.7,519,movie,tt10864040
The Visit,2007.0,Comedy,7.8,116,tvSeries,tt1086762
Safe,2019.0,"Action,Crime,Thriller",5.9,1290,movie,tt10869474
The 9th Precinct,2019.0,"Action,Crime,Drama",5.6,726,movie,tt10871460
Jada,2008.0,Drama,7.0,109,movie,tt1087457
The Prince,2015.0,Drama,1.5,1012,tvMovie,tt1087470
Marianne,2019.0,"Drama,Horror,Mystery",7.3,22785,tvSeries,tt10875696
U Turn,2019.0,"Crime,Drama,Horror",6.6,100,movie,tt10882188
"Bikram: Yogi, Guru, Predator",2019.0,"Crime,Documentary",6.7,8858,movie,tt10883004
A Sun,2019.0,"Crime,Drama",7.6,11666,movie,tt10883506
Human Nature,2025.0,"Sci-Fi,Thriller",5.6,42,movie,tt10883714
Africa,2019.0,Drama,6.5,98,movie,tt10883740
365 Days,2020.0,"Drama,Romance",3.3,109948,movie,tt10886166
Kasanova,2019.0,Romance,6.5,62,movie,tt10887282
The Lost Okoroshi,2019.0,"Action,Adventure,Drama",5.8,225,movie,tt10888456
Wanted,2018.0,Drama,8.2,8,movie,tt10888642
The Sleepover,2020.0,"Action,Adventure,Comedy",5.7,13613,movie,tt10888708
Love & Anarchy,2020.0,"Comedy,Drama,Romance",7.3,13547,tvSeries,tt10888876
Nowhere Man,2019.0,"Action,Crime,Drama",5.7,487,tvSeries,tt10895588
Power Players,2019.0,"Action,Adventure,Animation",5.2,150,tvSeries,tt10895604
Cuddle Weather,2019.0,"Drama,Romance",6.1,553,movie,tt10896172
Midnight Diner,2019.0,Drama,5.5,308,movie,tt10904418
Fractured,2007.0,"Action,Thriller",3.8,27,movie,tt1090655
The Millions,2019.0,"Comedy,Crime,Thriller",5.3,69,movie,tt10912990
The Binding,2020.0,"Drama,Horror,Thriller",4.8,5256,movie,tt10914452
Romance Doll,2020.0,"Drama,Romance",6.4,967,movie,tt10914712
Superstar,2017.0,Drama,9.2,33,movie,tt10914894
The Crimes That Bind,2020.0,"Crime,Drama,Thriller",6.7,4952,movie,tt10915060
Tell Me Who I Am,2019.0,"Documentary,Drama,Mystery",7.6,20342,movie,tt10915286
Supermarket Sweep,2020.0,"Family,Game-Show",5.6,748,tvSeries,tt10916122
The Longshots,2008.0,"Biography,Comedy,Drama",5.6,4770,movie,tt1091751
Sweetheart,2021.0,"Comedy,Drama,Romance",6.4,1133,movie,tt10919362
Into the Night,2020.0,"Drama,Sci-Fi,Thriller",7.0,39507,tvSeries,tt10919486
The Lies Within,2019.0,"Drama,Mystery,Thriller",7.1,744,tvSeries,tt10919902
Golmaal Returns,2008.0,"Comedy,Crime,Mystery",5.3,10734,movie,tt1092005
Shelby American: The Carroll Shelby Story,2019.0,"Biography,Documentary,History",7.4,729,movie,tt10922508
The Departed,2018.0,Mystery,7.0,80,tvSeries,tt10922712
Undercover,2007.0,"Action,Crime,Thriller",5.6,80,movie,tt1092287
"The Goods: Live Hard, Sell Hard",2009.0,Comedy,5.7,23477,movie,tt1092633
Shanghai,2010.0,"Crime,Drama,Mystery",6.3,10873,movie,tt1092634
Run,2019.0,Thriller,5.9,18,movie,tt10929896
Brews Brothers,2020.0,"Comedy,Drama",5.2,2257,tvSeries,tt10930958
Imperfect,2019.0,"Comedy,Drama,Romance",7.7,1729,movie,tt10932100
Hush,2008.0,"Horror,Thriller",6.0,7584,movie,tt1093369
Jab We Met,2007.0,"Comedy,Drama,Romance",7.9,66160,movie,tt1093370
Money,2007.0,"Comedy,Drama",7.4,46,movie,tt1093381
Ultras,2020.0,Drama,6.2,5900,movie,tt10937434
Chappaquiddick,1994.0,Documentary,7.0,30,tvMovie,tt1093813
Shattered Memories,2019.0,"Crime,Drama,Mystery",5.4,343,tvMovie,tt10938266
Under the Riccione Sun,2020.0,"Comedy,Drama,Romance",5.6,3584,movie,tt10941528
Heartland,2007.0,"Drama,Family",8.4,22715,tvSeries,tt1094229
The Trial,2007.0,Drama,4.1,207,movie,tt1094265
Under the Bombs,2007.0,"Drama,Romance,War",7.0,1808,movie,tt1094275
The Basement,2020.0,Horror,4.2,7,tvSeries,tt10944154
Accident,2008.0,"Musical,Romance,Thriller",7.0,112,movie,tt1094576
Holy Expectations,2019.0,Comedy,5.4,33,movie,tt10945950
Como Caído Del Cielo,2019.0,"Comedy,Drama,Musical",6.5,1757,movie,tt10946934
Who Killed Malcolm X?,2019.0,"Biography,Crime,Documentary",7.5,2569,tvMiniSeries,tt10948316
Domino,2019.0,,6.0,9,movie,tt10951262
The Paper,2008.0,Reality-TV,6.5,154,tvSeries,tt1095158
Puriyatha Puthir,1990.0,Crime,7.4,86,movie,tt10953342
Skin,2008.0,"Drama,History",6.8,1135,movie,tt1095427
The Gift,2019.0,Drama,6.2,28,tvSeries,tt10956962
Street Flow,2019.0,"Crime,Drama",6.4,2408,movie,tt10958282
Lola Igna,2019.0,"Comedy,Drama",7.2,327,movie,tt10965300
The Haunting of Bly Manor,2020.0,"Drama,Horror,Mystery",7.4,146742,tvMiniSeries,tt10970552
The Crew,2021.0,Comedy,6.5,7020,tvSeries,tt10971022
Queer Eye: We're in Japan!,2019.0,Reality-TV,8.2,2903,tvSeries,tt10971532
Equinox,2020.0,"Drama,Fantasy,Mystery",6.1,8954,tvSeries,tt10973800
Messiah,1993.0,Music,6.4,7,tvMovie,tt1097645
Living Undocumented,2019.0,Documentary,7.3,678,tvSeries,tt10977486
Nailed It! Spain,2019.0,Reality-TV,5.6,109,tvSeries,tt10981666
Kaaliyan,2017.0,Drama,5.2,14,movie,tt10981694
Highway to Heaven,2021.0,Drama,6.2,346,tvMovie,tt10984306
Alelí,2019.0,"Comedy,Drama",6.3,413,movie,tt10984818
The End,2019.0,"Action,Adventure,Comedy",5.0,66,movie,tt10985028
Criminal: Spain,2019.0,"Crime,Drama,Mystery",6.9,5244,tvMiniSeries,tt10986050
Criminal: France,2019.0,"Crime,Drama,Mystery",7.2,5151,tvMiniSeries,tt10986052
Criminal: Germany,2019.0,"Crime,Drama,Mystery",7.6,6483,tvMiniSeries,tt10986056
Mighty Little Bheem: Diwali,2019.0,Animation,6.8,52,tvSeries,tt10987498
Alive and Kicking,2021.0,"Adventure,Drama,Family",5.7,151,tvSeries,tt10990110
Nailed It! France,2019.0,Reality-TV,6.4,142,tvSeries,tt10990804
World Famous Lover,2020.0,"Comedy,Drama,Romance",5.1,4387,movie,tt10991188
Shorts,2009.0,"Adventure,Comedy,Family",4.8,8536,movie,tt1100119
Elevator Baby,2019.0,"Comedy,Drama",5.5,160,movie,tt11005162
Seriously Single,2020.0,"Comedy,Romance",4.6,1415,movie,tt11010144
Shaurya,2008.0,"Crime,Drama,Thriller",7.2,6228,movie,tt1101665
Blaze,2022.0,"Crime,Drama,Fantasy",5.9,1266,movie,tt11018264
The Babysitter: Killer Queen,2020.0,"Comedy,Horror",5.8,61254,movie,tt11024272
The Promised Neverland,2020.0,"Action,Adventure,Drama",5.6,997,movie,tt11027510
Killers,2010.0,"Action,Comedy,Romance",5.5,100220,movie,tt1103153
Malibu Rescue: The Next Wave,2020.0,Family,5.0,1241,movie,tt11032990
The Beast,2009.0,"Action,Crime,Drama",7.7,3194,tvSeries,tt1103968
Legion,1998.0,,4.4,30,movie,tt1104082
Zodiac,2022.0,"Adventure,Drama,Fantasy",7.5,23,tvSeries,tt11041374
Quicksand,2023.0,Comedy,7.2,82,movie,tt11043724
Cold Feet,2019.0,"Comedy,Horror",4.2,153,movie,tt11045972
Frontier,2020.0,"Drama,Western",3.0,67,movie,tt11050682
It Takes a Lunatic,2019.0,"Biography,Documentary,Drama",6.6,215,movie,tt11052346
We Are the Wave,2019.0,Drama,6.2,3416,tvSeries,tt11053220
Good Sam,2022.0,Drama,6.0,2843,tvSeries,tt11055882
Kismat Konnection,2008.0,"Comedy,Drama,Romance",5.3,6538,movie,tt1105733
Fatal Affair,2020.0,"Crime,Horror,Mystery",4.7,7427,movie,tt11057594
The Christmas Chronicles: Part Two,2020.0,"Adventure,Comedy,Family",6.0,41349,movie,tt11057644
90 ML,2019.0,"Action,Drama,Romance",5.0,586,movie,tt11058176
My Holo Love,2020.0,"Comedy,Drama,Romance",7.6,4754,tvMiniSeries,tt11058644
Maniyarayile Ashokan,2020.0,"Comedy,Romance",4.7,1460,movie,tt11060730
Los Niños Héroes de Chapultepec,2017.0,"Documentary,History,War",7.6,21,movie,tt11062058
Unnatural Selection,2019.0,Documentary,7.8,2314,tvSeries,tt11063952
Upstarts,2019.0,Drama,6.7,1014,movie,tt11066130
Walk with Me,2019.0,"Horror,Mystery",4.7,129,movie,tt11067442
Pandora,2006.0,Drama,6.0,62,movie,tt1106847
Breath,2019.0,Drama,5.3,269,movie,tt11075870
The Circle,2020.0,Documentary,6.3,99,movie,tt11080442
Mantra,2022.0,Thriller,4.9,92,movie,tt11084388
Rebellion,2019.0,Documentary,6.5,9,movie,tt11091976
The Iliza Shlesinger Sketch Show,2020.0,Comedy,5.1,1118,tvSeries,tt11092086
Mars,2010.0,"Animation,Comedy,Sci-Fi",5.9,450,movie,tt1109488
Don't Crack Under Pressure II,2016.0,Documentary,6.8,135,movie,tt11095912
Connected,2007.0,Comedy,7.3,19,tvSeries,tt1109718
"Love, Guaranteed",2020.0,"Comedy,Romance",5.6,20595,movie,tt11100856
Dancing with the Birds,2019.0,Documentary,8.2,3187,movie,tt11101698
Manhunt,2008.0,"Biography,Drama,Mystery",6.2,365,tvMovie,tt1110221
Cadaver,2022.0,"Crime,Drama,Mystery",6.6,4221,movie,tt11102262
Accidentally in Love,2021.0,"Comedy,Romance",5.1,385,tvMovie,tt11107326
The Taking of Pelham 123,2009.0,"Action,Crime,Thriller",6.4,218653,movie,tt1111422
Marco Polo,2019.0,Documentary,3.6,6,movie,tt11117492
Unstoppable,2020.0,"Comedy,Drama",7.1,1236,tvMiniSeries,tt11120674
Hollywood,2002.0,"Comedy,Sci-Fi",7.6,378,movie,tt1112110
The Paramedic,2020.0,"Crime,Drama,Thriller",5.7,16573,movie,tt11127690
The Code,2009.0,"Action,Crime,Thriller",6.0,37104,movie,tt1112782
Milea,2020.0,"Drama,Romance",6.3,952,movie,tt11127878
League of Legends Origins,2019.0,Documentary,6.6,1109,movie,tt11131032
Kissing Game,2020.0,"Drama,Mystery,Thriller",6.1,1013,tvSeries,tt11131962
Nobody's Looking,2019.0,"Comedy,Drama,Fantasy",7.7,2779,tvSeries,tt11131980
An Ordinary Man,2019.0,"Crime,Drama,Thriller",5.8,81,tvMiniSeries,tt11132664
The Calling,2019.0,Documentary,6.4,6,movie,tt11136046
The End,2007.0,Drama,8.2,30,movie,tt1113727
Soundtrack,2015.0,Thriller,5.4,25,movie,tt1114732
Paul Blart: Mall Cop,2009.0,"Action,Comedy,Crime",5.3,126254,movie,tt1114740
Dorohedoro,2020.0,"Action,Animation,Comedy",8.1,16726,tvSeries,tt11147852
Homemade,2017.0,Reality-TV,6.2,9,tvSeries,tt11151060
The Occupant,2021.0,"Horror,Thriller",3.0,152,movie,tt11151162
Little Singham,2018.0,"Action,Animation",2.8,235,tvSeries,tt11151836
A Little Thing Called First Love,2019.0,"Comedy,Drama,Romance",7.6,825,tvSeries,tt11152058
Dead Kids,2019.0,"Drama,Thriller",5.4,723,movie,tt11156614
Pieces of a Woman,2020.0,Drama,7.0,60620,movie,tt11161474
House Arrest,2019.0,Comedy,5.5,1922,movie,tt11163028
Zombie Dumb,2019.0,"Adventure,Animation,Comedy",6.1,38,tvSeries,tt11163090
The Disastrous Life of Saiki K.: Reawakened,2019.0,"Animation,Comedy",7.9,3189,tvSeries,tt11163352
The Devil Next Door,2019.0,"Crime,Documentary,History",7.5,16379,tvMiniSeries,tt11165002
Maradona in Mexico,2019.0,"Comedy,Documentary,Drama",7.2,1296,tvMiniSeries,tt11168104
Sugar Rush Christmas,2019.0,"Game-Show,Reality-TV",6.9,778,tvSeries,tt11168116
Broken,2019.0,Documentary,6.9,1402,tvSeries,tt11168226
The Family,2021.0,"Drama,History",7.3,2670,tvSeries,tt11173308
Hide and Seek,2007.0,"Horror,Thriller",5.8,44,movie,tt1117976
Made in China,2007.0,Documentary,7.8,15,movie,tt1117981
The Calling,2009.0,"Comedy,Drama",5.6,138,movie,tt1118660
Listen,2007.0,Action,5.9,10,movie,tt1118674
The Bridge,2008.0,"Drama,History,War",4.9,1084,tvMovie,tt1119180
ANIMA,2020.0,Drama,6.7,38,movie,tt11193834
A Family Reunion Christmas,2019.0,"Comedy,Family",5.8,375,tvMovie,tt11193888
Wira,2019.0,"Action,Crime,Drama",6.2,686,movie,tt11194492
Singapore Social,2019.0,Reality-TV,4.6,1462,tvSeries,tt11194508
Zona Rosa,2019.0,Comedy,5.5,79,tvSeries,tt11194518
Miss India,2020.0,Drama,3.9,3528,movie,tt11199310
Bheeshma,2020.0,"Action,Comedy,Romance",6.6,5787,movie,tt11199356
The Princess Switch: Switched Again,2020.0,"Comedy,Drama,Family",5.5,15373,movie,tt11199410
The Returned,2019.0,"Drama,Horror,Thriller",5.5,217,movie,tt11205014
The Outsiders,2018.0,"Action,Drama,Romance",6.4,184,movie,tt11205260
Dhan Dhana Dhan Goal,2007.0,"Drama,Sport,Thriller",5.2,3135,movie,tt1120897
Blue Valentine,2010.0,"Drama,Romance",7.3,228011,movie,tt1120985
Seventh Son,2014.0,"Action,Adventure,Fantasy",5.5,85170,movie,tt1121096
Stuck Apart,2021.0,"Comedy,Drama",6.0,12006,movie,tt11213372
Chocolate,2019.0,"Drama,Romance",7.5,2038,tvSeries,tt11214028
Narcoworld: Dope Stories,2019.0,"Crime,Documentary",6.5,425,tvSeries,tt11215112
No Time for Shame,2019.0,Reality-TV,5.5,102,tvMiniSeries,tt11215130
Lugar de Mulher,2019.0,Comedy,4.7,59,tvSeries,tt11215186
Power Rangers Jungle Fury,2008.0,"Action,Adventure,Drama",6.8,2698,tvSeries,tt1121628
Brothers,2007.0,"Action,Drama",6.1,560,movie,tt1121801
Prince Charming,2019.0,"Reality-TV,Romance",6.0,69,tvSeries,tt11219164
The Killer,2024.0,"Action,Crime,Drama",5.7,18853,movie,tt1121948
We Are Family,2006.0,Comedy,4.4,27,movie,tt1122615
The King: Eternal Monarch,2020.0,"Fantasy,Mystery,Romance",8.1,20179,tvSeries,tt11228748
Magical Andes,2019.0,Documentary,7.7,727,tvSeries,tt11229002
Kappela,2020.0,"Comedy,Drama,Romance",7.5,4060,movie,tt11230868
Itaewon Class,2020.0,"Comedy,Drama,Romance",8.1,25857,tvSeries,tt11239552
Free State of Jones,2016.0,"Action,Biography,Drama",6.9,68722,movie,tt1124037
The Last Resort,2009.0,"Horror,Thriller",3.1,1579,movie,tt1124048
Nobody Sleeps in the Woods Tonight,2020.0,"Comedy,Fantasy,Horror",4.9,16447,movie,tt11240506
The Bridge Curse,2020.0,"Horror,Mystery,Thriller",5.3,2742,movie,tt11242242
Black Friday,2020.0,"Comedy,Horror,Musical",7.6,644,movie,tt11242292
Holiday Secrets,2019.0,Drama,6.5,1404,tvMiniSeries,tt11243536
Scream,2022.0,"Horror,Mystery,Thriller",6.3,190786,movie,tt11245972
Full Out 2: You Got This!,2020.0,Family,4.7,644,tvMovie,tt11247064
First Love,2021.0,Mystery,6.1,255,movie,tt11252688
Memories of a Teenager,2019.0,"Biography,Drama,Mystery",6.5,1473,movie,tt11254858
Running Man,2017.0,"Animation,Comedy",8.5,83,tvSeries,tt11256118
Timmy Time,2009.0,"Animation,Family,Fantasy",6.7,1733,tvSeries,tt1125758
Burlesque,2010.0,"Drama,Music,Musical",6.4,100095,movie,tt1126591
Who Killed Little Gregory?,2019.0,"Crime,Documentary",7.4,3581,tvMiniSeries,tt11269714
Summertime,2020.0,"Drama,Romance",6.1,3421,tvSeries,tt11269886
The Daughter,2021.0,"Crime,Thriller",6.2,1378,movie,tt11270054
Let It Snow,2020.0,"Horror,Thriller",4.4,2288,movie,tt11272898
Signal,2019.0,Drama,5.7,7,tvSeries,tt11273384
Pets United,2019.0,"Adventure,Animation,Comedy",3.7,3534,movie,tt11276598
My Dear Warrior,2019.0,"Fantasy,Romance",4.8,39,tvSeries,tt11281912
Cadaver,2020.0,"Drama,Horror,Thriller",5.2,13702,movie,tt11284280
One More Try,2019.0,Game-Show,7.0,128,tvSeries,tt11285924
Unbroken,2020.0,Documentary,7.0,20,movie,tt11286002
Master,2022.0,"Drama,Horror,Mystery",5.3,6428,movie,tt11286210
Jail,2007.0,"Crime,Documentary,Reality-TV",6.8,511,tvSeries,tt1128727
Al Acecho,2019.0,Thriller,5.0,421,movie,tt11287390
Chocolate,2007.0,"Comedy,Romance",6.3,953,movie,tt1129411
Circle,2010.0,"Horror,Thriller",3.3,814,movie,tt1129412
Destiny,2009.0,Romance,5.4,15,movie,tt1129444
The Informant!,2009.0,"Biography,Comedy,Crime",6.5,70215,movie,tt1130080
Ethos,2020.0,Drama,8.4,32315,tvSeries,tt11301642
Crazy Delicious,2020.0,"Documentary,Game-Show",6.8,1267,tvSeries,tt11301834
Hero,2022.0,Action,5.7,2215,movie,tt11306518
The Confession Killer,2019.0,"Crime,Documentary",7.4,11315,tvMiniSeries,tt11307176
Underdogs,2007.0,Drama,5.8,161,movie,tt1130898
The Night Clerk,2011.0,"Drama,Thriller",6.4,801,movie,tt1130982
The First Temptation of Christ,2019.0,Comedy,5.0,3662,movie,tt11310004
Requiem,2019.0,Music,5.2,16,movie,tt11310798
Happy Old Year,2019.0,"Drama,Romance",7.2,3152,movie,tt11316824
Kacche Dhaagey,2016.0,Drama,4.8,17,movie,tt11317454
Maharaja: The Story of Ranjit Singh,2010.0,"Animation,Drama,History",6.9,14,movie,tt11317462
Don't F**k with Cats: Hunting an Internet Killer,2019.0,"Crime,Documentary,Mystery",8.0,70406,tvMiniSeries,tt11318602
The Staircase,2022.0,"Biography,Crime,Drama",7.1,43357,tvMiniSeries,tt11324406
Ugly Aur Pagli,2008.0,"Comedy,Drama",3.8,825,movie,tt1132606
Versailles,2008.0,Drama,6.7,595,movie,tt1132607
The Girl with the Dragon Tattoo,2009.0,"Crime,Drama,Mystery",7.8,231818,movie,tt1132620
Satrangi,2014.0,"Documentary,Music",6.8,6,tvSeries,tt11328618
Candy Online,2019.0,Drama,5.5,36,tvSeries,tt11330500
Unbroken,2021.0,"Crime,Drama,Mystery",6.9,540,tvSeries,tt11349196
Takers,2010.0,"Action,Crime,Drama",6.2,68779,movie,tt1135084
Breakout,2019.0,"Adventure,Comedy,Drama",4.2,289,movie,tt11351704
Julie & Julia,2009.0,"Biography,Drama,Romance",7.0,137293,movie,tt1135503
Jail,2021.0,Drama,4.8,455,movie,tt11355212
Pretty Man,2018.0,,7.4,36,tvSeries,tt11358804
Sex Drive,2008.0,"Comedy,Romance",6.5,96597,movie,tt1135985
A Tale of Love and Darkness,2015.0,"Biography,Drama,History",6.0,4606,movie,tt1135989
District 9,2009.0,"Action,Sci-Fi,Thriller",7.9,756865,movie,tt1136608
The Killer,2023.0,"Action,Adventure,Crime",6.7,226961,movie,tt1136617
The Set Up,2019.0,Comedy,5.3,18,tvMiniSeries,tt11373856
Kings,2009.0,"Drama,Sci-Fi",8.1,9030,tvSeries,tt1137462
The App That Stole Christmas,2020.0,Comedy,2.7,776,movie,tt11378154
Mucho Mucho Amor: The Legend of Walter Mercado,2020.0,"Biography,Documentary",7.3,3621,movie,tt11378264
Michael,2026.0,"Biography,Drama,History",7.4,178272,movie,tt11378946
Once Upon a Time,2008.0,"Action,Adventure,Comedy",5.7,343,movie,tt1138457
The Guild,2007.0,"Comedy,Short",8.2,10902,tvSeries,tt1138475
The App,2019.0,"Drama,Sci-Fi,Thriller",2.8,1521,movie,tt11385066
Horse Girl,2020.0,"Drama,Mystery,Thriller",6.0,22105,movie,tt11388406
Miss Americana,2020.0,"Biography,Documentary,Music",7.4,26782,movie,tt11388580
A Fall from Grace,2020.0,"Crime,Drama,Mystery",5.9,18976,movie,tt11390036
"Sex, Explained",2020.0,Documentary,6.9,3740,tvMiniSeries,tt11390530
Queen,2019.0,"Biography,Drama,History",7.7,11631,tvSeries,tt11393148
Dick Johnson Is Dead,2020.0,"Biography,Documentary,Drama",7.4,7704,movie,tt11394180
White Girl,2008.0,Drama,6.5,225,tvMovie,tt1139428
Giving Voice,2020.0,Documentary,6.9,371,movie,tt11394338
The Cell,2007.0,"Drama,Thriller",6.2,36,movie,tt1139434
Summertime,2020.0,"Comedy,Drama,Music",6.3,581,movie,tt11394340
The Trial,2023.0,Documentary,8.4,146,movie,tt11396282
Caliphate,2020.0,"Crime,Drama,Thriller",8.2,24843,tvSeries,tt11398870
Yanxi Palace: Princess Adventures,2019.0,Drama,5.8,459,tvSeries,tt11399844
Unrest,2022.0,"Drama,History",6.6,1428,movie,tt11409736
The Night Shift,2007.0,"Comedy,Drama",8.8,1034,tvMiniSeries,tt1141747
DRIFTING DRAGONS,2020.0,"Adventure,Animation,Fantasy",6.1,848,tvSeries,tt11418344
Pandora,2007.0,"Documentary,History,Reality-TV",6.9,37,tvSeries,tt1142020
Hot Property,2019.0,"Reality-TV,Romance",6.8,35,tvSeries,tt11421836
Cheer,2020.0,"Documentary,Sport",8.0,7315,tvSeries,tt11426660
The Homecoming,2007.0,Drama,6.3,50,movie,tt1142830
The Ugly Truth,2009.0,"Comedy,Romance",6.4,243166,movie,tt1142988
Sugar Rush,2019.0,"Action,Comedy",5.3,144,movie,tt11430264
Save Me,2020.0,Thriller,7.6,25,tvSeries,tt11433326
Until Dawn,2020.0,"Comedy,Reality-TV",2.7,175,tvSeries,tt11434862
The Cruise,2021.0,"Action,Crime,Drama",8.6,97,tvSeries,tt11437496
Interrogation,2007.0,Documentary,5.2,15,movie,tt1143897
Sadistic: The Exorcism of Lily Deckert,2022.0,"Horror,Thriller",2.7,101,movie,tt11443106
Tempted by Danger,2020.0,Thriller,5.2,323,tvMovie,tt11447658
The Final Destination,2009.0,"Horror,Thriller",5.1,143612,movie,tt1144884
Start-Up,2019.0,"Action,Comedy,Drama",6.5,1693,movie,tt11454170
Fatso,2008.0,"Comedy,Drama",5.6,4651,movie,tt1145446
Learning Songs by Little Baby Bum: Nursery Rhyme Friends,2017.0,"Animation,Family,Music",6.0,19,tvSeries,tt11456582
Patria,2023.0,Drama,4.8,70,movie,tt11460290
Little Baby Bum: Nursery Rhyme Friends,2016.0,"Animation,Family,Music",6.6,61,tvSeries,tt11460334
Nailed It! Germany,2020.0,Reality-TV,5.7,124,tvSeries,tt11460744
Mirage,2019.0,Drama,7.4,16,movie,tt11464360
The Social Dilemma,2020.0,"Documentary,Drama",7.6,94988,movie,tt11464826
Si Doel the Movie 3,2020.0,"Drama,Romance",6.5,170,movie,tt11469660
Tee Shot: Ariya Jutanugarn,2019.0,"Biography,Drama,Sport",6.6,98,tvMovie,tt11474574
Killer Inside: The Mind of Aaron Hernandez,2020.0,"Crime,Documentary,Sport",7.3,20736,tvMiniSeries,tt11475228
After,2014.0,"Drama,Mystery",4.8,224,movie,tt1147681
Forget Me Not,2009.0,"Adventure,Horror,Mystery",5.1,7148,movie,tt1147684
Citation,2020.0,"Drama,Thriller",6.1,1131,movie,tt11481312
Cold Feet,2008.0,"Comedy,Mystery,Romance",8.6,23,movie,tt1148201
Cuckoo,2009.0,"Drama,Thriller",3.7,152,movie,tt1148779
Your Excellency,2019.0,,6.4,76,movie,tt11489288
Stardust,2020.0,"Drama,Family,Fantasy",6.5,219,tvSeries,tt11492320
Wormwood,2007.0,"Adventure,Drama,Fantasy",6.0,25,tvSeries,tt1149367
Zoo,2008.0,Drama,4.2,23,tvSeries,tt1149587
Dolly Parton: Here I Am,2019.0,"Biography,Documentary,Music",7.4,1920,tvMovie,tt11497544
Pandemic: How to Prevent an Outbreak,2020.0,Documentary,6.4,2923,tvMiniSeries,tt11497904
Night on Earth,2020.0,"Documentary,Family",8.1,5323,tvMiniSeries,tt11497922
The Beast,2020.0,"Action,Crime,Drama",5.2,5193,movie,tt11499506
Guatemala: Heart of the Mayan World,2019.0,Documentary,6.6,329,movie,tt11505398
Uma Maheswara Ugra Roopasya,2020.0,Drama,7.6,1929,movie,tt11506054
Valentino,2020.0,Comedy,5.1,398,tvSeries,tt11508212
Master,2019.0,"Comedy,Drama,Family",7.9,13,movie,tt11508246
Bangkok Buddies,2019.0,"Comedy,Drama",6.5,29,tvSeries,tt11513508
Refugee,2007.0,Drama,5.1,151,movie,tt1151368
5Gang,2019.0,"Action,Comedy",2.0,3450,movie,tt11529348
"Kalel, 15",2019.0,Drama,7.2,535,movie,tt11530234
Varane Avashyamund,2020.0,"Comedy,Drama,Romance",6.9,4028,movie,tt11531530
Hyena,2020.0,"Drama,Romance",7.6,1499,tvSeries,tt11534164
The Witness Who Didn't See Anything,1976.0,Comedy,8.3,1001,tvMovie,tt11540012
Handsome Siblings,2020.0,"Action,Adventure,Comedy",7.8,956,tvSeries,tt11541444
High Society,2016.0,Documentary,6.6,9,tvMiniSeries,tt11542274
Omniscient,2020.0,"Drama,Sci-Fi,Thriller",6.5,2811,tvSeries,tt11542920
Ainori Love Wagon: African Journey,2019.0,Reality-TV,7.4,158,tvSeries,tt11542960
Players,2020.0,Drama,7.4,25,tvSeries,tt11546984
The Karate Kid,2010.0,"Action,Drama,Family",6.3,229651,movie,tt1155076
The Game,2021.0,"Action,Drama",6.5,165,movie,tt11554404
Karzzzz,2008.0,"Action,Drama,Musical",2.3,1531,movie,tt1156148
Zombieland,2009.0,"Action,Comedy,Horror",7.5,673234,movie,tt1156398
End Game,2021.0,"Action,Comedy,Crime",6.2,1142,movie,tt11564214
Connected,2008.0,"Action,Adventure,Crime",6.6,2734,movie,tt1156506
Ready,2008.0,"Action,Comedy,Romance",7.2,1753,movie,tt1156516
Residue,2020.0,Drama,6.5,663,movie,tt11568878
Find Yourself,2020.0,"Drama,Romance",7.4,616,tvSeries,tt11569628
Break,2008.0,"Action,Crime,Drama",3.7,398,movie,tt1157601
Dog Eat Dog,2008.0,Thriller,6.6,1934,movie,tt1157631
Locke & Key,2017.0,Fantasy,6.7,56,tvMovie,tt11577050
New Money,2019.0,Documentary,6.1,25,movie,tt11579640
My Sassy Girl,2008.0,"Comedy,Drama",7.4,89,tvSeries,tt1158105
Captive,2023.0,Horror,4.2,484,movie,tt11584674
My Happy Family,2007.0,Documentary,6.7,22,movie,tt1158740
Life,2020.0,"Documentary,Drama",8.7,8,tvMovie,tt11592020
Love Now,2007.0,"Adventure,Drama,Romance",6.0,445,movie,tt1159223
The Pharmacist,2020.0,"Crime,Documentary",7.7,9541,tvMiniSeries,tt11600174
The Inmate,2007.0,"Drama,Romance",6.2,225,movie,tt1160023
Some Assembly Required,2007.0,Documentary,7.1,43,tvSeries,tt1160042
Game Over,2007.0,Crime,7.6,18,movie,tt1160722
The Bridge,2022.0,Drama,6.0,12,movie,tt11610504
Private Lives,2019.0,Documentary,7.2,13,tvSeries,tt11610998
Frontier,2018.0,"Action,Drama,Western",3.0,22,tvMovie,tt11613498
Happy New Year,2019.0,"Comedy,Romance",5.2,315,movie,tt11615912
Possessed,2007.0,"Drama,Horror",6.5,13,movie,tt1163857
U Turn,2020.0,"Horror,Thriller",4.4,397,movie,tt11638656
The Game,2020.0,"Adventure,Comedy",8.1,1971,tvSeries,tt11638962
The Midnight Gospel,2020.0,"Adventure,Animation,Comedy",8.2,30317,tvSeries,tt11639414
#FriendButMarried 2,2020.0,"Biography,Comedy,Drama",6.8,436,movie,tt11640412
#cats_the_mewvie,2020.0,Documentary,5.3,476,movie,tt11642302
Persona,2008.0,,5.5,48,movie,tt1164629
Black Friday,2021.0,"Comedy,Horror",4.7,10073,movie,tt11649338
Forgotten,2017.0,Documentary,8.0,9,movie,tt11649910
The Prince,2021.0,"Animation,Comedy",5.9,3757,tvSeries,tt11650736
Extraction,2020.0,Drama,6.4,15,tvSeries,tt11651344
Silencer,2020.0,Drama,7.6,536,movie,tt11651604
AK vs AK,2020.0,"Comedy,Crime,Drama",6.9,15965,movie,tt11651796
Bad Guys,2020.0,Drama,7.7,69,movie,tt11655136
Hard Kill,2020.0,"Action,Thriller",3.1,19850,movie,tt11656172
The Cabin with Bert Kreischer,2020.0,"Comedy,Reality-TV",6.8,2239,tvSeries,tt11666848
Zero,2020.0,Documentary,6.8,67,movie,tt11670552
Ragnarok,1983.0,"Action,Adventure,Animation",4.2,20,movie,tt11673782
Great Pretender,2020.0,"Adventure,Animation,Comedy",7.8,8463,tvSeries,tt11680468
Love Me Dead,2024.0,"Horror,Thriller",4.0,204,movie,tt11680698
The Ugly Truth,2021.0,Drama,5.6,140,movie,tt11681234
Don,2007.0,"Action,Crime,Drama",5.9,1915,movie,tt1169270
Fierce,2020.0,"Comedy,Music",5.6,1699,movie,tt11692986
The 2nd,2020.0,"Action,Drama",3.9,9612,movie,tt11697484
Sing On! Spain,2020.0,"Game-Show,Music",6.2,156,tvSeries,tt11698668
Wolf,2019.0,"Adventure,Thriller",7.8,42,tvSeries,tt11702428
To Love,2009.0,Drama,4.8,333,movie,tt1170389
C Kkompany,2008.0,"Comedy,Crime,Drama",5.6,1545,movie,tt1170399
Love Is Blind,2020.0,"Reality-TV,Romance",6.2,13630,tvSeries,tt11704040
Dad,2019.0,"Comedy,Drama,Fantasy",7.8,98,tvSeries,tt11708910
Hunter in the Blue Side of Manchester,2020.0,"Biography,Drama",5.9,66,movie,tt11710234
Limitless,2022.0,"Adventure,Documentary",8.0,5719,tvSeries,tt11714334
Revolting Rhymes,2016.0,"Animation,Comedy,Drama",7.8,909,tvMiniSeries,tt11714896
The Invitation,2022.0,Documentary,7.8,7,movie,tt11719504
Taj Mahal 1989,2020.0,"Comedy,Drama,Romance",7.4,1811,tvSeries,tt11725706
The Company Men,2010.0,Drama,6.7,51341,movie,tt1172991
Derek,2008.0,Documentary,7.1,348,movie,tt1172992
Love for Sale,2008.0,"Comedy,Drama,Romance",5.2,377,movie,tt1172996
Black Snow,2020.0,Drama,6.2,222,movie,tt11730520
Cycle,2021.0,Comedy,9.0,641,movie,tt11730576
Friendship,2021.0,"Action,Crime,Drama",4.9,973,movie,tt11730922
Mountain,2007.0,Documentary,7.8,33,tvSeries,tt1173314
Total Drama,2007.0,"Action,Adventure,Animation",7.3,17723,tvSeries,tt1173427
"Sí, Mi Amor",2020.0,Comedy,3.9,236,movie,tt11734696
Slam,2008.0,"Action,Drama,Family",5.4,244,movie,tt1173568
First Love,2007.0,"Crime,Drama,Romance",5.8,107,movie,tt1173716
The Gift,2018.0,Adult,7.3,13,movie,tt11737764
XX,2020.0,"Drama,Romance",7.4,255,tvMiniSeries,tt11737826
Mighty Little Bheem: Festival of Colors,2020.0,Animation,7.2,50,tvSeries,tt11738790
The Island,2007.0,"Action,Biography,Drama",7.8,4595,movie,tt1173901
Why Me?,2020.0,"Comedy,Drama,Romance",4.6,70,movie,tt11742878
Babies,2020.0,Documentary,6.9,966,tvSeries,tt11744632
Shooter,2022.0,Action,6.9,1406,movie,tt11749480
Tarung Sarung,2020.0,"Action,Drama",5.9,280,movie,tt11749980
Whipped,2020.0,"Comedy,Drama,Romance",4.2,705,movie,tt11754464
Solo,2008.0,"Documentary,Music",8.6,9,movie,tt1175732
Rahasya,2020.0,Horror,4.7,13,movie,tt11760094
He Even Has Your Eyes,2020.0,"Comedy,Drama",7.7,79,tvSeries,tt11761132
Jacob's Ladder,2003.0,"Adventure,Drama,Family",4.8,23,tvSeries,tt1176293
Race,2007.0,"Animation,Sci-Fi",4.4,201,movie,tt1176453
White Christmas,1995.0,"Adventure,Animation,Family",5.6,40,tvMovie,tt11766316
Santana,2020.0,"Action,Drama",3.9,1104,movie,tt11769162
Hospital Playlist,2020.0,"Comedy,Drama,Romance",8.7,11161,tvSeries,tt11769304
Paying Guests,2009.0,"Comedy,Drama",4.4,660,movie,tt1176961
Rugal,2020.0,"Action,Crime,Sci-Fi",6.3,1644,tvSeries,tt11769798
Skin,2020.0,"Fantasy,Horror,Romance",6.6,731,movie,tt11770890
Rocky,2021.0,"Action,Drama",7.8,1832,movie,tt11772600
Krishna and His Leela,2020.0,"Comedy,Romance",5.9,1856,movie,tt11773276
Kingdom,2025.0,"Action,Crime,Drama",5.5,5606,movie,tt11773426
Time to Hunt,2020.0,"Action,Crime,Drama",6.3,7918,movie,tt11777040
Medium,2020.0,Documentary,7.0,18,movie,tt11778542
Sherlock Holmes,1968.0,Crime,6.4,23,tvMiniSeries,tt1178183
Crash,2008.0,Drama,6.8,1794,tvSeries,tt1178636
Superstar,2008.0,"Drama,Romance",6.1,819,movie,tt1178657
From Paris with Love,2010.0,"Action,Crime,Thriller",6.4,128098,movie,tt1179034
Buddies,2012.0,"Adventure,Comedy,Drama",6.5,1168,movie,tt1179259
Stone Age,2017.0,Animation,6.7,32,tvSeries,tt11792598
Leyla Everlasting,2020.0,Comedy,3.7,8373,movie,tt11792734
Paranormal Activity,2007.0,"Horror,Mystery",6.3,274101,movie,tt1179904
100% Halal,2020.0,Drama,6.2,103,movie,tt11799742
Miracle in Cell No. 7,2022.0,"Comedy,Drama,Family",7.7,1377,movie,tt11799822
The Ghost and the Tout,2018.0,"Comedy,Fantasy",2.8,71,movie,tt11802938
Budapest,2009.0,"Adventure,Drama,Romance",5.9,578,movie,tt1180300
"Hi Bye, Mama!",2020.0,"Comedy,Drama,Fantasy",7.9,2910,tvSeries,tt11804034
Women Behind Bars,2008.0,Documentary,6.8,205,tvSeries,tt1181320
Jack and the Cuckoo-Clock Heart,2013.0,"Adventure,Animation,Drama",6.9,8320,movie,tt1181840
The Drowning,2021.0,"Drama,Horror,Mystery",5.6,2889,tvMiniSeries,tt11818430
Double Dad,2021.0,"Comedy,Drama,Family",5.7,1702,movie,tt11821818
Sleepless Society: Insomnia,2020.0,"Drama,Mystery,Thriller",7.3,132,tvSeries,tt11822994
The Trials of Gabriel Fernandez,2020.0,"Crime,Documentary",8.1,15948,tvMiniSeries,tt11822998
100 Humans: Life's Questions. Answered.,2020.0,Reality-TV,5.8,4857,tvSeries,tt11823088
Moon,2009.0,"Drama,Mystery,Sci-Fi",7.8,397959,movie,tt1182345
So Much Love to Give,2020.0,Comedy,5.3,1695,movie,tt11827806
Vampires,2020.0,"Drama,Fantasy,Horror",5.7,1683,tvSeries,tt11829316
Buddi,2020.0,"Adventure,Animation,Comedy",6.9,85,tvSeries,tt11829340
Chocolate,2008.0,"Action,Drama",6.9,19866,movie,tt1183252
Pink,2009.0,"Comedy,Drama,Romance",4.4,211,movie,tt1183301
The Book of Sun,2020.0,Comedy,7.9,12980,movie,tt11833648
Circle,2020.0,"Drama,Horror,Thriller",3.6,20,movie,tt11833800
K,2009.0,Thriller,4.5,31,movie,tt1183725
Teen Patti,2010.0,"Crime,Drama,Thriller",4.2,1687,movie,tt1183917
Antidote,2021.0,"Horror,Thriller",5.0,1886,movie,tt11840988
The Heartbreak Club,2021.0,"Comedy,Drama,Romance",6.3,244,movie,tt11841144
Black Rose,2020.0,Thriller,4.0,123,movie,tt11841830
The Tourist,2022.0,"Action,Drama,Mystery",7.1,34210,tvSeries,tt11847842
Dostana,2008.0,"Comedy,Drama,Romance",6.4,17449,movie,tt1185420
Kurbaan,2009.0,"Action,Crime,Drama",5.7,5851,movie,tt1185442
Mighty Express,2020.0,"Adventure,Animation,Comedy",3.8,190,tvSeries,tt11860336
Some Assembly Required,2008.0,Documentary,8.0,22,movie,tt1186261
Ninja Assassin,2009.0,"Action,Thriller",6.3,80308,movie,tt1186367
3 Idiots,2009.0,"Comedy,Drama",8.4,488381,movie,tt1187043
Six Windows in the Desert,2020.0,"Adventure,Comedy,Drama",4.5,3465,tvMiniSeries,tt11874042
Security,2021.0,Thriller,5.1,2621,movie,tt11892916
Stranger,1991.0,"Drama,Horror,Mystery",6.7,164,movie,tt11894620
Love,2008.0,"Drama,Romance",6.8,126,movie,tt1190130
Love on the Spectrum Australia,2019.0,"Documentary,Reality-TV,Romance",8.6,8680,tvSeries,tt11904786
Bloodline,2008.0,Mystery,5.6,414,movie,tt1190537
Athlete A,2020.0,"Crime,Documentary,Sport",7.6,13577,movie,tt11905462
She,2020.0,"Crime,Drama",6.4,7141,tvSeries,tt11905720
Nurse Jackie,2009.0,"Comedy,Drama",7.9,33716,tvSeries,tt1190689
Jeopardy!,2007.0,Game-Show,3.6,9,tvSeries,tt1190788
2 States,2020.0,"Comedy,Romance",6.5,1400,movie,tt11912390
Beyblade Burst Rise,2020.0,"Action,Animation,Family",5.7,333,tvSeries,tt11916718
Let's Dance,2006.0,"Family,Game-Show,Reality-TV",4.2,122,tvSeries,tt1192257
Shadow,2021.0,Drama,5.7,82,movie,tt11924374
Rango,2011.0,"Action,Adventure,Animation",7.3,323651,movie,tt1192628
Bombshell,2020.0,Comedy,7.3,14,tvSeries,tt11928958
Locke & Key,2011.0,"Adventure,Drama,Horror",7.2,8868,tvMovie,tt1193126
Up in the Air,2009.0,"Comedy,Drama,Romance",7.4,362466,movie,tt1193138
Bugs,1997.0,Horror,4.8,12,movie,tt1193459
Control Z,2020.0,"Drama,Thriller",6.8,12711,tvSeries,tt11937662
Mercy,2020.0,Drama,7.3,50,movie,tt11940818
J-Style Trip,2020.0,Reality-TV,5.0,139,tvSeries,tt11942052
Spirit Riding Free: Riding Academy,2020.0,"Action,Adventure,Animation",6.0,200,tvSeries,tt11942070
Ladies Up,2020.0,Comedy,4.4,281,tvSeries,tt11942100
Money for Nothing,2015.0,"Documentary,Reality-TV",6.0,104,tvSeries,tt11942952
Special Correspondents,2009.0,Comedy,5.4,879,movie,tt1194610
Aurora,2025.0,"Documentary,Drama",7.0,12,movie,tt11947514
Over Christmas,2020.0,"Comedy,Drama,Romance",6.7,2601,tvMiniSeries,tt11951234
Maska,2020.0,"Comedy,Drama,Romance",5.9,1639,movie,tt11953628
A Whisker Away,2020.0,"Adventure,Animation,Drama",6.7,18576,movie,tt11958344
History 101,2020.0,"Documentary,History",6.9,5078,tvSeries,tt11958648
The Innocence Files,2020.0,"Crime,Documentary",7.9,3432,tvMiniSeries,tt11958922
How to Fix a Drug Scandal,2020.0,"Crime,Documentary",7.0,4124,tvMiniSeries,tt11958942
Daybreak,2008.0,Romance,4.8,215,movie,tt1196140
Welcome,2020.0,"Comedy,Fantasy,Romance",7.0,994,tvSeries,tt11968312
The Miracle,2009.0,Drama,6.3,420,movie,tt1197626
Verses of Love,2008.0,"Drama,Romance",6.9,1381,movie,tt1198186
Shaun the Sheep: Adventures from Mossy Bottom,2020.0,"Animation,Comedy,Family",7.9,1156,tvSeries,tt11983342
The Spy,2021.0,Comedy,5.4,14,tvMiniSeries,tt11987076
One-Way to Tomorrow,2020.0,"Comedy,Drama,Romance",5.6,5814,movie,tt11988512
David Attenborough: A Life on Our Planet,2020.0,"Biography,Documentary",8.9,36372,movie,tt11989890
Merlin,2008.0,"Adventure,Drama,Fantasy",7.9,94487,tvSeries,tt1199099
Too Hot to Handle,2020.0,"Documentary,Game-Show,Reality-TV",4.8,16355,tvSeries,tt12004280
Show Me the Money,2008.0,Game-Show,5.2,14,tvSeries,tt1200630
Paradise Lost,2008.0,Drama,7.4,29,tvSeries,tt1201129
BNA,2020.0,"Animation,Comedy,Fantasy",7.1,4243,tvSeries,tt12013558
Zero,2018.0,"Crime,Drama",4.2,13,tvSeries,tt12015860
Tunnel,2019.0,"Crime,Drama,Mystery",8.3,100,tvMiniSeries,tt12020952
Innocent,2010.0,"Action,Crime",7.5,129,movie,tt1202232
Accident,2009.0,"Mystery,Thriller",6.6,4145,movie,tt1202514
Barah Aana,2009.0,"Comedy,Crime,Drama",6.7,1420,movie,tt1202517
Loving You,2008.0,"Comedy,Drama,Romance",6.3,18,movie,tt1202527
Absurd Planet,2020.0,"Comedy,Documentary,Musical",4.1,1762,tvSeries,tt12027008
LA Originals,2020.0,Documentary,7.2,2103,movie,tt12027020
Middleditch & Schwartz,2020.0,Comedy,8.6,6340,tvSeries,tt12027034
Fishpeople,2017.0,Documentary,7.9,77,movie,tt12030516
Japan Sinks: 2020,2020.0,"Adventure,Animation,Drama",6.4,3895,tvMiniSeries,tt12031040
Naked,2020.0,"Drama,Thriller",4.2,110,tvSeries,tt12032242
Hidden in Plain Sight,2008.0,Documentary,6.9,17,movie,tt1204302
The Muppets,2011.0,"Adventure,Comedy,Family",7.1,101525,movie,tt1204342
Gran Torino,2008.0,Drama,8.1,868886,movie,tt1205489
The Rebound,2009.0,"Comedy,Romance",6.3,52661,movie,tt1205535
Social Distance,2020.0,"Mystery,Thriller",7.1,73,movie,tt12057590
Monster House,2008.0,"Comedy,Reality-TV",5.2,32,tvSeries,tt1205792
The Perfect Picture: Ten Years Later,2019.0,"Comedy,Romance",6.5,57,movie,tt12058774
"Wait, My Youth",2019.0,Romance,7.7,227,tvMiniSeries,tt12071466
Broken,2021.0,"Crime,Drama,Thriller",4.6,87,movie,tt1207641
Playing with Fire,2008.0,"Horror,Thriller",3.5,231,movie,tt1207652
Money Heist: The Phenomenon,2020.0,Documentary,7.5,4028,tvMovie,tt12078990
The Victims' Game,2020.0,"Crime,Drama,Thriller",7.3,2421,tvSeries,tt12079212
The Forest of Love: Deep Cut,2020.0,"Crime,Drama,Horror",6.9,705,tvMiniSeries,tt12079236
The Angel,2009.0,Drama,6.7,889,movie,tt1208664
Person of Interest,2010.0,"Crime,Drama,Thriller",5.6,373,movie,tt1208716
Hormones,2008.0,Comedy,7.0,1093,movie,tt1208717
The Circle,2009.0,"Crime,Drama,Romance",7.5,48,movie,tt1209313
Vampire Knight,2008.0,"Action,Animation,Drama",7.1,6562,tvSeries,tt1209393
Barbarians,2004.0,"Documentary,History",7.4,129,tvSeries,tt1209452
Brooklyn's Finest,2009.0,"Crime,Drama,Thriller",6.7,69156,movie,tt1210042
Inhuman Resources,2020.0,"Drama,Thriller",7.2,5004,tvMiniSeries,tt12101170
Child's Play,1984.0,Game-Show,5.5,19,tvSeries,tt1211977
Dark Fields,2009.0,Horror,3.8,477,movie,tt1212023
Lawless,2012.0,"Biography,Crime,Drama",7.2,263934,movie,tt1212450
Have a Good Trip,2020.0,"Comedy,Documentary",6.8,9037,movie,tt12133722
Good Hair,2009.0,"Comedy,Documentary",6.9,6400,movie,tt1213585
Tahaan,2008.0,Drama,7.1,976,movie,tt1213928
True: Terrific Tales,2020.0,"Animation,Family",6.7,45,tvSeries,tt12140808
Soul Eater,2008.0,"Action,Adventure,Animation",7.7,17274,tvSeries,tt1214085
Almost Happy,2020.0,Comedy,6.9,1308,tvMiniSeries,tt12146940
Pandora,2008.0,"Drama,Mystery,Thriller",6.9,24,tvSeries,tt1215004
The Gift,2008.0,Drama,6.2,212,movie,tt1215870
Kill the Messenger,2014.0,"Biography,Crime,Drama",6.9,50438,movie,tt1216491
Leap Year,2010.0,"Comedy,Romance",6.5,117329,movie,tt1216492
Justine,2023.0,"Drama,Horror",4.2,25,movie,tt12165170
Cooked with Cannabis,2020.0,Reality-TV,6.6,522,tvSeries,tt12176398
Godzilla,1957.0,"Action,Horror,Sci-Fi",7.0,208,movie,tt12182062
Once Again,2020.0,"Comedy,Drama,Romance",8.2,753,tvSeries,tt12182904
Father Soldier Son,2020.0,"Documentary,War",7.3,1110,movie,tt12187586
The Unremarkable Juanquini,2020.0,Comedy,4.3,216,tvSeries,tt12189308
"Coronavirus, Explained",2020.0,Documentary,7.5,2556,tvMiniSeries,tt12189310
Lenox Hill,2020.0,"Biography,Documentary",8.6,3232,tvSeries,tt12190580
The Beginning of Life 2: Outside,2020.0,Documentary,7.3,36,movie,tt12190648
Limitless,2011.0,"Sci-Fi,Thriller",7.4,653498,movie,tt1219289
Bandie,1978.0,"Action,Drama,Romance",4.8,56,movie,tt1219315
Legend of the Guardians: The Owls of Ga'Hoole,2010.0,"Action,Adventure,Animation",6.9,92552,movie,tt1219342
The In-Laws,2011.0,Drama,8.9,9,tvSeries,tt12199688
The Big Flower Fight,2020.0,Reality-TV,7.4,1543,tvSeries,tt12200714
Tjovitjo,2017.0,Drama,7.2,24,tvSeries,tt12202726
The End,2020.0,"Action,Drama,Mystery",7.2,2303,tvSeries,tt12204810
The Inbetweeners,2008.0,Comedy,8.4,101743,tvSeries,tt1220617
Resident Evil: Afterlife,2010.0,"Action,Horror,Sci-Fi",5.8,189344,movie,tt1220634
Ip Man,2008.0,"Action,Biography,Drama",8.0,245013,movie,tt1220719
EMI: Liya Hai to Chukana Padega,2008.0,"Comedy,Crime,Drama",4.4,720,movie,tt1221133
Welcome to Sajjanpur,2008.0,"Comedy,Drama",6.9,3478,movie,tt1221139
The Chosen Ones,2007.0,Documentary,8.7,15,movie,tt1221187
Becoming,2020.0,"Biography,Documentary",7.2,8702,movie,tt12221748
Millennials,2021.0,Comedy,8.0,134,tvSeries,tt12227976
The Prince,2020.0,Drama,6.7,1192,tvSeries,tt12228334
Hero,2016.0,Drama,8.9,17,tvSeries,tt12228630
Run,2019.0,Drama,4.2,17,tvSeries,tt12229682
Afterschool,2008.0,"Drama,Mystery",6.0,5170,movie,tt1224366
Mystic Pop-up Bar,2020.0,"Comedy,Fantasy,Mystery",7.9,3750,tvSeries,tt12246190
Insidious,2008.0,"Drama,Mystery,Romance",6.1,171,movie,tt1225292
The Island,2021.0,"Animation,Musical",5.4,126,movie,tt12254200
Get Him to the Greek,2010.0,"Comedy,Music",6.3,191078,movie,tt1226229
Happy New Year,2011.0,"Drama,War",6.0,133,movie,tt1226274
The Woods,2020.0,Horror,5.0,28,movie,tt12262808
Chocolate,2019.0,Drama,2.0,24,tvSeries,tt12263402
Together,2009.0,Drama,7.5,8,tvSeries,tt12263568
Nila,2019.0,Drama,1.1,28,tvSeries,tt12263740
We Are the Champions,1973.0,"Family,Game-Show",7.0,34,tvSeries,tt1226730
Cinta Si Wedding Planner,2015.0,"Drama,Family,Romance",7.9,25,tvSeries,tt12275178
Aashayein,2010.0,Drama,7.1,1407,movie,tt1227524
Women Behind Bars,2020.0,Comedy,6.1,46,tvMovie,tt12280960
Intuition,2020.0,"Crime,Drama,Mystery",5.6,3387,movie,tt12282598
Sakhi,2007.0,Drama,6.7,48,movie,tt1228751
Rock On!!,2008.0,"Drama,Music",7.7,23573,movie,tt1230165
Same Kind of Different as Me,2017.0,"Biography,Drama",6.6,9409,movie,tt1230168
Sisters,1990.0,Drama,6.9,14,tvMovie,tt1230170
Trash,2010.0,Drama,5.2,147,movie,tt1230439
Billu,2009.0,"Comedy,Drama",6.5,15210,movie,tt1230448
Rebellion,2021.0,Documentary,6.6,149,movie,tt12307006
Jeffrey Epstein: Filthy Rich,2020.0,"Crime,Documentary",7.1,34842,tvMiniSeries,tt12312250
Loving You,2020.0,"Drama,Family",8.8,6,tvSeries,tt12312890
Social Distance,2020.0,"Comedy,Drama",5.9,774,tvMiniSeries,tt12313074
Malicious,2023.0,Thriller,5.6,866,movie,tt12313942
Zoids Wild,2018.0,"Action,Adventure,Animation",8.0,95,tvSeries,tt12317724
Luccas Neto em: Acampamento de Férias 2,,"Comedy,Family",3.5,109,movie,tt12325326
What Are the Odds?,2019.0,Drama,5.3,914,movie,tt12327140
Don't Look Down,2008.0,"Drama,Romance",5.9,3565,movie,tt1233487
Caregiver,2008.0,Drama,6.4,210,movie,tt1233519
The Tree,2017.0,"Drama,Fantasy",5.6,109,movie,tt1233600
The Player,2021.0,"Action,Adventure,Fantasy",6.9,69,tvSeries,tt12339070
The Men Who Stare at Goats,2009.0,"Comedy,War",6.2,142358,movie,tt1234548
Red Dawn,2012.0,"Action,War",5.3,84309,movie,tt1234719
Cuckoo,2024.0,"Horror,Mystery,Thriller",5.6,35954,movie,tt12349832
Private Life,2018.0,Drama,6.7,8,tvMiniSeries,tt12350536
Mercy,2009.0,"Drama,Romance",5.9,1397,movie,tt1235200
In the Tall Grass,2006.0,Documentary,5.8,16,movie,tt1235434
Burning,2020.0,"Crime,Drama,Mystery",6.4,16,tvSeries,tt12357064
My Girl,2008.0,"Comedy,Romance",7.4,53,tvSeries,tt1235861
The Visit,2008.0,Drama,6.0,400,tvMovie,tt1236364
The Search,2020.0,Crime,5.6,805,tvMiniSeries,tt12364156
Sid the Science Kid,2008.0,"Animation,Comedy,Family",5.5,1279,tvSeries,tt1236429
Erased,2008.0,"Action,Sci-Fi,Thriller",6.8,29,movie,tt1236467
Floor Is Lava,2020.0,"Animation,Comedy,Drama",5.4,3171,tvSeries,tt12370124
Life Sentence,2008.0,"Crime,Drama",5.5,137,movie,tt1237876
Cabin Fever,2020.0,Drama,6.2,23,movie,tt12381026
Run,2020.0,"Mystery,Thriller",4.6,84,movie,tt12381488
Revenge,2017.0,"Crime,Drama",8.4,40,tvSeries,tt12386828
Alibaba Aur 40 Chor,2004.0,"Action,Adventure,Drama",5.4,52,movie,tt1238718
The Assignment,2010.0,"Drama,Family",6.5,129,movie,tt1239216
Frank and Cindy,2015.0,Comedy,6.0,1063,movie,tt1239242
Bulbbul,2020.0,"Drama,Horror,Mystery",6.6,16867,movie,tt12393526
Naked,2020.0,"Drama,Romance",5.7,2274,tvSeries,tt12393976
One Take,2020.0,"Documentary,Music",5.9,56,movie,tt12401232
Kalki,2004.0,Drama,1.8,63,tvSeries,tt12404114
The Promise,2020.0,"Crime,Drama",7.1,1162,tvMiniSeries,tt12404772
Bad Guys: Vile City,2017.0,"Action,Crime,Drama",7.4,395,tvSeries,tt12404980
We Are the Champions,2020.0,"Documentary,Game-Show",7.1,1739,tvSeries,tt12409154
Whispers,2020.0,"Mystery,Thriller",6.1,748,tvSeries,tt12410506
Teresa,2023.0,"Biography,Drama",6.0,294,movie,tt12410714
Paranormal,2020.0,"Drama,Fantasy,Horror",7.9,76075,tvSeries,tt12411074
Aamir,2008.0,"Crime,Drama,Thriller",7.6,11990,movie,tt1241195
Death Note,2017.0,"Crime,Drama,Fantasy",4.5,97033,movie,tt1241317
Frank Elstner: Just One Last Question,2019.0,Talk-Show,7.4,99,tvSeries,tt12416844
Doubt,2020.0,"Crime,Short,Thriller",5.3,171,tvSeries,tt12418118
Rebellion,2011.0,"Action,Drama,History",6.9,3026,movie,tt1242521
What's Your Raashee?,2009.0,"Comedy,Drama,Romance",4.8,2977,movie,tt1242530
Cocomelon,2018.0,"Adventure,Animation,Family",3.4,1557,tvSeries,tt12427840
Champions,2021.0,"Comedy,Drama,Romance",6.8,185,movie,tt12428098
Contract,2008.0,"Action,Crime,Drama",4.1,278,movie,tt1242843
Home Game,2020.0,"Documentary,Sport",7.0,1059,tvSeries,tt12429046
A Very Special Love,2008.0,"Comedy,Drama,Romance",6.6,492,movie,tt1243381
Love Is in the Air,2020.0,"Comedy,Romance",7.3,26837,tvSeries,tt12439466
The Tourist,2010.0,"Action,Crime,Thriller",6.0,270028,movie,tt1243957
Truth or Dare,2021.0,"Crime,Drama,Romance",7.5,92,tvSeries,tt12440652
Hisss,2010.0,"Comedy,Drama,Horror",2.9,2021,movie,tt1244093
Game Over,2023.0,Documentary,6.2,103,movie,tt12445264
Captive,2008.0,Thriller,8.2,24,movie,tt1244663
The Mansion,2008.0,Comedy,8.0,18,tvSeries,tt1244676
Bromance,2008.0,Reality-TV,2.4,171,tvSeries,tt1244881
It's Okay to Not Be Okay,2020.0,"Comedy,Drama,Romance",8.5,46888,tvMiniSeries,tt12451520
Jail,2009.0,Drama,6.3,1473,movie,tt1245774
My Girl,2020.0,"Comedy,Drama,Romance",7.4,174,tvSeries,tt12470784
Bountiful Blessings,2011.0,Drama,6.5,9,tvSeries,tt12471194
Employee of the Month,2022.0,"Comedy,Crime",5.7,301,movie,tt12471970
The Bad Kids,2020.0,"Crime,Drama,Thriller",8.2,1875,tvSeries,tt12477942
The Artist,2008.0,"Comedy,Drama",7.1,523,movie,tt1248290
Sky Tour: The Movie,2020.0,"Documentary,Music",5.7,1077,movie,tt12486200
Twogether,2020.0,Reality-TV,8.4,615,tvSeries,tt12486430
Solo,2018.0,Drama,4.8,7,movie,tt12492582
After,2009.0,Drama,5.6,682,movie,tt1249363
Uncovered,2019.0,Action,5.5,34,movie,tt12499674
Dating Around: Brazil,2020.0,"Reality-TV,Romance",5.3,169,tvSeries,tt12502140
The Good Detective,2020.0,"Action,Drama,Mystery",7.6,1968,tvSeries,tt12504214
Undercover,1999.0,Crime,7.2,8,tvSeries,tt12516206
Justin Time,2010.0,"Adventure,Family",3.7,227,movie,tt1251735
Middle Men,2009.0,"Comedy,Crime,Drama",6.8,39068,movie,tt1251757
Captive,2008.0,"Action,Drama",5.8,416,movie,tt1252512
Ajab Prem Ki Ghazab Kahani,2009.0,"Action,Comedy,Musical",6.5,19286,movie,tt1252596
Graceful Friends,2020.0,"Crime,Drama,Mystery",7.0,230,tvSeries,tt12531492
Dark Forces,2020.0,"Action,Horror,Mystery",2.8,783,movie,tt12536776
Immortals,2011.0,"Action,Drama,Fantasy",6.0,184686,movie,tt1253864
Occupation,2009.0,"Drama,War",7.6,746,tvMiniSeries,tt1253869
Living in Bondage: Breaking Free,2019.0,"Drama,Fantasy",5.1,190,movie,tt12539758
Say I Do,2020.0,Reality-TV,7.9,630,tvSeries,tt12540060
Dark Desire,2020.0,"Crime,Drama,Mystery",6.5,10821,tvSeries,tt12540080
Blown Away,2020.0,"Crime,Drama,Romance",7.4,21,tvSeries,tt12544076
Chef,2018.0,"Comedy,Drama,Romance",3.8,54,movie,tt12557760
Private Lives,2020.0,"Crime,Drama,Romance",6.5,931,tvSeries,tt12560270
Convict,2014.0,"Drama,Thriller",5.1,75,movie,tt12561204
Raat Akeli Hai,2020.0,"Crime,Drama,Mystery",7.2,22981,movie,tt12567088
Juman,2019.0,"Drama,Romance",5.4,230,tvSeries,tt12567164
A Queen Is Born,2020.0,Reality-TV,6.1,181,tvSeries,tt12571792
Love,2020.0,"Drama,Thriller",6.9,1855,movie,tt12573294
Homemade,2020.0,Drama,6.1,963,tvMiniSeries,tt12574336
Mercy,2020.0,Drama,6.0,62,movie,tt12578728
Indian Matchmaking,2020.0,"Documentary,Family,News",6.3,4599,tvSeries,tt12580168
The Epic Tales of Captain Underpants in Space,2020.0,"Action,Animation,Comedy",6.4,258,tvSeries,tt12580610
Down to Earth with Zac Efron,2020.0,"Documentary,History,Reality-TV",8.0,8477,tvSeries,tt12585152
Southern Survival,2020.0,Reality-TV,5.4,527,tvSeries,tt12588286
Skin Decision: Before and After,2020.0,Reality-TV,6.0,507,tvSeries,tt12588326
We Are One,2020.0,Documentary,5.7,104,movie,tt12588398
The Business of Drugs,2020.0,Documentary,7.2,2008,tvMiniSeries,tt12588416
The Larva Island Movie,2020.0,"Adventure,Animation,Comedy",5.2,892,movie,tt12588448
Dear Santa,2020.0,"Documentary,Family",6.4,171,movie,tt12590534
Den of Thieves,2018.0,"Action,Crime,Drama",7.0,155313,movie,tt1259528
Dragons: Rescue Riders: Secrets of the Songwing,2020.0,"Action,Adventure,Animation",5.0,297,tvMovie,tt12599350
7 Days,2008.0,"Biography,Drama,Romance",6.8,601,movie,tt1260396
People You May Know,2020.0,Documentary,6.9,102,movie,tt12606876
Insatiable,2008.0,Thriller,7.3,40,movie,tt1261049
Sex and the City 2,2010.0,"Comedy,Drama,Romance",4.6,89083,movie,tt1261945
The Next Step,2020.0,"Comedy,Drama",5.6,7,movie,tt12622512
Offspring,2009.0,Horror,4.9,3422,movie,tt1262413
The Great Heist,2020.0,"Crime,Drama,Thriller",7.3,3256,tvSeries,tt12624844
Bad Blood,2021.0,Horror,3.1,186,movie,tt12628280
Happy Valley,2008.0,Documentary,6.5,85,movie,tt1263682
The Trial,2010.0,"Crime,Drama,Mystery",5.7,2108,movie,tt1264115
The Challenge,2020.0,Documentary,8.1,734,tvSeries,tt12642796
Bad Blood,2021.0,"Drama,History,Western",6.7,1621,movie,tt12653060
Hook,2020.0,"Drama,Romance,Sport",5.9,41,tvSeries,tt12656690
The Roommate,2011.0,"Drama,Horror,Thriller",4.8,44441,movie,tt1265990
Parks and Recreation,2009.0,Comedy,8.6,318597,tvSeries,tt1266020
Nowhere Boy,2009.0,"Biography,Drama,Music",7.1,41104,movie,tt1266029
The Underclass,2020.0,Drama,5.8,130,tvSeries,tt12665438
Mumbai Meri Jaan,2008.0,Drama,7.6,6794,movie,tt1266583
Grand Hotel,2008.0,Comedy,5.4,743,movie,tt1267831
Elles ont toutes une histoire,2016.0,Documentary,6.4,9,movie,tt12679522
Maska,1938.0,Drama,6.2,26,movie,tt1268244
The World Is Yours,2018.0,Family,7.0,7,tvSeries,tt12687080
Night on Earth: Shot in the Dark,2020.0,Documentary,7.6,453,movie,tt12687448
Tiger,2021.0,"Biography,Documentary,Sport",7.8,5425,tvMiniSeries,tt12688688
A Choo,2020.0,"Action,Comedy,Fantasy",5.5,500,movie,tt12689526
Homeland,2008.0,Drama,6.5,44,movie,tt1268967
Personal Shopper,2020.0,Drama,2.8,11,movie,tt12690902
The Innocents,2020.0,Drama,7.6,3747,tvSeries,tt12694046
Rita,2024.0,Drama,6.5,423,movie,tt12699704
Don't Be Afraid of the Dark,2010.0,"Fantasy,Horror,Thriller",5.5,52579,movie,tt1270761
Hole in the Wall,2017.0,Drama,6.4,152,movie,tt12715158
Ishqiya,2020.0,"Drama,Romance",7.8,1161,tvSeries,tt12718412
Mismatched,2020.0,"Comedy,Drama,Romance",6.0,7738,tvSeries,tt12719250
Seventeen,2008.0,"Drama,Family",6.5,22,movie,tt1271985
Aftershock,2008.0,"Action,Drama",5.7,257,tvMovie,tt1272002
Bondarchuk. Battle,2021.0,Documentary,5.3,20,movie,tt12720332
Boushkash,2008.0,"Comedy,Drama",5.4,1291,movie,tt1272034
Champions,2009.0,Comedy,6.1,53,movie,tt1272036
Game,2020.0,Drama,5.8,6,tvSeries,tt12720502
Dad Wanted,2020.0,"Comedy,Drama,Family",5.8,1287,movie,tt12721188
Mystery Lab,2020.0,"Animation,Comedy,Documentary",7.4,933,tvSeries,tt12723962
Anelka: Misunderstood,2020.0,"Documentary,Sport",6.4,3791,movie,tt12724622
Brotherhood,2010.0,"Crime,Drama,Thriller",6.3,4326,movie,tt1273241
The Spy Next Door,2010.0,"Action,Comedy,Family",5.5,50089,movie,tt1273678
Milk,2019.0,Documentary,3.3,40,movie,tt12739944
Paprika,2018.0,"Animation,Family",8.5,81,tvSeries,tt12740488
Blind Date,2020.0,Drama,7.1,14,tvSeries,tt12740704
Street Food: Latin America,2020.0,Documentary,7.7,1769,tvMiniSeries,tt12742136
Kaminey,2009.0,"Action,Crime,Drama",7.4,19108,movie,tt1274295
Bittersweet,2008.0,Drama,4.7,166,movie,tt1274717
The Witcher: A Look Inside the Episodes,2020.0,"Documentary,Short",6.8,221,tvSeries,tt12748032
Sing On! Germany,2020.0,"Game-Show,Music,Reality-TV",5.5,161,tvSeries,tt12748264
Word Party Songs,2020.0,"Animation,Family",3.7,31,tvSeries,tt12748268
The Game,2021.0,Drama,7.1,36,movie,tt12750828
World's Most Wanted,2020.0,"Crime,Documentary",7.1,3200,tvSeries,tt12753698
Immigration Nation,2020.0,Documentary,7.6,1309,tvSeries,tt12754910
Love Aaj Kal,2009.0,"Comedy,Drama,Romance",6.8,18542,movie,tt1275863
Tiny Creatures,2020.0,"Documentary,Drama,Family",5.1,1515,tvSeries,tt12759334
(Un)Well,2020.0,Documentary,6.4,1320,tvSeries,tt12759384
High Score,2020.0,Documentary,7.4,9423,tvMiniSeries,tt12759400
DeMarcus Family Rules,2020.0,Reality-TV,5.1,133,tvSeries,tt12759420
Monarca,2020.0,Sci-Fi,8.1,17,movie,tt12763776
Alien TV,2019.0,"Animation,Comedy,Family",6.5,442,tvSeries,tt12765530
Barbie Princess Adventure,2020.0,"Animation,Family,Musical",5.6,946,movie,tt12767498
The Pink Panther,1969.0,"Animation,Comedy,Family",7.7,2833,tvSeries,tt12768740
Bhaag Beanie Bhaag,2020.0,Comedy,3.5,6793,tvSeries,tt12775836
Hole in the Wall,2008.0,Game-Show,3.2,459,tvSeries,tt1277979
The Bridge,2010.0,"Crime,Drama",7.0,503,tvSeries,tt1278016
Lakshya,2021.0,Sport,5.4,673,movie,tt12780810
Detour,2009.0,"Horror,Thriller",5.2,1581,movie,tt1278124
In Between,2020.0,Romance,7.3,34,tvSeries,tt12784360
Toradora!,2008.0,"Animation,Comedy,Drama",7.9,23830,tvSeries,tt1279024
Kaleidoscope,2008.0,Drama,4.0,15,movie,tt1279090
A Wednesday,2008.0,"Action,Crime,Drama",8.1,86539,movie,tt1280558
Voice,2019.0,Thriller,7.5,89,tvSeries,tt12805786
Conspiracy,2007.0,Drama,5.1,42,tvMovie,tt1282101
Easy A,2010.0,"Comedy,Drama,Romance",7.0,447097,movie,tt1282140
Chaahat,2020.0,Drama,7.7,21,tvSeries,tt12826720
Static,2008.0,"Action,Sci-Fi,Thriller",4.4,515,tvMovie,tt1283906
One on One,2020.0,Drama,6.3,87,tvSeries,tt12839508
Moving On,2019.0,Drama,6.9,861,movie,tt12840926
Only,2008.0,Drama,7.1,149,movie,tt1284501
The Writer,2018.0,Drama,9.1,17,movie,tt1284535
Naked,2006.0,Animation,8.0,12,tvSeries,tt1284859
The Social Network,2010.0,"Biography,Drama",7.8,827313,movie,tt1285016
Do Do Sol Sol La La Sol,2020.0,"Comedy,Drama,Music",7.3,3427,tvMiniSeries,tt12850262
Record of Youth,2020.0,"Drama,Romance",7.2,4746,tvSeries,tt12850322
Victor,2009.0,Comedy,5.1,260,movie,tt1285228
Don 2,2011.0,"Action,Crime,Thriller",7.1,62359,movie,tt1285241
Dead Set,2008.0,"Drama,Horror,Reality-TV",7.5,22185,tvMiniSeries,tt1285482
True: Friendship Day,2020.0,"Animation,Family",6.9,41,tvMovie,tt12855976
Homeland,2011.0,Documentary,7.2,22,movie,tt12859734
Screwball,2008.0,Comedy,3.6,17,movie,tt1286654
Never Have I Ever,2009.0,Comedy,6.8,52,movie,tt1286749
Straight Up,1988.0,"Family,Fantasy",6.2,30,tvSeries,tt1286764
Start-Up,2020.0,"Comedy,Drama,Romance",7.9,19703,tvSeries,tt12867810
Compulsion,2008.0,Drama,6.2,338,tvMovie,tt1287323
The Invitation,2022.0,"Horror,Thriller",5.3,40979,movie,tt12873562
Cats & Dogs: The Revenge of Kitty Galore,2010.0,"Action,Comedy,Family",4.4,17444,movie,tt1287468
Felipe Esparza: Bad Decisions,2020.0,Comedy,5.6,240,tvMiniSeries,tt12875768
La Línea: Shadow of Narco,2020.0,"Crime,Documentary",6.4,494,tvMiniSeries,tt12875794
Happy New Year,2008.0,"Comedy,Drama,Romance",6.4,102,movie,tt1287839
The School Nurse Files,2020.0,"Comedy,Drama,Fantasy",6.3,1849,tvSeries,tt12879522
Million Dollar Beach House,2020.0,Reality-TV,4.3,944,tvSeries,tt12882136
Together,2008.0,Documentary,7.5,19,movie,tt1288400
Hole in the Wall,2008.0,Game-Show,2.5,36,tvSeries,tt1288431
Kaleidoscope,2012.0,"Comedy,Drama",8.1,15,movie,tt1288650
My Octopus Teacher,2020.0,"Documentary,Drama",8.1,72418,movie,tt12888462
The Guernsey Literary and Potato Peel Pie Society,2018.0,"Drama,Romance,War",7.3,58469,movie,tt1289403
All Together Now,1984.0,Comedy,5.0,33,tvMovie,tt1290051
Frank & Lola,2016.0,"Crime,Drama,Romance",5.9,6735,movie,tt1290138
1922,1984.0,Drama,5.2,21,tvSeries,tt1290141
Highway,2007.0,,3.2,17,movie,tt1290508
Ghost House,2014.0,"Animation,Short",7.8,19,tvSeries,tt12906314
The Perfect Date,2020.0,Romance,9.2,9,tvSeries,tt12907344
Teenage Mutant Ninja Turtles,2014.0,"Action,Adventure,Comedy",5.8,231727,movie,tt1291150
Bread Barbershop,2020.0,"Animation,Comedy,Family",6.4,339,tvSeries,tt12912830
Maria,2008.0,Drama,5.6,118,tvSeries,tt1291440
Raajneeti,2010.0,"Drama,Thriller",7.1,20364,movie,tt1291465
Hole in the Wall,2008.0,Game-Show,4.6,135,tvSeries,tt1291490
After Porn Ends,2012.0,Documentary,5.7,8319,movie,tt1291547
Warrior,2011.0,"Action,Drama,Sport",8.1,532919,movie,tt1291584
It's Her Day,2016.0,Comedy,5.9,16,movie,tt12916126
Chef's Table: BBQ,2020.0,Documentary,7.7,1455,tvMiniSeries,tt12917170
Bad Boy Billionaires: India,2020.0,"Biography,Crime,Documentary",7.8,3743,tvSeries,tt12923630
Bookmarks,2020.0,"Family,Short",5.8,382,tvSeries,tt12923664
Sing On!,2020.0,"Game-Show,Music",6.4,509,tvSeries,tt12923734
Oye Lucky! Lucky Oye!,2008.0,"Comedy,Crime,Drama",7.7,19841,movie,tt1292703
Goedam,2020.0,"Horror,Mystery,Short",5.7,1681,tvSeries,tt12929796
The Playbook,2020.0,"Documentary,Sport",7.4,1900,tvSeries,tt12930602
Little Singham: Kaal Ka Badla,2020.0,"Action,Animation",8.1,102,movie,tt12934616
The American Barbecue Showdown,2020.0,"Game-Show,Reality-TV",7.2,2196,tvSeries,tt12938472
A Perfect Crime,2020.0,"Crime,Documentary",7.3,1827,tvMiniSeries,tt12939836
Last Night,2010.0,"Drama,Romance",6.5,52876,movie,tt1294688
Champions,2008.0,Action,5.1,282,movie,tt1296068
The Bridge,2020.0,"Game-Show,Reality-TV",6.8,219,tvSeries,tt12962104
Tees Maar Khan,1963.0,Drama,5.9,20,movie,tt1296444
The End,2020.0,Drama,7.4,15,tvMiniSeries,tt12969720
The Call,2020.0,"Horror,Mystery,Thriller",4.3,5882,movie,tt12971924
Solo,2008.0,Documentary,7.6,400,movie,tt1297301
The Family,2008.0,Documentary,8.4,72,tvSeries,tt1297358
Republic of Doyle,2010.0,"Comedy,Crime,Drama",7.6,5190,tvSeries,tt1297754
GIMS: On the Record,2020.0,"Documentary,Music",6.8,250,movie,tt12982218
Titipo Titipo,2019.0,"Adventure,Animation,Comedy",6.7,62,tvSeries,tt12987396
Country Ever After,2020.0,"Music,Reality-TV",6.9,200,tvSeries,tt12987872
American Murder: The Family Next Door,2020.0,"Crime,Documentary",7.2,38413,movie,tt12987894
"Good Morning, Verônica",2020.0,"Crime,Drama,Mystery",7.4,7468,tvSeries,tt12987918
What Color Is Love?,2009.0,"Biography,Drama",5.8,397,tvMovie,tt1299377
Brothers,2020.0,"Crime,Drama",5.7,288,tvSeries,tt13003038
"Whose Vote Counts, Explained",2020.0,Documentary,7.3,1451,tvMiniSeries,tt13005714
The Rainbow Troops,2008.0,"Adventure,Drama,Family",7.9,2873,movie,tt1301264
House of Cards,2008.0,"Comedy,Drama",7.0,9,movie,tt1301270
1920,2008.0,"Horror,Mystery,Thriller",6.5,4890,movie,tt1301698
The Irishman,2019.0,"Biography,Crime,Drama",7.8,478461,movie,tt1302006
Pink,2007.0,Action,6.9,79,tvSeries,tt1302137
Cannabis,2020.0,Documentary,8.5,35,tvSeries,tt13021494
The End,2021.0,"Comedy,Thriller",3.9,115,movie,tt13024906
Desire,1986.0,"Drama,Romance",6.1,16,movie,tt1303243
Sahara,2018.0,Documentary,7.9,8,tvSeries,tt13032914
Horrid Henry's Gross Day Out,2020.0,"Action,Adventure,Animation",6.3,83,movie,tt13034096
Cave,2008.0,Drama,4.9,21,tvMovie,tt1303758
La Révolution,2020.0,"Adventure,Drama,Fantasy",6.6,7140,tvSeries,tt13044528
Power Rangers RPM,2009.0,"Action,Adventure,Comedy",6.7,2447,tvSeries,tt1304612
Badla,1968.0,Musical,6.0,8,movie,tt1305001
Dostana,1982.0,Comedy,1.8,31,movie,tt1305019
The Captive,2008.0,Sci-Fi,7.8,22,tvMovie,tt1305063
A California Christmas,2020.0,"Comedy,Drama,Romance",5.9,12522,movie,tt13055780
Miles Davis: Birth of the Cool,2019.0,"Biography,Documentary,Music",7.5,1787,movie,tt1305619
Alice in Borderland,2014.0,"Action,Animation,Fantasy",6.8,1206,tvMiniSeries,tt13056398
The Platform,2020.0,Drama,6.2,459,tvSeries,tt13057984
All Together Now,2008.0,Documentary,7.5,275,movie,tt1305839
Redemption,2020.0,"Action,Crime,Drama",6.5,203,tvSeries,tt13064552
Game,2007.0,"Action,Crime,Drama",5.4,37,movie,tt1306975
50/50,2011.0,"Comedy,Drama,Romance",7.6,356053,movie,tt1306980
Cabin Fever,2020.0,"Comedy,Drama",7.8,6,tvMiniSeries,tt13069882
Redemption,2009.0,"Action,Crime,Drama",3.4,570,movie,tt1307002
Set Off,2008.0,"Action,Comedy,Crime",6.3,307,movie,tt1307008
Deaf U,2020.0,"Drama,Reality-TV",6.4,556,tvSeries,tt13070478
The Bachelor,2020.0,Reality-TV,3.0,40,tvSeries,tt13072446
Tiger,2020.0,,6.3,7,tvMiniSeries,tt13080892
Awake,2019.0,Drama,7.5,47,tvSeries,tt13081874
Three,2008.0,Mystery,4.5,22,movie,tt1308670
The Happytime Murders,2018.0,"Action,Comedy,Crime",5.5,32415,movie,tt1308728
Trophy,2020.0,"Drama,Thriller",6.9,19,tvMovie,tt13091082
Bad Seeds,2021.0,"Crime,Drama,Thriller",6.0,31,tvMovie,tt13101172
All Because of You,2020.0,"Action,Comedy,Romance",4.2,298,movie,tt13106900
Song Exploder,2020.0,"Documentary,Music",7.4,943,tvSeries,tt13110256
At All Costs,2020.0,Documentary,8.6,12,movie,tt13117984
You've Got This,2020.0,"Comedy,Romance",5.9,1602,movie,tt13118012
Look for a Star,2009.0,"Comedy,Romance",5.6,868,movie,tt1312156
The Umbrella Academy,2019.0,"Action,Adventure,Comedy",7.8,317587,tvSeries,tt1312171
Fearless,2016.0,"Comedy,Drama,Musical",6.0,32,movie,tt1312235
Scarecrow,2020.0,Drama,6.2,584,movie,tt13124586
The Man Who Would Be Polka King,2009.0,"Crime,Documentary,Music",6.3,686,movie,tt1313047
El desconocido,2008.0,"Drama,Mystery",7.3,24,movie,tt1313106
Enemy,2021.0,"Action,Drama,Thriller",6.1,5369,movie,tt13131186
Hit & Run,2008.0,Crime,5.9,31,tvMovie,tt1313255
The Ritual,2021.0,Comedy,2.7,175,movie,tt13141604
Welcome,2009.0,Drama,7.5,7838,movie,tt1314280
Peter Rabbit,2020.0,Drama,6.3,12,movie,tt13150474
Octonauts & the Great Barrier Reef,2020.0,"Adventure,Animation,Comedy",7.0,287,movie,tt13150606
Secrets of the Saqqara Tomb,2020.0,"Documentary,History",7.2,7635,movie,tt13150630
Quicksand,2021.0,Drama,6.5,144,movie,tt13153754
The Truth,2010.0,Thriller,4.7,1312,movie,tt1315419
A Single Man,2009.0,"Drama,Romance,Thriller",7.5,122638,movie,tt1315981
Life 2.0,2020.0,"Documentary,Family,Reality-TV",7.8,24,tvSeries,tt13160256
Equestria Girls: Tales of Canterlot High,2017.0,"Animation,Family",7.7,78,tvMiniSeries,tt13160278
Made in China,2009.0,Comedy,5.8,283,movie,tt1316064
Dream Home Makeover,2020.0,Reality-TV,5.8,1700,tvSeries,tt13161310
Bigflo & Oli: Hip Hop Frenzy,2020.0,"Documentary,Music",6.5,159,movie,tt13161318
In My Country,2017.0,Action,7.4,23,movie,tt13163252
Delhi Belly,2001.0,,8.6,13,tvSeries,tt1316501
Black Butler,2008.0,"Action,Animation,Comedy",7.6,11395,tvSeries,tt1316554
Detention,2020.0,"Drama,Horror,Mystery",6.4,736,tvMiniSeries,tt13175760
Uncovered,2016.0,Documentary,7.1,20,tvSeries,tt13187854
The King,2022.0,"Crime,Drama",6.9,575,tvSeries,tt13190882
Dracula,1999.0,Horror,4.0,35,movie,tt1319563
The End,2008.0,,7.3,10,movie,tt1319564
Royal Pains,2009.0,"Comedy,Drama",7.2,24973,tvSeries,tt1319735
The Last Exorcism,2010.0,"Horror,Mystery,Thriller",5.7,54644,movie,tt1320244
The Three Deaths of Marisela Escobedo,2020.0,"Crime,Documentary",8.1,2272,movie,tt13206564
The Boys in the Band: Something Personal,2020.0,Documentary,7.2,444,tvMovie,tt13206842
Paava Kadhaigal,2020.0,Drama,8.0,6286,tvMiniSeries,tt13206988
Polly Pocket,2011.0,"Animation,Family",6.8,66,tvSeries,tt13210196
The Rope Curse 2,2020.0,Horror,4.8,642,movie,tt13212006
Death at a Funeral,2010.0,"Comedy,Drama",5.7,57470,movie,tt1321509
The Lovers,2015.0,"Action,Adventure,Romance",4.6,3612,movie,tt1321869
The Devil We Know,2011.0,Documentary,7.0,7,movie,tt13222244
Aurora,2009.0,"Drama,Horror",6.2,14,movie,tt1322270
The First Lady,2022.0,"Biography,Drama,History",7.3,6562,tvSeries,tt13223570
Bittersweet,2020.0,Drama,8.2,22,movie,tt13223734
Alone,2008.0,"Drama,Romance",6.8,26196,movie,tt1322930
The Underwear,2017.0,Drama,7.5,13,tvSeries,tt13231272
Operation Christmas Drop,2020.0,"Comedy,Family,Romance",5.9,14102,movie,tt13236566
Fractured,2020.0,Drama,7.1,2501,movie,tt13238110
The Family,2021.0,Thriller,4.9,241,movie,tt13238670
The End,2008.0,"Crime,Documentary",6.5,321,movie,tt1323914
Together,2009.0,Drama,6.6,239,movie,tt1324056
Wake Up Sid,2009.0,"Comedy,Drama,Romance",7.6,37782,movie,tt1324059
Carmel: Who Killed Maria Marta?,2020.0,"Crime,Documentary,Mystery",7.0,2989,tvMiniSeries,tt13244092
Sisters,2020.0,Comedy,7.8,15,tvSeries,tt13254320
Holiday Home Makeover with Mr. Christmas,2020.0,Reality-TV,5.9,374,tvSeries,tt13255112
Medal of Honor,2008.0,"Documentary,History,War",7.7,120,tvMovie,tt1325593
Watchman,1986.0,Drama,6.6,55,movie,tt1325670
Angela's Christmas Wish,2020.0,"Adventure,Animation,Comedy",7.1,2116,movie,tt13260836
Mine,2009.0,Documentary,7.8,253,movie,tt1326247
The Art of the Steal,2009.0,Documentary,7.5,2580,movie,tt1326733
Our House,2010.0,Documentary,7.9,10,movie,tt1326835
Oh My God,2009.0,Documentary,6.1,498,movie,tt1326954
Dev.D,2009.0,"Comedy,Drama,Romance",7.9,34675,movie,tt1327035
Run On,2020.0,"Drama,Romance",7.3,6913,tvSeries,tt13271834
Hush,2020.0,"Comedy,Drama",6.7,302,tvSeries,tt13273670
The Uncanny Counter,2020.0,"Action,Drama,Fantasy",8.0,15501,tvSeries,tt13273826
Alakada Reloaded,2017.0,Comedy,2.3,34,movie,tt13275228
The Box,2021.0,"Crime,Horror,Thriller",4.0,556,tvSeries,tt13275654
Towies,2016.0,Reality-TV,6.7,16,tvSeries,tt13275924
Zero Hour,2016.0,Drama,6.6,12,tvSeries,tt13275986
Shawn Mendes: In Wonder,2020.0,"Documentary,Music",6.5,2324,movie,tt13276386
Glee,2009.0,"Comedy,Drama,Music",6.8,162334,tvSeries,tt1327801
Brotherhood,2009.0,"Drama,Romance",7.0,3550,movie,tt1327820
What We Wanted,2020.0,Drama,5.9,2208,movie,tt13279528
El Che,2017.0,"Biography,Documentary,History",7.1,25,movie,tt13281426
The Family,2021.0,Drama,7.1,503,movie,tt13282344
Awake,2020.0,"Drama,Sport",5.8,160,movie,tt13292444
Taare Zameen Par,2020.0,"Game-Show,Music",6.8,55,tvSeries,tt13300004
The Outsiders,2009.0,Documentary,6.6,41,movie,tt1330047
Alone,2021.0,Thriller,6.2,32,movie,tt13315004
First Kill,2022.0,"Drama,Horror,Mystery",6.5,31327,tvSeries,tt13315156
The Calling,2021.0,Thriller,4.2,24,movie,tt13315654
Aunty Donna's Big Ol' House of Fun,2020.0,Comedy,7.9,7559,tvSeries,tt13316746
The Devil Punisher,2020.0,"Fantasy,Mystery,Romance",5.8,274,tvSeries,tt13317376
The Club,2021.0,"Drama,History",7.8,13097,tvSeries,tt13317582
Midnight at the Magnolia,2020.0,"Comedy,Romance",5.8,6458,movie,tt13318052
Dark Skies,2009.0,"Action,Horror,Sci-Fi",4.0,463,tvMovie,tt1332033
The Code,2021.0,"Crime,Drama,Thriller",7.0,137,tvSeries,tt13327060
Finding Agnes,2020.0,Drama,5.0,242,movie,tt13328840
Voices of Fire,2020.0,"Music,Reality-TV",6.9,449,tvSeries,tt13329282
Primal Fear,2008.0,Documentary,4.7,24,tvMovie,tt1333105
Movie 43,2013.0,Comedy,4.4,121394,movie,tt1333125
War,2020.0,Drama,5.8,35,movie,tt13334054
Sergio,2009.0,"Biography,Documentary",7.4,1013,movie,tt1333656
Chalte Chalte,2007.0,Drama,7.6,11,tvSeries,tt1333693
Truth or Dare,2021.0,Thriller,5.4,14,movie,tt13338724
Satrangi,2008.0,"Adventure,Comedy,Drama",7.9,65,tvSeries,tt1333920
Homeland,2010.0,"Drama,Thriller",5.4,474,movie,tt1334318
Arthur,2011.0,"Comedy,Romance",5.7,53996,movie,tt1334512
Brothers,2008.0,Drama,7.5,53,movie,tt1334519
Funny Boy,2020.0,Drama,6.5,1030,movie,tt13345636
Thank You,2022.0,Drama,6.0,1590,movie,tt13350066
Traitor,2019.0,Thriller,7.7,233,tvSeries,tt13353444
Notes for My Son,2020.0,Drama,6.5,1120,movie,tt13353486
Just Another Christmas,2020.0,"Comedy,Drama,Fantasy",6.7,6444,movie,tt13354204
My Pride,2020.0,"Adventure,Animation,Drama",7.7,78,tvSeries,tt13357040
The Hollow,2007.0,Drama,4.7,60,movie,tt1336021
Trial 4,2020.0,"Crime,Documentary",7.5,2602,tvMiniSeries,tt13363298
Made in Mexico,2021.0,Comedy,7.6,37,movie,tt13363646
Maria,2021.0,Comedy,6.0,133,movie,tt13366978
"As Above, So Below",2020.0,Documentary,6.7,17,movie,tt13368518
Trailer Park Boys: Countdown to Liquor Day,2009.0,"Comedy,Crime",7.3,8335,movie,tt1337032
Innocent,2020.0,"Drama,Thriller",7.6,33,tvMiniSeries,tt13370380
Holy Hell,2009.0,"Comedy,Horror",6.9,32,movie,tt1337109
Invisible,2007.0,Documentary,8.0,20,movie,tt1337643
Girl's Revenge,2020.0,Drama,5.9,360,movie,tt13388018
The Chosen One,2009.0,"Fantasy,Horror,Mystery",4.2,54,movie,tt1339065
Demonic,2021.0,"Drama,Horror,Sci-Fi",4.3,6839,movie,tt13392012
Lovestruck in the City,2020.0,"Drama,Romance",7.5,5863,tvMiniSeries,tt13394544
Defying the Nazis: The Sharps' War,2016.0,"Biography,Documentary,History",7.2,706,movie,tt1339660
Run,2022.0,Drama,4.6,51,movie,tt13399534
The Game,2022.0,"Drama,History,Thriller",7.1,1460,movie,tt13400142
The Crow,2024.0,"Action,Crime,Fantasy",4.7,42723,movie,tt1340094
The Secret,2008.0,Drama,7.0,29,movie,tt1340124
Black Lightning,2008.0,"Comedy,Crime",5.0,159,movie,tt1340635
Moving On,2009.0,Drama,7.4,645,tvSeries,tt1340758
The Decline,2020.0,Documentary,5.5,69,movie,tt13410288
Traitor,2022.0,"Action,Crime,Drama",6.3,124,tvSeries,tt13411490
Chico Bon Bon and the Very Berry Holiday,2020.0,"Animation,Family",5.4,61,tvMovie,tt13411942
One by Two,2020.0,"Comedy,Drama,Romance",8.6,24,tvSeries,tt13416756
Cycle,2008.0,"Comedy,Drama,Thriller",6.3,267,movie,tt1343080
Paradox,2010.0,"Sci-Fi,Thriller",4.6,647,movie,tt1343740
The Governor,2009.0,"Action,Crime,Drama",7.3,5250,movie,tt1344355
Charmed,2018.0,Romance,4.8,43,movie,tt13444424
Christmas Crossfire,2020.0,"Comedy,Crime,Thriller",4.8,1757,movie,tt13446424
Sun Dogs,2009.0,Drama,8.2,15,movie,tt1344667
Mud,2009.0,"Drama,Fantasy",7.9,51,movie,tt1344737
Hinterland,2021.0,"Crime,Drama,History",6.2,1984,movie,tt13450470
Ava,2021.0,Drama,7.6,108,movie,tt13451514
Fabulous Lives of Bollywood Wives,2020.0,"Documentary,Reality-TV,Romance",4.1,10648,tvSeries,tt13452100
Rebellion,2009.0,"Action,Crime,Thriller",6.1,354,movie,tt1345525
Ishqiya,2010.0,"Comedy,Drama,Romance",7.3,11484,movie,tt1345777
Scandal,2008.0,Drama,8.0,14,tvSeries,tt1346141
Alien Worlds,2020.0,"Animation,Documentary,Sci-Fi",6.6,4616,tvSeries,tt13464340
The Box,2003.0,"Drama,Sci-Fi",6.9,68,movie,tt1346954
Her,2009.0,Drama,6.6,16,movie,tt1347522
40 Sticks,2020.0,Thriller,5.5,164,movie,tt13483050
The Surgeon's Cut,2020.0,Documentary,8.4,1368,tvSeries,tt13487106
Match,2022.0,Drama,5.3,24,movie,tt13490000
The Ripper,2020.0,"Crime,Documentary",7.1,12049,tvMiniSeries,tt13492374
The Chase,2021.0,"Game-Show,Reality-TV",6.5,879,tvSeries,tt13496094
Beyond the Clouds,2020.0,Documentary,8.9,30,tvMiniSeries,tt13496456
Toro,2023.0,Documentary,8.1,17,movie,tt13498664
The Match,2025.0,"Biography,Drama,Sport",6.8,2759,movie,tt13498824
Fukrey Boyzzz: Space Mein Fukrapanti,2020.0,"Animation,Comedy,Family",8.0,34,movie,tt13502066
The Pink Panther,1964.0,"Animation,Comedy,Family",7.7,840,tvSeries,tt13505014
Redemption,2011.0,"Adventure,Drama,Romance",3.3,141,movie,tt1350546
Undercover,2005.0,Comedy,7.0,9,tvSeries,tt1350616
Good Luck,2012.0,Drama,7.2,9,movie,tt13507780
Qismat,1974.0,,1.7,24,movie,tt1351299
Carrie,1965.0,Musical,6.7,7,tvMovie,tt1351632
Talentime,2009.0,Drama,7.4,302,movie,tt1351669
Be with You,2020.0,"Comedy,Drama,Romance",7.1,220,tvSeries,tt13517000
Wolf,2021.0,Thriller,4.4,281,movie,tt13519510
The Hollow,2020.0,Thriller,5.7,19,tvMovie,tt13521376
The Netflix Afterparty,2020.0,Talk-Show,3.7,578,tvSeries,tt13521850
Psycho,2020.0,Documentary,6.8,6,tvMiniSeries,tt13526308
Chloe,2009.0,"Drama,Mystery,Thriller",6.2,83838,movie,tt1352824
Shawn Mendes: Live in Concert,2020.0,Music,7.3,468,movie,tt13528990
Rhyme Time Town Singalongs,2020.0,"Animation,Family",7.1,29,tvSeries,tt13530018
Boss,2020.0,Romance,7.8,13,tvSeries,tt13535446
Heart & Soul,2020.0,Drama,7.1,14,tvSeries,tt13539242
Room 2806: The Accusation,2020.0,"Crime,Documentary",7.0,2626,tvMiniSeries,tt13540900
Little Monsters,2016.0,Comedy,7.9,12,tvSeries,tt13544844
Let's Dance,2006.0,"Family,Game-Show,Reality-TV",3.4,21,tvSeries,tt1354668
Single,2020.0,Drama,7.4,17,tvMovie,tt13546696
Daddy Issues,2020.0,Comedy,7.6,14,movie,tt13549904
End Game,2009.0,"Action,Drama,Mystery",2.2,354,movie,tt1355260
Wakefield,2021.0,Mystery,7.6,1908,tvMiniSeries,tt13556320
Fullmetal Alchemist: Brotherhood,2009.0,"Action,Adventure,Animation",9.1,256283,tvSeries,tt1355642
Icarus,2022.0,"Adventure,Animation,Drama",6.7,588,movie,tt13558022
Best Leftovers Ever!,2020.0,"Game-Show,Reality-TV",5.7,710,tvSeries,tt13563634
I Am Divine,2013.0,Documentary,7.5,3325,movie,tt1356790
The Gift,2020.0,"Family,Musical",4.8,11,movie,tt13573050
Simon,2023.0,Drama,7.5,1963,movie,tt13580840
The Minimalists: Less Is Now,2021.0,Documentary,5.9,5703,movie,tt13583144
The Twelve,2022.0,"Crime,Drama,Thriller",7.0,3211,tvMiniSeries,tt13589004
Zero,2024.0,"Action,Comedy,Thriller",4.7,333,movie,tt13598080
Losers,2022.0,"Comedy,Drama",6.1,26,movie,tt13599922
She,2013.0,Drama,5.9,19,movie,tt13601540
Voice,2009.0,Drama,7.0,89,tvSeries,tt1360697
Schulz Saves America,2020.0,Comedy,7.2,1311,tvSeries,tt13607518
An Unremarkable Christmas,2020.0,"Comedy,Drama",3.3,178,tvMovie,tt13607632
Hero,2022.0,Drama,4.8,163,movie,tt13611620
The Devil Inside,2020.0,"Drama,Thriller",5.5,166,tvMovie,tt13612874
Good People,2014.0,"Action,Adventure,Crime",5.5,18022,movie,tt1361318
The Mire,2023.0,"Drama,Thriller",7.2,38,movie,tt13614196
Lucifer,1991.0,"Action,Drama,Thriller",4.5,21,movie,tt13614446
Headspace Guide to Meditation,2021.0,"Animation,Documentary",8.3,2047,tvMiniSeries,tt13617024
History of Swear Words,2021.0,"Comedy,Documentary",6.4,5844,tvSeries,tt13617060
Losers,2020.0,Crime,6.7,10,movie,tt13618244
The Silence,2010.0,"Crime,Drama,Thriller",6.9,9044,movie,tt1361835
Killa,2017.0,Drama,4.6,10,movie,tt13624866
Dollar,1988.0,Thriller,5.1,27,movie,tt1363365
Undercover,2021.0,"Drama,Thriller",7.5,367,tvSeries,tt13634530
Roots,2021.0,Documentary,7.8,14,movie,tt13635798
Employee of the Month,2022.0,Comedy,6.2,2553,movie,tt13639204
A Love So Beautiful,2020.0,"Comedy,Romance",7.2,2499,tvSeries,tt13642264
President,2021.0,Documentary,7.7,481,movie,tt13648222
How It Ends,2021.0,"Comedy,Drama",5.4,5181,movie,tt13648228
Oh My Ghost,2021.0,Drama,6.9,18,movie,tt13648682
Surviving Death,2021.0,"Documentary,Reality-TV",6.2,2634,tvSeries,tt13649692
"Crack: Cocaine, Corruption & Conspiracy",2021.0,"Crime,Documentary,History",6.7,4207,movie,tt13649700
Beasts of No Nation,2015.0,"Drama,War",7.7,92103,movie,tt1365050
Borderline,2025.0,"Comedy,Horror,Thriller",5.5,10658,movie,tt13650814
Night Stalker: The Hunt for a Serial Killer,2021.0,"Crime,Documentary,Mystery",7.5,34305,tvMiniSeries,tt13651632
The Queen,2009.0,"Drama,History",7.3,165,tvSeries,tt1365539
Bling Empire,2021.0,Reality-TV,5.8,3921,tvSeries,tt13660962
The Player,2021.0,"Drama,Mystery,Romance",8.0,85,tvSeries,tt13662312
The Take,2009.0,"Crime,Drama,Thriller",7.7,10190,tvMiniSeries,tt1366321
What Happened to Mr. Cha?,2021.0,"Comedy,Drama",4.4,429,movie,tt13667212
Rocky,2023.0,"Animation,Comedy,Drama",3.3,8,tvSeries,tt13668290
Home for Christmas,1978.0,Documentary,8.0,20,movie,tt13678266
DNA,2020.0,Thriller,5.7,53,tvSeries,tt13678522
Medium,2021.0,Horror,4.8,26,movie,tt13680732
Merantau Warrior,2009.0,"Action,Drama,Thriller",6.7,12102,movie,tt1368116
Tony Parker: The Final Shot,2021.0,"Biography,Documentary,Sport",6.8,1694,movie,tt13696668
Boys Over Flowers,2009.0,"Comedy,Drama,Romance",7.7,17411,tvSeries,tt1370334
Cargo,2021.0,Comedy,5.7,42,movie,tt13705098
Three,2020.0,"Crime,Mystery,Thriller",5.7,114,movie,tt13705660
Mighty Little Bheem: Kite Festival,2021.0,"Animation,Comedy,Family",6.3,36,tvSeries,tt13711094
Cloud Atlas,2012.0,"Drama,Mystery,Sci-Fi",7.3,388122,movie,tt1371111
Doubt,2009.0,"Drama,Mystery,Romance",5.9,754,movie,tt1371723
Kisaan,2009.0,"Action,Crime,Drama",5.5,361,movie,tt1372266
Naked,2009.0,,8.4,9,tvSeries,tt1372565
SanPa: Sins of the Savior,2020.0,"Crime,Documentary",7.7,1862,tvMiniSeries,tt13731400
Karthik Calling Karthik,2010.0,"Drama,Mystery,Romance",7.2,16952,movie,tt1373156
The Gift,2025.0,Documentary,9.2,22,movie,tt13742604
We Need to Talk,2021.0,Comedy,7.3,214,tvMiniSeries,tt13743946
President,2009.0,Documentary,7.7,20,movie,tt1374935
Inception,2010.0,"Adventure,Sci-Fi,Thriller",8.8,2860750,movie,tt1375666
Redemption,2009.0,Documentary,8.4,9,movie,tt1375668
Lost Girl,2009.0,Drama,5.0,20,movie,tt1375747
Race 2,2013.0,"Action,Crime,Thriller",5.4,18615,movie,tt1375789
Taxi Driver,2021.0,"Action,Crime,Drama",8.1,10024,tvSeries,tt13759970
Point Blank,2021.0,"Crime,Drama",6.9,1621,movie,tt13760814
Cursed,2024.0,Horror,3.9,254,movie,tt13764666
Ne Zha,2021.0,"Action,Drama,Sport",5.4,287,movie,tt13767804
6 Days,2009.0,"Comedy,Drama",5.3,15,movie,tt1377259
Jackpot,2020.0,"Crime,Drama,Thriller",6.4,221,tvMovie,tt13779520
The Mistress,2022.0,"Horror,Thriller",4.3,1059,movie,tt13780990
The Last Summer,2008.0,Comedy,7.5,9,movie,tt1378275
Fukrey Boyzzz,2019.0,"Animation,Comedy",7.3,58,tvSeries,tt13788916
Stretch Armstrong & the Flex Fighters,2017.0,"Action,Adventure,Animation",6.3,435,tvSeries,tt1379164
Taxi Driver,2020.0,Drama,3.2,14,movie,tt13799636
Rebirth,2011.0,Documentary,7.3,203,movie,tt1380279
A Second Chance,2022.0,Family,5.4,13,movie,tt13804934
Material,2009.0,Documentary,7.0,78,movie,tt1380807
The Stanford Prison Experiment,2002.0,Documentary,6.5,22,tvMovie,tt13817216
Chosen,2022.0,Documentary,8.2,20,movie,tt13818942
Apaches,2023.0,"Action,Drama,History",5.3,952,movie,tt13823990
The Truth,2020.0,"Horror,Mystery",6.9,34,movie,tt13826620
You Changed My Life,2009.0,"Comedy,Drama,Romance",6.6,296,movie,tt1382687
Border Patrol,2004.0,Reality-TV,6.1,46,tvSeries,tt13839444
The Charming Stepmom,2019.0,"Comedy,Family,Romance",7.1,37,tvSeries,tt13846404
The Box,2021.0,Drama,6.6,988,movie,tt13846544
Unrequited Love,2021.0,Drama,7.3,59,tvSeries,tt13847742
Psycho,2008.0,"Drama,Thriller",6.8,14,movie,tt13847790
Dark House,2014.0,"Horror,Mystery,Thriller",4.7,2940,movie,tt1385543
The Last Resort,2017.0,Reality-TV,5.7,7,tvSeries,tt13858216
The Other Guys,2010.0,"Action,Comedy,Crime",6.7,312730,movie,tt1386588
Wish You,2021.0,"Drama,Music,Romance",6.4,1417,movie,tt13866142
Scandal,2021.0,"Drama,Romance,Thriller",4.9,31,tvSeries,tt13866548
Shimmer Lake,2017.0,"Action,Comedy,Crime",6.3,17990,movie,tt1386691
Total Recall,2012.0,"Action,Adventure,Sci-Fi",6.2,277490,movie,tt1386703
Ip Man 2,2010.0,"Action,Biography,Drama",7.5,117667,movie,tt1386932
Lifeline,2021.0,"Drama,Thriller",5.9,39,movie,tt13873466
The Bridge,2021.0,Drama,4.0,112,movie,tt13873530
Pari,2008.0,"Drama,Thriller",5.1,37,movie,tt1388358
Aurora,2021.0,Drama,6.1,115,movie,tt13885900
I Am,2009.0,Drama,6.1,478,movie,tt1388924
Playing for Keeps,2021.0,Crime,6.3,17,movie,tt13892682
Hush,2009.0,Documentary,6.7,13,tvMovie,tt1389449
The Call,2023.0,Thriller,5.5,60,movie,tt13897346
Miss Julie,2009.0,Drama,5.0,23,movie,tt1390476
Mute,2020.0,Romance,6.8,19,tvMiniSeries,tt13906244
Bodyguard,2011.0,Drama,3.8,17,movie,tt13906376
Prince,2011.0,Drama,5.3,53,movie,tt13906938
Jackpot,2009.0,Drama,5.6,189,movie,tt1390841
Dhoondte Reh Jaoge,2009.0,"Comedy,Crime,Drama",5.7,1127,movie,tt1391544
Heart & Soul,2023.0,Documentary,8.4,38,movie,tt13915868
Liar's Dice,2009.0,Thriller,6.4,18,movie,tt1391700
Cooked,2025.0,"Comedy,Drama",5.5,24,movie,tt13919594
Veronica,2008.0,"Action,Crime,Drama",6.6,525,movie,tt1392261
Chance Pe Dance,2010.0,"Comedy,Drama,Music",4.8,3305,movie,tt1392744
Misfit,2021.0,"Comedy,Family,Musical",6.2,147,movie,tt13936582
Aftershock,2010.0,"Drama,History",7.5,10313,movie,tt1393746
Desire,2009.0,Drama,5.8,31,movie,tt1393840
Kingdom: Legendary War,2021.0,"Music,Reality-TV",7.8,227,tvSeries,tt13940632
Delirium,2023.0,Horror,5.3,183,movie,tt13942538
Once Upon a Time in Mumbaai,2010.0,"Action,Crime,Drama",7.4,21568,movie,tt1395054
Diamond City,2018.0,"Crime,Drama",8.0,44,tvSeries,tt13953182
Mine,2009.0,Drama,5.3,68,movie,tt1395767
Action Replayy,2010.0,"Comedy,Romance,Sci-Fi",4.4,8119,movie,tt1396208
Dinotrux,2015.0,"Action,Adventure,Animation",6.7,728,tvSeries,tt1396212
Revenge of the Green Dragons,2014.0,"Action,Crime,Drama",5.3,4553,movie,tt1396523
Inconceivable,2020.0,Drama,7.5,52,tvSeries,tt13974614
Shiva,2012.0,Drama,6.0,25,movie,tt13978790
The Dancer,2021.0,"Game-Show,Music",8.0,6,tvSeries,tt13986246
Hero,2021.0,"Action,Comedy",6.4,977,movie,tt13986904
Winter's Bone,2010.0,"Crime,Drama,Mystery",7.1,158687,movie,tt1399683
Unknown,2011.0,"Action,Mystery,Thriller",6.8,277355,movie,tt1401152
A Boy Called Po,2016.0,"Drama,Fantasy",6.4,1869,movie,tt1401621
Figaro Pho,2009.0,"Animation,Comedy",6.4,327,tvSeries,tt1401650
Korean Pork Belly Rhapsody,2020.0,Documentary,7.5,134,tvSeries,tt14017966
Slam,2022.0,Drama,7.0,57,movie,tt14022920
Mine,2021.0,"Drama,Mystery",7.6,2231,tvSeries,tt14023192
Abhinetri,1965.0,"Drama,Family",6.9,11,movie,tt1402397
Aurora,2010.0,Drama,6.5,2206,movie,tt1403047
Wolves,2014.0,"Action,Fantasy,Horror",5.3,11163,movie,tt1403241
Intersection,2021.0,"Drama,Mystery,Thriller",7.5,20,tvMiniSeries,tt14037130
All Together Now,2021.0,Music,5.3,16,tvSeries,tt14037476
True Grit,2010.0,"Drama,Western",7.6,378879,movie,tt1403865
Don't Go Breaking My Heart,2021.0,"Comedy,Romance",6.6,1489,tvMovie,tt14039046
Murder Party,2022.0,"Comedy,Crime,Mystery",5.0,1054,movie,tt14039346
Genius,2009.0,"Comedy,Talk-Show",7.5,72,tvSeries,tt1403968
Remember Me,2010.0,"Drama,Romance",7.1,165667,movie,tt1403981
Love,2008.0,Romance,7.3,51,movie,tt1404048
Refugee,2006.0,"Action,Drama,Romance",5.6,132,movie,tt1404077
The Chosen One,2023.0,"Action,Adventure,Drama",5.7,2126,tvSeries,tt1405354
The Vampire Diaries,2009.0,"Drama,Fantasy,Horror",7.7,388007,tvSeries,tt1405406
For Colored Girls,2010.0,Drama,6.3,8606,movie,tt1405500
Sin City,2019.0,"Drama,Mystery,Thriller",3.2,54,movie,tt14064260
Nowhere Man,2008.0,,8.8,10,movie,tt1407067
The Ritual,2009.0,Horror,4.2,30,movie,tt1407072
Psycho,2021.0,Thriller,6.7,17,movie,tt14076608
Rebecca,2021.0,"Crime,Drama",6.4,196,tvSeries,tt14081208
Friends,2002.0,Comedy,6.7,18,movie,tt14090954
Together,2009.0,Drama,5.8,135,movie,tt1409106
Uncorked,2009.0,"Drama,Romance",6.2,998,tvMovie,tt1410068
K-On!,2009.0,"Animation,Comedy,Drama",7.9,5924,tvSeries,tt1410218
Cinderella Moon,2010.0,Drama,6.3,35,movie,tt1410270
Dad,2021.0,"Comedy,Drama,Romance",6.7,2055,movie,tt14111652
Hop,2011.0,"Adventure,Animation,Comedy",5.4,41503,movie,tt1411704
Stree,1968.0,Drama,5.7,10,movie,tt1411789
Frasier,2023.0,Comedy,6.8,11613,tvSeries,tt14124236
Shutter,2006.0,Drama,6.8,9,movie,tt1412520
Déjà Vu,2021.0,"Drama,Sci-Fi",7.1,424,tvMiniSeries,tt14127648
Dude,2021.0,"Drama,Mystery,Thriller",8.2,4795,tvSeries,tt14136452
KAMAZ. Extreme Racing,2021.0,"Drama,Sport",7.0,54,tvSeries,tt14137220
Messiah,2009.0,"Drama,Musical",7.7,14,tvMovie,tt1414536
The Queen,2020.0,Comedy,4.6,17,movie,tt14149364
Agyaat,2009.0,"Adventure,Drama,Horror",3.1,785,movie,tt1415252
Rebelde,2022.0,"Comedy,Drama,Music",6.4,7880,tvSeries,tt14153686
Fitoor,2021.0,Drama,5.6,281,tvSeries,tt14155890
Hostages,2009.0,Thriller,6.2,21,tvMovie,tt1415890
Wolves,2018.0,,7.3,25,tvSeries,tt14163286
Kill the Irishman,2011.0,"Action,Biography,Crime",7.0,54978,movie,tt1416801
In Darkness,2011.0,"Drama,War",7.3,11567,movie,tt1417075
Jugaad,2017.0,Documentary,6.8,14,movie,tt14180940
Solo,2022.0,Documentary,6.7,187,movie,tt14186744
Pajanimals,2008.0,"Family,Music,Musical",6.9,147,tvSeries,tt1419888
The Forgotten,2009.0,"Crime,Drama,Thriller",6.6,2446,tvSeries,tt1420425
Intersection,2022.0,,6.9,13,tvSeries,tt14211078
Even the Rain,2010.0,"Drama,History",7.4,15588,movie,tt1422032
Occupation,2021.0,"Comedy,Drama",5.9,258,movie,tt14220422
Ordinary People,2009.0,Drama,6.2,447,movie,tt1422101
Boss,2009.0,Drama,7.2,316,tvSeries,tt1422234
Brothers,2023.0,"Action,Drama,History",6.6,676,movie,tt14232442
Om Shanti Om,2005.0,Drama,7.2,34,movie,tt1423972
Contract,2021.0,Crime,7.0,1726,tvSeries,tt14243086
Senna,2010.0,"Biography,Documentary,Sport",8.4,84190,movie,tt1424432
Shadow,2009.0,Horror,5.3,3272,movie,tt1425253
Dracula,2021.0,"Comedy,Drama",6.3,8843,tvSeries,tt14261264
War Machine,2010.0,"Action,Adventure",4.5,65,movie,tt1426389
Friend Request,2021.0,Romance,7.8,46,tvMiniSeries,tt14266892
We Are Family,2010.0,"Comedy,Drama,Family",5.7,4343,movie,tt1428459
Lost Girl,2010.0,"Action,Drama,Fantasy",7.6,34921,tvSeries,tt1429449
Love,2021.0,"Comedy,Drama,Romance",5.0,75,movie,tt14295864
Locked Up,2001.0,Comedy,8.2,27,tvSeries,tt1430550
Arthur Christmas,2011.0,"Adventure,Animation,Comedy",7.1,74082,movie,tt1430607
Big Miracle,2012.0,"Biography,Drama,Romance",6.5,21362,movie,tt1430615
The Pirates! Band of Misfits,2012.0,"Action,Adventure,Animation",6.7,54748,movie,tt1430626
Disconnect,2020.0,"Drama,Musical",9.0,10,movie,tt14309742
Forget Me Not,2010.0,Romance,6.6,2150,movie,tt1431065
Superstar,2009.0,Drama,6.0,3663,movie,tt1431326
The Club,2006.0,Romance,2.7,174,tvSeries,tt1431622
Into the Badlands,2005.0,Sci-Fi,7.2,17,movie,tt1432050
The Ranch,2005.0,Drama,6.5,11,movie,tt1432121
Peppermint,2006.0,Drama,8.3,23,movie,tt1432243
House Arrest,2021.0,"Comedy,Drama",6.3,449,movie,tt14323258
Guru,2021.0,"Comedy,Drama",6.9,310,tvSeries,tt14326412
Break,2009.0,Horror,3.4,427,movie,tt1433089
The Order,2021.0,Fantasy,4.7,14,tvMiniSeries,tt14334608
Disconnect,2012.0,"Crime,Drama,Mystery",7.5,80530,movie,tt1433811
The Land,2021.0,"Comedy,Drama",6.3,695,movie,tt14345386
The Good Neighbor,2022.0,"Crime,Mystery,Thriller",6.0,16873,movie,tt14349032
Baby,2015.0,Horror,7.7,32,movie,tt14353710
Miracle,2021.0,"Crime,Drama,Thriller",6.6,1295,movie,tt14355860
Awake,2003.0,Thriller,8.0,14,movie,tt1435979
Half & Half,2022.0,Drama,4.6,203,movie,tt14363196
Ben & Holly's Little Kingdom,2009.0,"Adventure,Animation,Family",7.4,2188,tvSeries,tt1436544
Guzaarish,2010.0,"Drama,Romance",7.4,21005,movie,tt1438298
Dad,2020.0,Documentary,7.4,10,movie,tt14383340
Unbroken,2021.0,"Drama,Thriller",5.5,8,tvSeries,tt14395504
Jackpot,2009.0,Documentary,7.8,19,movie,tt1439555
Max Rose,2013.0,Drama,6.2,675,movie,tt1439558
Community,2009.0,Comedy,8.5,313904,tvSeries,tt1439629
Antidote,2020.0,"Animation,Comedy,Drama",7.7,115,tvMiniSeries,tt14398050
Last Breath,2025.0,"Drama,Thriller",6.6,38911,movie,tt14403504
The Beast,2023.0,"Drama,Romance,Sci-Fi",6.4,12602,movie,tt14407336
Black Panther,2010.0,"Action,Adventure,Animation",7.1,1918,tvMiniSeries,tt1441105
Brothers,2009.0,Comedy,4.9,315,tvSeries,tt1441106
Agent,2023.0,"Action,Mystery,Thriller",3.5,2158,movie,tt14411774
Chloe,2022.0,"Drama,Mystery",6.7,4891,tvMiniSeries,tt14412362
The Hunt,2021.0,Horror,2.8,175,movie,tt14412536
Imago,2023.0,"Biography,Drama,Music",6.0,169,movie,tt14417122
The Son,2021.0,"Comedy,Drama",6.1,28,movie,tt14417362
Broken,2012.0,"Drama,Romance",7.2,15875,movie,tt1441940
Quartet,2012.0,"Comedy,Drama,Music",6.8,22324,movie,tt1441951
Mercy,2009.0,Drama,7.1,3190,tvSeries,tt1442435
Spartacus,2010.0,"Action,Adventure,Biography",8.4,297579,tvSeries,tt1442449
14 Blades,2010.0,"Action,History,Thriller",6.3,8811,movie,tt1442571
The Force,2009.0,"Crime,Drama",5.8,8,tvMovie,tt1442582
Tum Milo Toh Sahi,2010.0,"Comedy,Drama",5.7,668,movie,tt1442583
Dismissed,2021.0,"Comedy,Drama",7.9,586,tvSeries,tt14426644
Borderline,2009.0,Drama,6.5,12,movie,tt1444301
Mom,2021.0,Drama,6.3,40,movie,tt14446392
Stephanie,1981.0,Comedy,5.8,10,tvMovie,tt1444699
The Gift,2010.0,"Action,Adventure,Documentary",7.0,82,movie,tt1445206
Justice,2021.0,Drama,8.9,17,movie,tt14454856
The Son,2022.0,Drama,6.5,21354,movie,tt14458442
Wake Up,2022.0,Thriller,6.1,118,movie,tt14465126
Holidate,2009.0,Reality-TV,6.1,30,tvSeries,tt1446549
Game,2021.0,"Action,Drama",3.0,30,tvSeries,tt14465742
Wolf,2023.0,"Crime,Drama,Thriller",6.8,4751,tvSeries,tt14466338
Peepli Live,2010.0,"Comedy,Drama",7.4,13314,movie,tt1447508
Redemption,2022.0,"Crime,Drama,Mystery",7.2,5650,tvMiniSeries,tt14479480
Children of God,2008.0,Documentary,8.2,91,movie,tt1447951
Stree,1998.0,Drama,8.0,33,movie,tt1449847
Land Girls,2009.0,Drama,7.0,3808,tvSeries,tt1449940
Sisters,2009.0,Drama,6.5,245,movie,tt1450751
Now and Then,2022.0,"Crime,Drama,Mystery",5.8,1217,tvMiniSeries,tt14509156
The Boy Who Cried Werewolf,2010.0,"Comedy,Drama,Family",5.9,4392,tvMovie,tt1451423
Conspiracy,2005.0,Drama,7.8,66,tvSeries,tt1451765
Chupke Chupke,2018.0,Romance,8.4,1264,tvSeries,tt14521600
Santana,1998.0,Drama,7.3,33,movie,tt1452922
The Prince,2023.0,"Comedy,History",8.5,16957,tvSeries,tt14533970
Opening Night,2022.0,Comedy,1.0,17,movie,tt14534384
The Help,2011.0,Drama,8.1,532225,movie,tt1454029
Match,2009.0,Comedy,2.9,27,movie,tt1454484
Adrift,2009.0,Drama,3.8,153,movie,tt1454605
Prince,2010.0,"Action,Crime,Drama",4.6,2584,movie,tt1455816
Abyss,2021.0,Drama,8.8,15,movie,tt14562030
Goon,2011.0,"Comedy,Drama,Sport",6.8,94641,movie,tt1456635
The Conjuring,2013.0,"Horror,Mystery,Thriller",7.5,631253,movie,tt1457767
The Day Will Come,2009.0,Drama,6.8,215,movie,tt1458550
Run,2021.0,Drama,5.4,32,movie,tt14585564
The Occupant,2009.0,Mystery,7.2,16,movie,tt1458655
Wolf,2021.0,Drama,6.9,100,tvMiniSeries,tt14586992
Pari,2021.0,Thriller,6.9,17,movie,tt14588236
One Night Stand,2016.0,Comedy,6.8,6,tvMiniSeries,tt14590760
Cain and Abel,2021.0,Drama,6.8,97,movie,tt14598156
Carbon,2022.0,"Drama,Mystery,Thriller",5.9,274,movie,tt14598840
Target,2021.0,"Adventure,Drama,Thriller",6.4,29,tvSeries,tt14603362
The Hunt,2021.0,"Action,Thriller",4.0,70,tvSeries,tt14603402
Stranger Things,2008.0,Sci-Fi,8.4,704,tvSeries,tt1460534
Wives on Strike,2016.0,Comedy,8.7,11,movie,tt14605594
Diamonds in the Sky,2019.0,Drama,4.7,13,movie,tt14605694
Paradox,2009.0,"Crime,Drama,Sci-Fi",6.9,2115,tvMiniSeries,tt1460746
Bolt,2019.0,"Drama,Fantasy",4.3,13,movie,tt14608798
The Women's Balcony,2021.0,"Comedy,Drama",7.7,31,tvSeries,tt14612294
The Grandmaster,2013.0,"Action,Biography,Drama",6.6,38987,movie,tt1462900
The Call,2009.0,"Drama,Romance",6.3,161,movie,tt1463167
Together,2021.0,"Comedy,Drama,Romance",6.2,5464,movie,tt14640242
Regiment Diaries,2019.0,Biography,5.7,9,tvSeries,tt14645126
Mute,2018.0,"Mystery,Sci-Fi,Thriller",5.5,39791,movie,tt1464763
The Degenerates,2021.0,Horror,4.4,135,movie,tt14653026
Joy,2010.0,Drama,5.9,387,movie,tt1465490
The Wedding Party,2010.0,"Comedy,Drama",5.1,591,movie,tt1465496
The Island,2022.0,Comedy,3.5,58,tvSeries,tt14663936
One of Us,2021.0,Comedy,4.2,238,tvSeries,tt14667582
The Smurfs,2021.0,"Adventure,Animation,Comedy",6.4,825,tvSeries,tt14670820
Burning,2021.0,Documentary,7.1,666,movie,tt14671620
Maroon,2021.0,"Drama,Romance",8.4,25,tvMovie,tt14672714
The Protector,2022.0,"Horror,Thriller",4.6,195,movie,tt14687194
Stranger Things,2010.0,Drama,7.0,164,movie,tt1468737
The Republic of Imbaba,2015.0,Drama,4.1,40,movie,tt14690742
The Dealer,2024.0,"Crime,Drama,Thriller",6.3,18,movie,tt14690868
The Garfield Show,2008.0,"Adventure,Animation,Comedy",5.8,4442,tvSeries,tt1470837
Next,2021.0,Mystery,7.6,35,tvSeries,tt14708616
Aftermath,2008.0,"Horror,Sci-Fi",7.2,94,tvSeries,tt1470942
Penelope,2009.0,"Drama,History",6.8,59,movie,tt1471226
Road to Sangam,2009.0,"Drama,Thriller",7.3,952,movie,tt1471247
Triple Threat,2022.0,"Crime,Horror,Mystery",4.5,230,tvMovie,tt14714486
The Bounty Hunter,2010.0,,6.0,36,movie,tt1472211
Paint It Black,2016.0,Drama,5.6,844,movie,tt1472460
First Love,2022.0,Romance,4.9,2244,movie,tt14726510
Unknown,2021.0,Thriller,6.6,11,tvMiniSeries,tt14729274
Glitch,2022.0,"Comedy,Drama,Mystery",6.5,2210,tvSeries,tt14735382
Righteous Thieves,2023.0,"Action,Crime,Thriller",4.2,850,movie,tt14740118
Erased,2020.0,Drama,8.5,12,tvSeries,tt14742204
First and Last,2021.0,"Drama,Romance",8.0,4116,tvSeries,tt14753620
The Other,2009.0,Drama,7.3,24,tvMovie,tt1475565
Sherlock,2010.0,"Crime,Drama,Mystery",9.0,1097950,tvSeries,tt1475582
Dynasty,2021.0,Drama,2.2,205,tvSeries,tt14760960
Stereo,1978.0,"Comedy,Drama",5.6,10,tvMovie,tt14770628
Evolution,2021.0,Drama,6.3,701,movie,tt14776894
House Arrest,2021.0,Comedy,2.8,755,movie,tt14779456
Aagey Se Right,2009.0,"Comedy,Crime,Drama",5.2,450,movie,tt1479667
Colony,2009.0,Documentary,6.5,160,movie,tt1480655
The Challenge,2023.0,Drama,6.6,3037,movie,tt14812496
Moonlight,2021.0,"Comedy,Drama,Romance",7.4,451,tvSeries,tt14818618
Dog Eat Dog,2010.0,"Action,Comedy,Crime",7.8,7,tvMovie,tt1482434
Players,2010.0,Comedy,6.7,94,tvSeries,tt1482969
Valeria,2008.0,"Drama,Romance",6.6,43,tvSeries,tt1483311
Players,2024.0,"Comedy,Romance",5.7,13349,movie,tt14833464
Forever Young,2010.0,"Comedy,Drama,Family",7.1,992,movie,tt1483386
The In-Laws,2021.0,"Comedy,Drama",7.1,2754,movie,tt14834542
The Damned Rain,2009.0,"Comedy,Drama",7.8,284,movie,tt1483762
The Search,2009.0,Drama,7.0,100,movie,tt1483811
The Set Up,2021.0,"Crime,Drama,Thriller",7.7,9,movie,tt14844746
The Hunt,2016.0,Crime,5.5,15,tvSeries,tt14846302
Game Over,2019.0,"Crime,Drama,Thriller",8.5,27,tvMovie,tt14852756
Brothers,2021.0,"Drama,War",6.7,66,tvMovie,tt14852986
Tales of the City,2021.0,Musical,7.9,13,movie,tt14857758
Zero,2021.0,"Crime,Drama,Sci-Fi",4.7,192,tvMovie,tt14858664
The Basement,2009.0,Thriller,6.4,69,movie,tt1486823
Mama's Boy,2022.0,"Biography,Documentary",7.9,678,movie,tt14871116
Rajnigandha,2021.0,"Crime,Drama",7.2,37,movie,tt14873108
Deep,2021.0,"Drama,Mystery,Sci-Fi",5.0,2117,movie,tt14880258
Paradise Lost,2009.0,"Crime,Documentary",7.1,11,movie,tt1488026
Paranormal,2005.0,"Horror,Thriller",4.8,42,movie,tt1488027
Spyder,2009.0,"Drama,Romance",3.0,11,movie,tt1488104
The Forest,2011.0,"Horror,Thriller",3.1,182,movie,tt1488602
Triple Frontier,2019.0,"Action,Adventure,Thriller",6.5,163262,movie,tt1488606
Destiny,2013.0,"News,Talk-Show",5.2,22,tvSeries,tt14888418
WWII in HD,2009.0,"Documentary,History,War",8.6,2606,tvMiniSeries,tt1489097
Burnistoun,2009.0,Comedy,7.9,1050,tvSeries,tt1489312
Hide and Seek,2020.0,Game-Show,6.3,88,tvSeries,tt14898776
Oh My Ghost,2022.0,"Comedy,Horror",2.3,679,movie,tt14902008
Children of God,2010.0,"Drama,Romance",6.6,1485,movie,tt1490602
No Tomorrow,2021.0,"Drama,Mystery,Sci-Fi",6.0,28,movie,tt14906086
Brotherhood,2021.0,Documentary,6.5,112,movie,tt14915544
Pawn Stars,2009.0,Reality-TV,7.2,19273,tvSeries,tt1492088
The Box,2007.0,Thriller,6.1,32,movie,tt14922184
The Silence,2020.0,Documentary,8.8,10,movie,tt14926946
Step Off,2011.0,Drama,2.4,129,movie,tt1492728
Garbage,2012.0,"Comedy,Drama",4.7,623,movie,tt1492849
Hide & Seek,2010.0,"Drama,Horror,Thriller",4.3,262,movie,tt1492872
In Darkness,2009.0,"Drama,Thriller",7.0,2375,movie,tt1492923
Powder,2011.0,Drama,4.4,143,movie,tt1493099
The Gift,2010.0,Drama,8.0,20,movie,tt1494821
Can You Hear Me?,2024.0,"Mystery,Romance",4.7,126,movie,tt14949262
Limmy's Show!,2009.0,Comedy,8.4,2263,tvSeries,tt1495848
Space Force,1978.0,"Comedy,Sci-Fi",5.5,44,tvMovie,tt1495952
We Are Family,2017.0,"Comedy,Drama",3.5,110,movie,tt1496040
Invisible,2021.0,Documentary,7.8,30,movie,tt14967714
Hoarders,2009.0,"Documentary,Reality-TV",6.5,4031,tvSeries,tt1497563
Vexed,2010.0,"Comedy,Crime,Mystery",7.2,4118,tvSeries,tt1497609
I Am,2010.0,Drama,3.4,430,movie,tt1497617
House Arrest,2012.0,"Comedy,Drama",3.1,266,movie,tt1497876
Shiva,1990.0,"Action,Crime,Drama",7.6,239,movie,tt14984074
U Turn,2023.0,"Crime,Drama,Horror",6.2,3648,movie,tt14988886
Ghayal,2013.0,Drama,7.4,10,tvSeries,tt14993810
Adrift,2009.0,Drama,6.2,349,movie,tt1499639
Entanglement,2021.0,Drama,6.0,66,movie,tt14996392
Shadow,2009.0,"Action,Crime,Drama",5.1,66,movie,tt1499935
The Heretics,2009.0,"Biography,Documentary,History",8.2,26,movie,tt1499958
Firebrand,2023.0,"Drama,History",6.3,6996,movie,tt15000156
Macho,2009.0,"Comedy,Drama,Romance",5.7,143,movie,tt1500819
Run,2009.0,"Drama,Family",7.0,30,movie,tt1500878
Vampires,2010.0,"Comedy,Fantasy,Horror",6.2,1078,movie,tt1500906
The Outsider,2021.0,Documentary,5.0,15,movie,tt15011630
Chosen,2021.0,"Comedy,Drama,Family",3.6,151,movie,tt15017552
Going for Gold,2020.0,"Biography,Documentary,Sport",7.0,44,movie,tt15025040
The Chase,2009.0,"Comedy,Drama,Game-Show",7.1,2813,tvSeries,tt1502749
The Hollow (a horror anthology film),2022.0,"Drama,Horror,Thriller",4.8,28,movie,tt15034036
Dark Light,2021.0,"Crime,Drama,Thriller",2.3,90,movie,tt15035760
Rita,2009.0,Drama,7.6,41,movie,tt1503723
The Holy Man,2016.0,"Action,Drama,Sport",8.3,16,movie,tt1503790
The Real Bling Ring: Hollywood Heist,2022.0,"Crime,Documentary,History",5.8,2515,tvMiniSeries,tt15039492
Stoked,2009.0,"Animation,Comedy,Family",6.6,2248,tvSeries,tt1504166
The King's Speech,2010.0,"Biography,Drama,History",8.0,736285,movie,tt1504320
Medal of Honor,2009.0,"Comedy,Drama",7.7,931,movie,tt1504960
Heartbreak High,2022.0,"Comedy,Drama,Romance",7.7,18041,tvSeries,tt15054962
Crash,2009.0,Drama,7.7,50,tvSeries,tt1505506
Broken,2019.0,"Drama,Romance",5.4,12,movie,tt15058860
Johnny Test,2021.0,"Action,Adventure,Animation",6.2,701,tvSeries,tt15061770
Familiar Wife,2021.0,"Drama,Fantasy,Romance",7.5,40,tvSeries,tt15062636
The Outsiders,2018.0,Documentary,7.8,9,movie,tt15063026
Haywire,2011.0,"Action,Drama,Thriller",5.8,93463,movie,tt1506999
Cargo,2011.0,Drama,5.0,552,movie,tt1507261
The Fighter,2008.0,Action,4.5,74,movie,tt1507359
The Tribes of Palos Verdes,2017.0,Drama,5.9,3093,movie,tt1507571
Fireflies,2009.0,"Biography,Documentary",7.9,10,movie,tt1507922
Into the Forest,2019.0,Family,5.8,15,tvMiniSeries,tt15080736
The Climb,2023.0,"Adventure,Game-Show,Reality-TV",6.8,594,tvSeries,tt15082926
Game Over,2009.0,Horror,4.6,95,movie,tt1509123
Alone,2017.0,Horror,3.9,11,movie,tt15107080
The Visit,2015.0,"Comedy,Romance,Thriller",6.0,12,movie,tt15119398
Forensic,2022.0,"Crime,Thriller",6.3,3835,movie,tt15121860
My Friend Pinto,2011.0,"Comedy,Crime,Drama",5.3,428,movie,tt1512220
Queens of Comedy,2021.0,Comedy,4.4,16,tvSeries,tt15137010
The Confession Tapes,2021.0,Mystery,7.9,8,tvMiniSeries,tt15149776
The Vendor,2018.0,Comedy,2.5,11,movie,tt15150348
One by Two,2022.0,"Drama,Romance,Thriller",8.2,1093,movie,tt15151020
Velvet,2021.0,Drama,4.6,136,movie,tt15153830
The Forest,2009.0,Drama,6.5,131,movie,tt1517213
The Haunting of Ellie Rose,2015.0,Horror,2.5,252,movie,tt1517228
Spy Kids 4: All the Time in the World,2011.0,"Action,Adventure,Comedy",3.6,31022,movie,tt1517489
The Hunt,2009.0,"Comedy,Drama",5.4,42,movie,tt1518209
Professor,2010.0,"Biography,Documentary",6.5,15,movie,tt1518251
Security,2010.0,Comedy,6.7,142,tvMovie,tt1518693
Life 2.0,2010.0,Documentary,6.2,977,movie,tt1518809
Raees,1976.0,Drama,6.8,5,movie,tt1519384
Elephant Kingdom,2009.0,"Adventure,Animation,Family",4.9,337,movie,tt1519467
Be with Me,2009.0,"Drama,Horror,Romance",5.5,262,movie,tt1519633
The Chase,2009.0,"Drama,Romance",5.3,293,movie,tt1519644
Zero,2009.0,"Action,Drama",6.7,665,movie,tt1519661
Haven,2010.0,"Crime,Drama,Fantasy",7.5,44341,tvSeries,tt1519931
The Walking Dead,2010.0,"Drama,Horror,Thriller",8.1,1210744,tvSeries,tt1520211
The Pharmacist,2010.0,"Comedy,Crime,Drama",7.3,38,movie,tt1520433
The Ring,2024.0,Drama,5.4,9,tvMovie,tt15204908
Queen,2022.0,Drama,7.1,1769,tvMiniSeries,tt15213258
The Forbidden Kingdom,2023.0,Fantasy,7.5,21,movie,tt15214852
Ready to Mingle,2021.0,"Reality-TV,Romance",6.1,51,tvSeries,tt15214868
Starting Over Again,2009.0,Comedy,6.4,14,tvSeries,tt1521829
Phobia 2,2009.0,"Comedy,Fantasy,Horror",6.6,3074,movie,tt1521846
Townhouse Confidential,2023.0,Comedy,3.5,151,movie,tt15226282
Dad,2022.0,"Comedy,Drama",6.3,176,movie,tt15226594
Can You Hear Me?,2020.0,"Drama,Thriller",7.5,15,tvSeries,tt15228538
The Oath,2010.0,Documentary,7.2,991,movie,tt1522857
The Silence,2021.0,"Crime,Drama,Mystery",7.6,1272,tvSeries,tt15229966
Jolly Life,2009.0,Drama,6.2,8004,movie,tt1523515
The Devil Inside,2021.0,Drama,3.8,428,tvSeries,tt15235748
The Gift,2021.0,Drama,6.3,7,tvMiniSeries,tt15236672
Candyman,2010.0,"Biography,Documentary",6.5,316,movie,tt1524107
Malaal,2021.0,Family,8.2,34,movie,tt15244876
Harishchandrachi Factory,2009.0,"Biography,Comedy,Drama",8.4,5179,movie,tt1524539
Perdida,2009.0,"Biography,Documentary,History",7.9,95,movie,tt1524566
The Vatican Tapes,2015.0,"Horror,Thriller",4.7,19473,movie,tt1524575
The Family,2020.0,Comedy,7.2,14,tvSeries,tt15246396
Breath,2017.0,"History,Romance",2.8,98,tvSeries,tt15249094
Winchester,2021.0,"Drama,Horror,Mystery",6.1,102,tvSeries,tt15249262
Dinosaur King,2007.0,"Action,Adventure,Animation",6.2,1430,tvSeries,tt1524993
Superstar,2021.0,Documentary,7.8,102,tvMiniSeries,tt15250058
The Deep,2010.0,"Action,Adventure,Drama",5.7,1538,tvMiniSeries,tt1525182
Married at First Sight,2016.0,Reality-TV,5.5,17,tvSeries,tt15254812
Powder,2022.0,Thriller,7.7,55,movie,tt15257646
Twin Peaks,1977.0,Documentary,7.3,25,movie,tt15258268
Borgen,2010.0,Drama,8.4,32806,tvSeries,tt1526318
Hero,2014.0,Drama,7.2,58,movie,tt1527827
Horns,2013.0,"Comedy,Fantasy,Horror",6.4,92397,movie,tt1528071
A Beautiful Life,2023.0,"Drama,Music,Romance",6.4,9652,movie,tt15282148
Fairy Tail,2009.0,"Action,Adventure,Animation",7.8,32787,tvSeries,tt1528406
First Love,2022.0,"Drama,Romance",8.4,6976,tvSeries,tt15289042
Together,2021.0,"Documentary,Sport",7.8,31,movie,tt15302566
Offspring,2010.0,"Comedy,Drama",8.3,6141,tvSeries,tt1530541
Michael,2023.0,"Action,Crime,Drama",5.0,1700,movie,tt15309808
Alone,2024.0,"Horror,Thriller",6.4,24,movie,tt15314332
Players,2022.0,Comedy,7.4,1632,tvSeries,tt15314636
Tiger,2009.0,"Drama,Romance",8.3,28,movie,tt1532577
Polar,2024.0,Action,4.2,48,movie,tt15327556
Secret,2009.0,"Crime,Mystery,Thriller",6.5,742,movie,tt1533086
Life,2009.0,Documentary,9.1,50609,tvMiniSeries,tt1533395
Champions,2023.0,"Comedy,Drama,Sport",6.8,36967,movie,tt15339570
Ezel,2009.0,"Crime,Drama,Thriller",8.6,44179,tvSeries,tt1534360
Rebellion,2022.0,"Biography,Drama,Music",5.9,159,movie,tt15344424
Wolf,2009.0,Drama,6.4,668,movie,tt1535103
The Killer,2021.0,Thriller,6.6,1098,movie,tt15354498
Patiala House,2011.0,"Drama,Sport",5.7,10163,movie,tt1535467
Possessed,2009.0,"Horror,Mystery,Thriller",6.1,1185,movie,tt1535472
One Day at a Time,2021.0,Drama,8.1,17,movie,tt15358484
Fracture,2021.0,"Drama,Music,Short",6.5,40,tvSeries,tt15358870
W.E.,2011.0,"Drama,History,Romance",6.2,14209,movie,tt1536048
The Show,2021.0,Documentary,7.2,45,movie,tt15362414
What Happened to Monday,2017.0,"Action,Crime,Fantasy",6.8,146037,movie,tt1536537
Leap Year,2010.0,"Drama,Romance",5.8,3111,movie,tt1537401
One on One,1983.0,Talk-Show,5.4,9,tvSeries,tt1537600
How to Live Mortgage Free with Sarah Beeny,2017.0,Reality-TV,7.8,18,tvSeries,tt15378058
Paranormal,2009.0,"Drama,Horror,Mystery",2.4,154,movie,tt1537874
Alone,2023.0,Thriller,3.3,1161,movie,tt15387128
Up North,2022.0,Documentary,6.1,31,movie,tt15387834
Special,2008.0,"Comedy,Drama",8.1,14,movie,tt1539056
Hide and Seek,2021.0,Documentary,7.2,60,movie,tt15394034
Playing for Keeps,2012.0,"Comedy,Romance,Sport",5.7,32439,movie,tt1540128
Love Is a Story,2021.0,"Fantasy,Romance",6.1,42,tvMiniSeries,tt15404252
The Match,2021.0,"Comedy,Romance",6.6,336,tvSeries,tt15404360
The Basement,2009.0,Documentary,5.0,57,movie,tt1541083
Black Friday,2021.0,Animation,4.2,11,movie,tt15417268
Homeland,2008.0,Action,8.0,14,movie,tt1541806
Disclosure,2018.0,Documentary,7.2,7,tvSeries,tt15418346
Love,2011.0,"Drama,Music,Sci-Fi",5.4,9154,movie,tt1541874
Love.com,2009.0,"Comedy,Romance",5.2,65,tvMovie,tt1542678
True Memoirs of an International Assassin,2016.0,"Action,Comedy,Crime",5.9,26113,movie,tt1542768
Villain,2010.0,"Crime,Drama,Romance",7.0,2131,movie,tt1542840
Godzilla,1977.0,"Action,Horror,Sci-Fi",5.2,681,movie,tt1543211
Kaleidoscope,2023.0,"Action,Crime,Drama",6.6,48644,tvMiniSeries,tt15438246
The Guest,2021.0,Drama,5.9,419,tvSeries,tt15443084
Revenge,2021.0,"Crime,Drama,Thriller",7.9,95,tvMovie,tt15446374
Harriet the Spy: Blog Wars,2010.0,"Comedy,Family",4.5,2026,tvMovie,tt1545097
Rush: Beyond the Lighted Stage,2010.0,"Biography,Documentary,Music",8.4,5177,movie,tt1545103
Desperados,2020.0,"Comedy,Romance",5.2,11723,movie,tt1545304
The Beast,2010.0,"Documentary,Drama",7.3,67,movie,tt1545473
Becoming,2021.0,Documentary,7.4,16,movie,tt15454850
Point Blank,2010.0,"Action,Crime,Drama",6.8,15209,movie,tt1545759
9,2021.0,Drama,6.6,142,movie,tt15462052
Day and Night,2022.0,Drama,7.3,34,movie,tt15466854
Judy Moody and the Not Bummer Summer,2011.0,"Comedy,Family",4.4,3672,movie,tt1547230
Brother,2022.0,"Drama,Music",6.8,1787,movie,tt15474896
Sisters,2021.0,"Comedy,Drama,Romance",6.5,93,tvSeries,tt15477994
Siren,2010.0,"Horror,Thriller",3.6,2071,movie,tt1548635
Moving On,2022.0,Comedy,6.0,5434,movie,tt15488088
Innocent,2021.0,"Drama,Romance",6.7,156,tvMiniSeries,tt15491454
Fanatic,2021.0,Documentary,6.3,34,movie,tt15495048
Bioscope,2008.0,Drama,6.7,27,movie,tt1549829
Unbridled,2021.0,,8.3,16,movie,tt15507482
The 100,2025.0,Action,6.8,5858,movie,tt15509506
Winnie Mandela,2011.0,"Biography,Drama,History",6.1,1045,movie,tt1551641
Made in China,2022.0,"Comedy,Family",8.6,614,movie,tt15516780
Dance Academy,2010.0,"Drama,Family,Music",8.0,5491,tvSeries,tt1551948
The Last Days of American Crime,2020.0,"Action,Crime,Drama",3.8,13060,movie,tt1552211
The Motive,2020.0,"Crime,Documentary,Mystery",5.3,1946,tvMiniSeries,tt15529566
Breath,2017.0,"Adventure,Drama,Romance",6.7,4355,movie,tt1553659
The Force,2009.0,Documentary,7.2,13,tvSeries,tt1553769
The Last Word,2008.0,Documentary,7.2,141,movie,tt1553919
Locust,2015.0,Thriller,6.5,37,tvMiniSeries,tt15549910
The End,2024.0,"Drama,Fantasy,Musical",5.3,3473,movie,tt15551346
Knock Knock,2021.0,"Comedy,Crime,Drama",6.4,295,movie,tt15554682
Headshot,2023.0,"Action,Thriller",4.4,34,movie,tt15555202
Drive,2020.0,Action,6.2,19,tvSeries,tt15573112
Brothers,2023.0,Drama,7.2,35,tvSeries,tt15575076
Drive,2021.0,Drama,7.3,10,tvMovie,tt15576020
Boss,2021.0,Action,8.2,62,movie,tt15576182
Prince,2022.0,"Action,Drama,Romance",4.4,3613,movie,tt15576578
GLOW: The Story of the Gorgeous Ladies of Wrestling,2012.0,Documentary,7.3,1745,movie,tt1559038
Money,2010.0,"Comedy,Drama",5.5,145,tvMiniSeries,tt1560581
The Master,2012.0,Drama,7.1,203114,movie,tt1560747
The Devil Inside,2012.0,Horror,4.2,38591,movie,tt1560985
The Crime,2022.0,"Action,Crime,Thriller",6.1,1382,movie,tt15613514
Let's Dance,2009.0,"Crime,Drama,Musical",5.7,31,movie,tt1562361
Zindagi Na Milegi Dobara,2011.0,"Adventure,Comedy,Drama",8.2,97204,movie,tt1562872
Jinn,2014.0,"Fantasy,Horror,Thriller",4.2,4984,movie,tt1562899
Hunt to Kill,2010.0,"Action,Thriller",5.1,7373,movie,tt1563719
One Day,2011.0,"Drama,Romance",7.0,181172,movie,tt1563738
Aftermath,2014.0,"Horror,Sci-Fi,Thriller",4.8,2251,movie,tt1564368
Skyline,2010.0,"Action,Sci-Fi,Thriller",4.5,94624,movie,tt1564585
Fallen,2016.0,"Drama,Fantasy,Romance",5.2,18389,movie,tt1564777
The Island,2009.0,"Comedy,Crime,Drama",6.5,3581,movie,tt1566601
Forks Over Knives,2011.0,Documentary,7.7,13012,movie,tt1567233
The Silence,2010.0,"Crime,Drama,Mystery",7.0,1515,tvMiniSeries,tt1568202
The Girl with the Dragon Tattoo,2011.0,"Crime,Drama,Mystery",7.8,532431,movie,tt1568346
War Horse,2011.0,"Adventure,Drama,History",7.2,174469,movie,tt1568911
Black Lightning,2009.0,"Action,Sci-Fi,Thriller",5.6,5837,movie,tt1569364
Tees Maar Khan,2010.0,"Comedy,Crime",3.1,17430,movie,tt1572311
Paheli,2021.0,Crime,5.5,7,movie,tt15726718
My Way,2024.0,Documentary,7.4,64,movie,tt15740890
Friends,2002.0,Drama,6.2,8,movie,tt1575551
The Dreamer,2009.0,"Adventure,Drama,Family",6.8,517,movie,tt1576459
Splatter,2009.0,"Comedy,Horror",3.1,797,tvSeries,tt1576464
Fireworks,2023.0,"Drama,Romance",7.6,3966,movie,tt15764854
The Calling,2022.0,"Crime,Drama",7.1,4709,tvSeries,tt15765450
Skin Trade,2010.0,Documentary,8.5,50,movie,tt1576702
Let's Dance,2009.0,Documentary,7.4,8,tvMovie,tt1577054
The Invitation,1975.0,"Adult,Crime",4.8,20,movie,tt1577880
Break Ke Baad,2010.0,"Comedy,Drama,Romance",5.2,4908,movie,tt1578261
Green Room,2021.0,Talk-Show,4.0,16,tvSeries,tt15787268
One Night Stand,2021.0,"Drama,Romance",6.1,152,movie,tt15788948
One by Two,1993.0,Comedy,5.7,31,movie,tt1579645
Maska,2009.0,"Action,Comedy,Drama",5.4,463,movie,tt1579806
Bobby,2009.0,Drama,6.3,11,movie,tt1581273
The Secret,2009.0,"Biography,Documentary",6.9,32,movie,tt1581629
Somewhere Between,2011.0,Documentary,7.8,457,movie,tt1581845
Guilty,2011.0,"Biography,Crime,Drama",7.3,2155,movie,tt1582244
Life,2018.0,Action,7.6,6,movie,tt15823022
Episodes,2011.0,Comedy,7.8,37898,tvSeries,tt1582350
The Borgias,2011.0,"Crime,Drama,History",7.9,56876,tvSeries,tt1582457
House at the End of the Street,2012.0,"Drama,Horror,Mystery",5.5,85027,movie,tt1582507
Thug Life,2021.0,"Crime,Drama",8.3,24,tvSeries,tt15825104
Hero,2008.0,Romance,3.6,106,movie,tt1583266
Mr. Sunshine,2011.0,Comedy,6.7,7456,tvSeries,tt1583638
Durarara!!,2010.0,"Animation,Comedy,Crime",7.8,8828,tvSeries,tt1584000
Nothing to Lose,2009.0,Documentary,5.8,11,movie,tt1584108
Unsolved,1960.0,"Crime,Drama",7.2,20,tvMovie,tt1584760
My Sleeping Lover,2008.0,"Adventure,Comedy,Musical",3.7,660,movie,tt1584838
The Night Shift,2011.0,"Adventure,Comedy,Fantasy",5.3,90,movie,tt1584937
My Sassy Girl,2022.0,"Comedy,Drama,Romance",5.9,181,movie,tt15850384
The Mafia Dolls,2009.0,"Action,Drama",6.5,480,tvSeries,tt1585368
Bodyguard,2010.0,Comedy,6.8,1643,movie,tt1585558
Summertime,2011.0,"Comedy,Drama,Romance",6.5,49,movie,tt1585660
Dynasty,2009.0,Sport,7.1,43,movie,tt1585979
Burlesque,2010.0,Drama,6.9,75,movie,tt1586713
Rake,2010.0,"Comedy,Drama",8.5,9503,tvSeries,tt1587000
Romantik Komedi,2010.0,"Comedy,Romance",5.3,5680,movie,tt1587263
Leila,2010.0,"Musical,Romance",5.1,224,movie,tt1588335
Brother,2010.0,"Drama,Family,Sport",7.2,2734,movie,tt1588358
The Late Bloomer,2016.0,"Comedy,Drama,Romance",5.2,11016,movie,tt1588878
Dirty Money,2010.0,Crime,5.3,59,tvMovie,tt1588888
Drunk and on Drugs Happy Funtime Hour,2011.0,Comedy,6.0,718,tvSeries,tt1589889
Insidious,2010.0,"Horror,Mystery,Thriller",6.8,371832,movie,tt1591095
Act of Valor,2012.0,"Action,Adventure,Thriller",6.4,74440,movie,tt1591479
Lockout,2012.0,"Action,Sci-Fi,Thriller",6.1,103792,movie,tt1592525
Bushwick,2010.0,"Action,Crime,Drama",6.2,27,movie,tt1592550
Shararat,2003.0,"Comedy,Fantasy,Romance",7.5,2212,tvSeries,tt1592812
Beyond the Boundary: ICC Women's T20 World Cup Australia 2020,2020.0,"Documentary,Sport",7.1,16,tvMovie,tt15929232
The Liberator,2022.0,"Biography,Drama,History",7.1,30,movie,tt15939728
War Machine,2026.0,"Action,Sci-Fi,Thriller",6.3,115771,movie,tt15940132
Tunnel,2019.0,Crime,7.5,85,tvSeries,tt15942472
Mahi Way,2010.0,Comedy,8.0,235,tvSeries,tt1595198
The Clone,2010.0,Drama,6.6,559,tvSeries,tt1596029
Soul Surfer,2011.0,"Biography,Drama,Family",7.0,56206,movie,tt1596346
Click,2010.0,"Horror,Mystery,Thriller",3.6,405,movie,tt1596723
Mara,2013.0,"Horror,Mystery,Thriller",2.9,276,movie,tt1596745
Happy Go Lucky,2010.0,"Comedy,Drama",5.4,153,movie,tt1600522
The Duchess,2010.0,Drama,6.5,80,tvMiniSeries,tt1600690
The Spiderwick Chronicles,2024.0,"Action,Adventure,Drama",5.3,2736,tvSeries,tt16026032
Only God Forgives,2013.0,"Action,Crime,Drama",5.7,123758,movie,tt1602613
Theeram,2021.0,"Action,Drama,Romance",7.8,2064,movie,tt16027122
Unlucky Ploy,2020.0,Romance,6.7,29,tvSeries,tt16027840
ATM,2012.0,"Horror,Mystery,Thriller",4.7,26939,movie,tt1603257
Just Another Love Story,2010.0,"Crime,Drama",6.9,232,movie,tt1603786
Victorious,2010.0,"Comedy,Family,Music",7.0,35077,tvSeries,tt1604099
Be Somebody,2021.0,"Comedy,Drama,Mystery",6.9,2001,movie,tt16043930
The Game,2023.0,"Comedy,Drama",5.5,32,movie,tt16044132
Girlfriends,2009.0,"Comedy,Romance",4.8,128,movie,tt1605724
The Visit,2010.0,"Comedy,Drama,Romance",8.5,13,movie,tt1605776
Zokkomon,2011.0,"Action,Adventure",4.2,531,movie,tt1605790
Effie Gray,2014.0,"Biography,Drama,Romance",6.0,7447,movie,tt1605798
Mantra,2007.0,"Crime,Drama,Thriller",6.5,723,movie,tt1606286
My Way,2011.0,"Action,Drama,War",7.6,13557,movie,tt1606384
Iris,2011.0,"Drama,Family,History",6.0,189,movie,tt1606618
Zero Hour,2018.0,"Crime,Mystery,Thriller",4.8,11,movie,tt16073498
The Pharmacist,2012.0,Drama,8.7,14,movie,tt1607688
The Player,2009.0,Documentary,6.9,47,movie,tt1608614
"LSD: Love, Sex Aur Dhokha",2010.0,"Comedy,Crime,Drama",7.1,6589,movie,tt1608777
Listen,2022.0,Drama,6.0,200,movie,tt16089466
Still,2010.0,"Horror,Thriller",4.3,407,movie,tt1609160
Thorne: Sleepyhead,2010.0,"Crime,Drama,Mystery",6.7,3599,tvMiniSeries,tt1610518
Chuck,2016.0,"Biography,Drama,Sport",6.5,7614,movie,tt1610525
Superstar,2021.0,Drama,6.6,38,movie,tt16115330
Once a Gangster,2010.0,"Action,Comedy,Crime",5.7,593,movie,tt1611840
Baby,2023.0,"Drama,Romance",7.0,8985,movie,tt16118524
Chandani: The Daughter of the Elephant Whisperer,2010.0,"Documentary,Family",6.8,46,movie,tt1612264
Iceman,2023.0,"Biography,Documentary,Sport",7.7,32,tvMovie,tt16124054
Blockbuster,2022.0,Comedy,5.2,10105,tvSeries,tt16124614
Rosary Scissors,2010.0,Drama,7.8,636,tvSeries,tt1612716
High Society,2010.0,Reality-TV,2.8,175,tvSeries,tt1612920
Kon-Tiki,2012.0,"Adventure,Biography,Drama",7.1,54857,movie,tt1613750
The Circle,2010.0,Talk-Show,4.9,34,tvSeries,tt1614840
The Foreigner,2017.0,"Action,Crime,Thriller",7.0,133520,movie,tt1615160
Breakout,2023.0,"Action,Crime,Thriller",4.6,2709,movie,tt16154506
Minute to Win It,2010.0,"Game-Show,Reality-TV",5.1,1113,tvSeries,tt1615676
The Great British Baking Show: Holidays,2018.0,"Game-Show,Reality-TV",8.2,583,tvSeries,tt16161100
One Day,2010.0,"Drama,Romance,Sci-Fi",6.6,517,movie,tt1616203
Brother,2021.0,Documentary,7.4,11,movie,tt16163090
Jupiter Ascending,2015.0,"Action,Adventure,Romance",5.3,202757,movie,tt1617661
I'm in Love with a Church Girl,2013.0,"Crime,Drama,Romance",4.2,2106,movie,tt1618432
Murder Mystery,2019.0,"Crime,Mystery,Romance",6.1,192876,movie,tt1618434
The Cell,2009.0,Documentary,7.9,100,tvSeries,tt1620660
A Wrinkle in Time,2018.0,"Adventure,Drama,Family",4.3,50213,movie,tt1620680
Paan Singh Tomar,2012.0,"Action,Biography,Crime",8.2,40435,movie,tt1620933
Bleed for This,2016.0,"Biography,Drama,Sport",6.8,33828,movie,tt1620935
Natural Selection,2011.0,"Adventure,Comedy,Drama",6.4,1506,movie,tt1621426
Bangkok Traffic (Love) Story,2009.0,"Comedy,Romance",7.1,2202,movie,tt1621642
30 Minutes or Less,2011.0,"Action,Comedy,Crime",6.0,111806,movie,tt1622547
Hero,2009.0,"Comedy,Drama",6.5,194,tvSeries,tt1622747
ParaNorman,2012.0,"Adventure,Animation,Comedy",7.0,118549,movie,tt1623288
Taxi Driver,2010.0,Drama,8.3,27,tvSeries,tt1623574
I Will Follow,2010.0,Drama,6.1,983,movie,tt1624426
Young Adult,2011.0,"Comedy,Drama",6.3,90497,movie,tt1625346
The Last Resort,2021.0,Thriller,7.9,12,movie,tt16259420
Always a Bridesmaid,2010.0,"Comedy,Romance",5.4,22,tvSeries,tt1628094
Stranger,2021.0,Mystery,6.8,25,tvSeries,tt16283414
One Day,2024.0,"Comedy,Drama,Romance",8.0,67334,tvMiniSeries,tt16283804
I Am,2010.0,Drama,6.7,1103,movie,tt1629295
7 Khoon Maaf,2011.0,"Comedy,Drama,Mystery",6.3,7122,movie,tt1629376
The Secret,2021.0,"Comedy,Crime,Thriller",6.5,44,tvMovie,tt16297174
The Hunt,2022.0,Drama,4.7,96,movie,tt16308190
Suits,2011.0,"Comedy,Drama",8.4,547977,tvSeries,tt1632701
Kajraare,2010.0,"Crime,Drama,Romance",2.9,454,movie,tt1633212
Shark Night,2011.0,"Action,Horror,Thriller",4.1,28467,movie,tt1633356
Underdogs,2013.0,"Adventure,Animation,Comedy",6.4,11525,movie,tt1634003
The Plan,2014.0,"Crime,Thriller",6.6,13,movie,tt16350290
Virsa,2010.0,Drama,5.7,138,movie,tt1636842
Aftershock,2022.0,Documentary,6.7,414,movie,tt16376478
Flowers,2010.0,Drama,6.6,356,movie,tt1637681
Our Idiot Brother,2011.0,"Comedy,Drama",6.4,92765,movie,tt1637706
Calendar Girls,2022.0,Documentary,6.2,204,movie,tt16377888
"Love, Rosie",2014.0,"Comedy,Romance",7.1,170324,movie,tt1638002
Tallulah,2016.0,"Comedy,Drama,Romance",6.7,22534,movie,tt1639084
Angel Beats!,2010.0,"Action,Animation,Comedy",7.6,18373,tvSeries,tt1639109
Marco Polo,2023.0,Drama,6.5,39,movie,tt16392490
Udaan,2010.0,Drama,8.1,50335,movie,tt1639426
Very Movie Moves,2010.0,Comedy,4.6,5685,movie,tt1640202
The Visit,2021.0,Horror,6.9,169,tvSeries,tt16403798
Jumping the Broom,2011.0,"Comedy,Drama",5.7,12208,movie,tt1640484
The Super,2010.0,Horror,5.3,266,movie,tt1640569
Kahlil Gibran's The Prophet,2014.0,"Animation,Drama",7.1,5375,movie,tt1640718
Joker,2021.0,"Comedy,Reality-TV",6.1,4977,tvSeries,tt16409108
Rifftrax: The Matrix,2006.0,"Action,Comedy,Sci-Fi",7.6,24,movie,tt16409916
Rifftrax: Next,2007.0,"Action,Comedy",6.8,17,movie,tt16410038
Rubi,2009.0,Animation,6.8,6,tvSeries,tt16410704
The Son,2021.0,Documentary,9.8,46,movie,tt16413912
Borderline,2013.0,Music,8.6,7,movie,tt16416588
Skin Trade,2014.0,"Action,Crime,Thriller",5.6,9033,movie,tt1641841
Blood Money,2021.0,Thriller,6.4,420,movie,tt16420402
Don,2010.0,Action,6.1,35,movie,tt1643229
Ancient Aliens,2009.0,"Documentary,History",7.0,13637,tvSeries,tt1643266
Erased,2012.0,"Action,Thriller",6.0,34534,movie,tt1645155
Sthaniya Sambaad,2009.0,"Comedy,Drama",7.7,93,movie,tt1645919
How to Train Your Dragon 2,2014.0,"Action,Adventure,Animation",7.8,406449,movie,tt1646971
The Artist,2021.0,"Drama,Horror",8.2,16,movie,tt16476738
Wolf,2010.0,"Action,Crime,Drama",4.9,113,movie,tt1648168
Fisherman's Friends,2019.0,"Comedy,Drama,Music",7.0,13114,movie,tt1648186
Chosen,2022.0,"Drama,Mystery,Sci-Fi",4.7,1869,tvSeries,tt16492950
Who's That Knocking at My Door?,2007.0,"Crime,Drama,Thriller",5.5,84,movie,tt1649348
Katha,2009.0,Drama,6.5,98,movie,tt1649353
The Impossible,2012.0,"Drama,History,Thriller",7.5,266725,movie,tt1649419
Bloodline,2013.0,Horror,4.0,402,movie,tt1650041
SGT. Will Gardner,2019.0,"Action,Adventure,Drama",6.0,1310,movie,tt1650060
Duplicate,2009.0,"Comedy,Drama",4.3,84,movie,tt1650534
Escaping Tel Aviv,2009.0,"Action,Adventure,Drama",7.3,6846,movie,tt1650844
Hero,2021.0,Drama,5.2,18,movie,tt16549468
My Week with Marilyn,2011.0,"Biography,Drama",6.9,91717,movie,tt1655420
The Artist,2011.0,"Comedy,Drama,Romance",7.8,256255,movie,tt1655442
Wanderlust,2012.0,"Comedy,Romance",5.6,83236,movie,tt1655460
Wild Oats,2016.0,"Action,Adventure,Comedy",5.7,5043,movie,tt1655461
The Search,2021.0,Talk-Show,3.9,100,tvSeries,tt16560806
Safe,2012.0,"Action,Crime,Thriller",6.5,125584,movie,tt1656190
Honey 2,2011.0,"Comedy,Drama,Music",5.2,7996,movie,tt1657283
Gimme Shelter,2013.0,Drama,6.4,9826,movie,tt1657510
First Love,2010.0,"Adventure,Documentary,Family",7.2,115,movie,tt1657885
Transformers Prime,2010.0,"Action,Adventure,Animation",8.1,10885,tvSeries,tt1659175
Autumn,2010.0,Drama,6.5,268,movie,tt1659205
The Neighbor,2010.0,Drama,6.8,34,movie,tt1659276
The Perks of Being a Wallflower,2012.0,Drama,7.9,604351,movie,tt1659337
Enemy,2021.0,"Drama,Mystery",7.4,63,tvSeries,tt16606418
Jonas,2013.0,"Drama,Fantasy",5.3,45,movie,tt1661230
Chashme Baddoor,1998.0,,6.7,7,tvSeries,tt1661523
Cut Bank,2014.0,"Crime,Drama,Mystery",6.1,14795,movie,tt1661820
Middle Men,2010.0,"Action,Comedy,Crime",5.7,54,movie,tt1664697
Til Death Do Us Part,2011.0,"Drama,Romance",6.4,725,movie,tt1664704
From A to B,2014.0,"Adventure,Comedy,Drama",5.8,1376,movie,tt1666287
The Calling,2014.0,"Drama,Horror,Mystery",5.9,9999,movie,tt1666335
Anchor Baby,2010.0,"Drama,Thriller",6.2,112,movie,tt1666555
Highway,2022.0,Thriller,4.1,223,movie,tt16673138
Mirror Mirror,2012.0,"Adventure,Comedy,Drama",5.6,95496,movie,tt1667353
I Hate Luv Storys,2010.0,"Comedy,Drama,Musical",5.7,9352,movie,tt1667838
Sarah's Key,2010.0,"Drama,War",7.5,18769,movie,tt1668200
Borderline,2011.0,"Action,Comedy,Crime",5.7,679,movie,tt1669694
The Promise,1952.0,Drama,4.3,42,movie,tt1671489
My Babysitter's a Vampire,2010.0,"Adventure,Comedy,Crime",6.2,4901,movie,tt1673423
Little Monsters,1998.0,"Animation,Family,Fantasy",8.1,41,tvSeries,tt1673447
The Sapphires,2012.0,"Biography,Comedy,Drama",7.1,16005,movie,tt1673697
The Hollow,2022.0,"Crime,Drama,Mystery",7.6,543,tvSeries,tt16740278
Beyblade: Metal Fusion,2009.0,"Action,Animation,Family",7.0,3504,tvSeries,tt1674928
The Intouchables,2011.0,"Comedy,Drama",8.5,1039718,movie,tt1675434
Possessed,2006.0,Horror,6.1,14,movie,tt1676989
Dark Waters,2010.0,"Drama,Horror,Thriller",6.5,22,movie,tt1677677
Match,2021.0,Comedy,6.6,28,tvSeries,tt16781868
Mean Girls 2,2011.0,"Comedy,Drama",4.1,27517,tvMovie,tt1679235
The Stolen,2017.0,"Action,Adventure,Drama",5.4,1665,movie,tt1680140
Bully,2011.0,"Documentary,Drama",7.3,10709,movie,tt1682181
Headshot,2011.0,"Crime,Drama,Thriller",6.1,1899,movie,tt1682186
The Last Word,2023.0,Comedy,7.1,139,movie,tt16824022
Mara,2022.0,Documentary,6.9,18,movie,tt16825560
The Ultimatum,2009.0,Drama,5.4,14,tvSeries,tt1682704
Been So Long,2018.0,"Drama,Musical,Romance",5.5,1272,movie,tt1682886
De Palma,2015.0,"Biography,Documentary",7.4,6721,movie,tt1683048
Ghost Stories,2009.0,Documentary,7.1,62,tvSeries,tt1684731
Accidentally in Love,2011.0,"Comedy,Drama,Romance",6.1,1122,tvMovie,tt1684914
Solo,1970.0,,5.3,18,tvSeries,tt1685416
Act of Vengeance,2010.0,"Action,Drama",5.7,16072,movie,tt1686039
The Plan,2010.0,Documentary,6.5,11,movie,tt1688206
The Influence,2010.0,"Action,Drama,Fantasy",5.7,299,movie,tt1688225
"Drugs, Inc.",2010.0,"Crime,Documentary",7.8,1505,tvSeries,tt1688779
Maria,2023.0,"Horror,Sci-Fi,Thriller",3.5,682,movie,tt16897732
Target,2023.0,"Comedy,Romance",6.4,92,movie,tt16897852
Borderline,2023.0,"Drama,Thriller",4.3,200,movie,tt16900896
Come Sunday,2018.0,"Biography,Drama",6.0,2767,movie,tt1690967
Manhunt,2024.0,"Drama,History,Thriller",7.2,9662,tvMiniSeries,tt16912512
Fallen,2022.0,Horror,2.2,286,movie,tt16913072
Black,2022.0,"Action,Thriller",5.3,2193,movie,tt16914952
Before I Fall,2017.0,"Drama,Fantasy,Mystery",6.4,61352,movie,tt1691916
The Promise,2011.0,"Drama,Mystery,War",8.4,2390,tvMiniSeries,tt1692202
The Chase,2021.0,Game-Show,7.7,23,tvSeries,tt16929850
Mantra,2010.0,"Horror,Mystery,Thriller",5.5,72,movie,tt1693032
Zoo,2010.0,"Action,Comedy,Drama",3.1,67,movie,tt1693105
Highway,2012.0,Comedy,3.5,351,movie,tt1693107
All About Love,2010.0,"Comedy,Romance",6.3,415,movie,tt1694518
Tanu Weds Manu,2011.0,"Comedy,Drama,Romance",6.8,18144,movie,tt1694542
Daybreak,2010.0,"News,Talk-Show",2.8,219,tvSeries,tt1695352
The Legend of Korra,2012.0,"Action,Adventure,Animation",8.3,154037,tvSeries,tt1695360
Huntik: Secrets and Seekers,2009.0,"Action,Adventure,Animation",8.2,1602,tvSeries,tt1696969
Delirium,2014.0,"Adventure,Fantasy,Romance",6.5,2058,tvMovie,tt1698647
Catching the Sun,2015.0,"Documentary,Drama,History",6.6,620,movie,tt1698654
The Cat in the Hat Knows a Lot About That!,2010.0,"Adventure,Animation,Comedy",6.5,920,tvSeries,tt1699440
Captive,2012.0,"Drama,Thriller",6.1,884,movie,tt1699745
Hell on Wheels,2011.0,"Drama,Western",8.3,60263,tvSeries,tt1699748
Surviving Death,2010.0,Documentary,6.4,32,tvSeries,tt1699754
Cuckoo,2023.0,"Drama,Thriller",5.7,23,movie,tt17013446
The Crew,2008.0,Comedy,7.3,18,tvSeries,tt1701986
Detention,2011.0,"Comedy,Horror,Mystery",5.6,17477,movie,tt1701990
Casa de mi Padre,2012.0,"Comedy,Western",5.5,22182,movie,tt1702425
Justin Bieber: Never Say Never,2011.0,"Documentary,Music",1.7,76072,movie,tt1702443
Broken,2011.0,Drama,7.8,13,movie,tt1702458
Genius,2016.0,"Biography,Drama",6.5,22879,movie,tt1703957
Ek Main Aur Ekk Tu,2012.0,"Comedy,Drama,Romance",5.8,7637,movie,tt1703958
Aurora: A Love Story,2023.0,Drama,5.3,93,movie,tt17041522
Breakout,2010.0,"Documentary,History",8.0,318,tvSeries,tt1704294
The Fix,2022.0,Documentary,8.8,70,tvSeries,tt17042966
Power Rangers Samurai,2011.0,"Action,Adventure,Comedy",5.4,3531,tvSeries,tt1704503
La Reina del Sur,2011.0,"Action,Crime,Drama",7.8,3941,tvSeries,tt1704637
Teresa,2010.0,"Drama,Romance",7.7,1781,tvSeries,tt1705090
Guru,2022.0,Drama,6.7,66,tvMiniSeries,tt17053490
Brothers,2022.0,Comedy,3.7,19,movie,tt17058672
Tarzan,2013.0,"Adventure,Animation,Drama",4.8,13410,movie,tt1705952
Tezz,2012.0,"Action,Crime,Drama",4.1,2814,movie,tt1706317
Snowpiercer,2013.0,"Action,Drama,Sci-Fi",7.1,424737,movie,tt1706620
Les Misérables,2012.0,"Drama,Musical,Romance",7.5,364529,movie,tt1707386
The Lesson,2022.0,Drama,7.4,564,tvSeries,tt17074098
Ethos,2011.0,Documentary,7.4,1282,movie,tt1707818
The Island,2010.0,Drama,9.1,3447,tvSeries,tt1708523
Ready,2011.0,"Action,Comedy,Romance",5.0,22437,movie,tt1708532
Drive,2010.0,Documentary,6.3,22,movie,tt1709105
Sym-Bionic Titan,2010.0,"Action,Adventure,Animation",8.1,3792,tvSeries,tt1709198
What If?,2010.0,Drama,7.4,596,tvSeries,tt1710926
21 & Over,2013.0,Comedy,5.8,80268,movie,tt1711425
A Family Man,2011.0,Drama,7.7,43,movie,tt1712178
Message from the King,2016.0,"Action,Crime,Drama",6.4,19452,movie,tt1712192
Triple 9,2016.0,"Action,Crime,Drama",6.3,82216,movie,tt1712261
Smoke & Mirrors,2016.0,"Biography,Thriller",6.8,8923,movie,tt1713440
An Ordinary Man,2009.0,"Comedy,Drama",5.4,23,movie,tt1714160
The Spectacular Now,2013.0,"Drama,Romance",7.0,169409,movie,tt1714206
Do Dooni Chaar,2010.0,"Comedy,Crime,Drama",7.5,6302,movie,tt1714832
Gimme Shelter,2010.0,Drama,6.2,54,tvMovie,tt1714916
We Are Family,2012.0,Comedy,4.9,347,movie,tt1714920
Just Another Love Story,2019.0,Drama,8.1,11,tvSeries,tt17154134
The Inbetweeners,2011.0,Comedy,6.7,91626,movie,tt1716772
A Family Man,2016.0,Drama,6.5,14884,movie,tt1718924
Dark Tourist,2012.0,"Drama,Thriller",4.9,1268,movie,tt1719068
Hardy Bucks,2010.0,Comedy,8.3,1170,tvSeries,tt1719837
Jimi Hendrix,2010.0,Documentary,5.7,12,tvMovie,tt1720126
Thank You,2011.0,Comedy,4.9,6959,movie,tt1720254
The Yard,2011.0,Comedy,8.2,489,tvSeries,tt1721669
Home for Christmas,2010.0,"Comedy,Drama",6.1,1257,movie,tt1722515
Exit Strategy,2012.0,"Comedy,Romance",3.2,466,movie,tt1723123
Into the Night,2011.0,Drama,7.3,11,movie,tt1723125
Beyond Skyline,2017.0,"Action,Adventure,Horror",5.3,25194,movie,tt1724970
Follow Me,1978.0,,9.3,13,tvSeries,tt1725001
Dracula,1972.0,"Comedy,Horror",5.8,18,tvMovie,tt1726626
Fracture,2010.0,Drama,7.2,155,tvMovie,tt1726637
One Night Stand,2011.0,Documentary,8.0,60,movie,tt1726707
Stray Bullet,2010.0,Drama,6.3,436,movie,tt1726871
My Babysitter's a Vampire,2011.0,"Action,Comedy,Family",7.1,6177,tvSeries,tt1727434
Against the Tide,2009.0,Documentary,7.2,50,movie,tt1727479
Rebirth,2011.0,Drama,7.2,939,movie,tt1727825
The Box,2011.0,Drama,5.9,74,movie,tt1728200
The Family,2011.0,"Horror,Thriller",3.1,4410,movie,tt1728973
The Set Up,1963.0,Drama,6.4,92,movie,tt1729234
10 jours en or,2012.0,"Comedy,Drama",6.0,1071,movie,tt1729630
Bodyguard,2011.0,"Action,Comedy,Drama",4.8,30999,movie,tt1729637
Headwinds,2011.0,"Drama,Mystery",6.4,1646,movie,tt1730689
The Mirror Boy,2011.0,"Adventure,Drama,Fantasy",4.7,162,movie,tt1730705
Barely Lethal,2015.0,"Action,Comedy",5.4,24650,movie,tt1731701
Elite,2010.0,Action,3.9,55,movie,tt1731982
Up North,2004.0,"Comedy,Horror",5.9,42,movie,tt1732757
The Bridge,2011.0,"Crime,Mystery,Thriller",8.6,85316,tvSeries,tt1733785
50/50,2010.0,Documentary,7.8,14,movie,tt1734060
No One Killed Jessica,2011.0,"Biography,Crime,Drama",7.2,13285,movie,tt1734110
Trollhunters: Tales of Arcadia,2016.0,"Action,Adventure,Animation",8.4,22579,tvSeries,tt1734135
The Adderall Diaries,2015.0,"Crime,Drama,Mystery",5.1,6552,movie,tt1735907
The Woods,2012.0,"Drama,Thriller",6.8,35,movie,tt1736052
Target,2010.0,Drama,6.5,35,movie,tt1737251
The Island,2011.0,"Drama,Romance",4.9,836,movie,tt1737256
Wanted,2010.0,Action,6.2,656,movie,tt1737267
The Truth,2022.0,Drama,8.1,69,movie,tt17373462
All Together Now,2013.0,"Comedy,Drama",6.6,73,movie,tt1739155
Powder,2010.0,"Crime,Thriller",8.5,846,tvSeries,tt1739744
Rishta.com,2010.0,Drama,8.5,545,tvSeries,tt1739752
Hole in the Wall,2010.0,Game-Show,5.2,73,tvSeries,tt1740833
I Am,2010.0,Documentary,7.5,3955,movie,tt1741225
Secret in Their Eyes,2015.0,"Crime,Drama,Mystery",6.3,55306,movie,tt1741273
Jersey Boys,2014.0,"Biography,Drama,Music",6.8,38629,movie,tt1742044
I Don't Know How She Does It,2011.0,"Comedy,Family,Romance",5.0,21886,movie,tt1742650
The Mayor,2011.0,"Comedy,Documentary,Drama",8.9,56,movie,tt1744662
The Tribe,2014.0,"Crime,Drama",6.9,12774,movie,tt1745787
Leila,2011.0,"Drama,Thriller",5.2,86,movie,tt1745932
Much Ado About Nothing,2010.0,"Comedy,Drama,Romance",4.7,17,movie,tt1748124
Set Up,2011.0,"Action,Crime,Drama",4.4,22323,movie,tt1748197
Sweetheart,2010.0,Drama,5.6,13,movie,tt1748216
The Invisible Guest,2026.0,"Crime,Drama,Mystery",6.8,95,movie,tt17497130
Life,2022.0,Drama,5.5,25,movie,tt17505240
Love Me or Leave Me,2010.0,Family,6.6,58,tvMovie,tt1750698
My Little Pony: Friendship Is Magic,2010.0,"Adventure,Animation,Comedy",7.8,26519,tvSeries,tt1751105
One Day,2009.0,Thriller,7.2,14,tvSeries,tt1751291
Blood Money,2012.0,"Action,Thriller",3.1,658,movie,tt1753521
Broken,2010.0,Drama,6.4,14,movie,tt1753546
Detour,2013.0,"Horror,Romance,Thriller",5.2,1137,movie,tt1753693
The End,2011.0,Drama,7.7,55,movie,tt1754068
Michael,2011.0,"Drama,Thriller",5.7,2465,movie,tt1754202
Santa's Apprentice,2010.0,"Animation,Comedy,Family",6.4,625,movie,tt1754455
Season of the Witch,2009.0,Thriller,4.2,239,movie,tt1754471
Day and Night,2010.0,Drama,5.5,583,movie,tt1754568
Taxi Ballad,2011.0,Drama,6.2,213,movie,tt1754578
The Little Prince,2015.0,"Adventure,Animation,Comedy",7.6,72213,movie,tt1754656
The Woods,2011.0,Comedy,6.0,80,movie,tt1754733
Brothers,2011.0,Drama,5.7,196,movie,tt1754838
Skins,2011.0,"Comedy,Drama",3.8,5986,tvSeries,tt1755893
Love,2010.0,Documentary,6.2,10,movie,tt1756603
Marianne,2011.0,"Drama,Fantasy,Horror",4.7,563,movie,tt1756615
Pegasus,2010.0,Drama,6.3,112,movie,tt1756672
Iris,2009.0,"Action,Mystery,Romance",7.7,2760,tvSeries,tt1757202
Anwar,2010.0,"Action,Drama,Thriller",6.5,1050,movie,tt1757671
Mitt,2014.0,"Biography,Documentary,Family",6.8,2726,movie,tt1757800
Survivor,2001.0,Reality-TV,6.8,10,tvSeries,tt1759419
Charlie's Angels,2011.0,"Action,Adventure,Crime",4.4,4598,tvSeries,tt1760943
The Little Mermaid,1974.0,Family,7.2,17,tvMovie,tt1763244
Mr. Young,2011.0,"Comedy,Family,Fantasy",6.0,1527,tvSeries,tt1763751
Killing Them Softly,2012.0,"Crime,Drama,Thriller",6.2,161553,movie,tt1764234
The Deep,2012.0,"Action,Adventure,Drama",6.6,6128,movie,tt1764275
Helix,2015.0,"Action,Mystery,Sci-Fi",3.9,917,movie,tt1764355
Shadow,2010.0,Horror,3.0,15,movie,tt1764589
Thank You,2007.0,Drama,7.8,346,tvSeries,tt1765453
Shadow,2022.0,Drama,7.3,30,movie,tt17663126
Tango,2010.0,,6.1,13,tvSeries,tt1769102
Bad Genius,2024.0,"Crime,Drama,Thriller",6.3,3770,movie,tt17717416
Goosebumps,2023.0,"Action,Adventure,Comedy",6.7,16540,tvSeries,tt17720272
Apollo 18,2011.0,"Horror,Mystery,Sci-Fi",5.2,60548,movie,tt1772240
Stonehearst Asylum,2014.0,"Drama,Horror,Mystery",6.8,65382,movie,tt1772264
The International Player,2009.0,"Drama,Sport",6.5,819,movie,tt1772838
Game,2011.0,"Action,Crime,Drama",5.3,2674,movie,tt1772872
Jiro Dreams of Sushi,2011.0,Documentary,7.8,39990,movie,tt1772925
Target,2011.0,"Drama,Sci-Fi",5.6,738,movie,tt1772980
Beast Legends,2010.0,Documentary,4.8,75,tvSeries,tt1773132
Puella Magi Madoka Magica,2011.0,"Action,Adventure,Animation",8.2,14619,tvMiniSeries,tt1773185
Bloodline,2010.0,Horror,3.6,242,movie,tt1773314
The School of Mischief,1973.0,"Comedy,Drama,Musical",6.0,416,movie,tt1773561
Polar,2011.0,Music,8.1,70,movie,tt1773629
The Game,2010.0,"Drama,Mystery,Thriller",8.6,13,movie,tt1773736
Mara,2018.0,"Crime,Horror,Mystery",5.1,9823,movie,tt1773753
Teenage Cocktail,2016.0,"Drama,Thriller",5.8,5567,movie,tt1774591
Don't Go Breaking My Heart,2011.0,Romance,6.5,2120,movie,tt1776143
Break,2010.0,Horror,4.8,10,movie,tt1776844
Maktub,2011.0,"Comedy,Drama",6.7,873,movie,tt1779826
Portlandia,2011.0,Comedy,7.8,25033,tvSeries,tt1780441
Aftershock,2012.0,"Action,Adventure,Drama",4.8,13004,movie,tt1780762
Moving On,2012.0,Documentary,6.9,11,movie,tt1781865
Paradise Lost,2006.0,Horror,4.0,66,movie,tt17823062
My Amnesia Girl,2010.0,"Comedy,Drama,Romance",6.7,524,movie,tt1783350
Amanda Knox,2011.0,"Crime,Drama",5.7,2464,tvMovie,tt1783413
Daybreak,2010.0,Drama,7.9,49,movie,tt1784399
Miss Representation,2011.0,Documentary,7.5,3944,movie,tt1784538
Players,2012.0,"Action,Crime,Thriller",4.4,5576,movie,tt1784589
Bangkok Revenge,2011.0,"Action,Drama",4.9,807,movie,tt1784600
An Ordinary Man,2017.0,"Drama,Thriller,War",5.7,3767,movie,tt1785288
Chittagong,2012.0,"Action,Drama,War",7.3,1957,movie,tt1785333
Bleach the Movie: Hell Verse,2010.0,"Action,Adventure,Animation",7.3,4330,movie,tt1785394
The Vault,2017.0,"Crime,Horror,Mystery",4.9,14473,movie,tt1785635
Love Is in the Air,2010.0,"Drama,Romance",5.4,7959,tvSeries,tt1786368
Fire in the Blood,2013.0,"Documentary,History",7.7,813,movie,tt1787067
Being Elmo: A Puppeteer's Journey,2011.0,"Biography,Documentary",7.6,7322,movie,tt1787660
Talaash: The Answer Lies Within,2012.0,"Crime,Drama,Mystery",7.3,49006,movie,tt1787988
Forget Me Not,2010.0,Drama,5.0,39,movie,tt1788440
Simon Killer,2012.0,"Drama,Horror,Thriller",6.3,5405,movie,tt1790834
The Neighbor,2011.0,Drama,7.4,23,movie,tt1791436
Zoo,2022.0,Family,4.3,25,tvSeries,tt17915774
While We're Young,2014.0,"Comedy,Drama,Mystery",6.3,56268,movie,tt1791682
The Jungle Book,2010.0,"Adventure,Animation,Family",4.9,250,tvSeries,tt1794595
Behzat Ç: An Ankara Detective Story,2010.0,"Comedy,Crime,Drama",8.8,36411,tvSeries,tt1795096
The Promise,2008.0,"Action,Adventure,Crime",5.6,435,movie,tt1795681
Homeland,2011.0,"Crime,Drama,Mystery",8.3,387651,tvSeries,tt1796960
Sat Sri Akal,2008.0,"Drama,Family,Romance",6.3,24,movie,tt1797486
Sisters,2011.0,"Crime,Drama,Romance",7.2,853,tvMovie,tt1797491
The Inbetweeners,2012.0,Comedy,2.9,5082,tvSeries,tt1798695
Her,2013.0,"Drama,Romance,Sci-Fi",8.0,732723,movie,tt1798709
Animal Crackers,1988.0,Comedy,7.6,32,tvSeries,tt1799176
After,2012.0,"Drama,Fantasy,Horror",5.4,6710,movie,tt1799508
Benji,2018.0,"Crime,Drama,Family",6.4,6262,movie,tt1799516
Blue Exorcist,2011.0,"Action,Animation,Drama",7.4,17352,tvSeries,tt1799631
Phobia,2013.0,"Horror,Mystery,Thriller",3.4,278,movie,tt1800240
The Sinner,2012.0,"Action,Adventure,Drama",7.3,42,movie,tt1800757
The Hater,2022.0,Comedy,4.6,374,movie,tt18019258
I Am Kalam,2010.0,"Comedy,Drama",7.9,5250,movie,tt1805263
Rubi,2010.0,Drama,6.9,31,tvSeries,tt1806478
The Pyramid Code,2009.0,Documentary,6.9,867,tvSeries,tt1806688
Aurora,2010.0,Crime,6.7,259,tvSeries,tt1807106
Wakfu,2007.0,"Action,Adventure,Animation",8.2,2750,tvSeries,tt1807824
Liefling,2010.0,Musical,5.3,153,movie,tt1808262
Entanglement,2011.0,Crime,6.0,682,movie,tt1808641
Jackpot,2011.0,"Action,Comedy,Crime",6.6,3574,movie,tt1809231
Unbroken,2014.0,"Biography,Drama,Sport",7.2,200169,movie,tt1809398
Canvas,2010.0,Drama,3.4,10,movie,tt1810551
Days We Stared at the Sun,2010.0,Drama,7.9,207,tvSeries,tt1813893
Bang Rajan 2,2011.0,"Action,Adventure,War",5.4,262,movie,tt1814644
House Arrest,2008.0,"Comedy,Music",5.6,18,movie,tt1814727
Sparta,2022.0,Drama,6.7,1137,movie,tt18162296
Shelter,2010.0,"Comedy,Drama",6.8,409,movie,tt1817236
The Place Beyond the Pines,2012.0,"Crime,Drama,Thriller",7.3,312250,movie,tt1817273
Godless,2010.0,"Documentary,Drama",7.6,20,movie,tt1820450
One Night Stand,2010.0,"Comedy,Drama,Music",8.0,33,tvSeries,tt1821102
Teen Mom 2,2011.0,"Documentary,Reality-TV",4.5,2469,tvSeries,tt1821220
Persona,2025.0,"Crime,Drama,Thriller",4.9,41,movie,tt18213692
Kahaani,2012.0,"Mystery,Thriller",8.1,70450,movie,tt1821480
The Congress,2013.0,"Animation,Drama,Sci-Fi",6.4,20936,movie,tt1821641
The Nut Job,2014.0,"Adventure,Animation,Comedy",5.7,32771,movie,tt1821658
Travelers,2011.0,"Drama,Mystery",6.9,19,movie,tt1821698
To Strike,2013.0,"Action,Crime,Drama",7.4,30032,movie,tt1821700
Omar & Salma 2,2009.0,"Comedy,Drama",4.9,1283,tvMovie,tt1822275
A Perfect Ending,2012.0,"Drama,Romance",5.6,5529,movie,tt1823059
Chappie,2015.0,"Action,Crime,Drama",6.8,285619,movie,tt1823672
Mary Portas: Secret Shopper,2011.0,Reality-TV,6.8,91,tvSeries,tt1823963
Unstoppable,2025.0,"Family,Sci-Fi",5.6,38,movie,tt18248022
Exit Strategy,2015.0,Action,5.1,113,tvMovie,tt1824966
Black Panther,2018.0,"Action,Adventure,Sci-Fi",7.3,923471,movie,tt1825683
Possessed,2002.0,"Drama,Horror",4.6,39,movie,tt1825922
The Artist,2011.0,Thriller,7.1,14,movie,tt1825978
The Outsiders,2022.0,Drama,6.0,32,tvSeries,tt18266366
Metro,2011.0,Drama,5.5,35,tvMovie,tt1826863
New Girl,2011.0,"Comedy,Romance",7.8,265540,tvSeries,tt1826940
Work It,2012.0,Comedy,3.1,1016,tvSeries,tt1826951
Together,2011.0,"Drama,Thriller",7.2,597,movie,tt1826955
Zero,2011.0,Drama,6.4,33,movie,tt1827592
Irada Pakka,2010.0,"Comedy,Drama",5.8,45,movie,tt1828210
Human Nature,2022.0,Adventure,7.0,293,movie,tt18283374
Immortals,2024.0,Documentary,6.9,59,movie,tt18298510
The Magicians,2011.0,"Comedy,Mystery",8.1,66,tvSeries,tt1830351
Top Boy,2011.0,"Crime,Drama,Thriller",8.4,49685,tvSeries,tt1830379
Death of Me,2020.0,"Horror,Mystery,Thriller",4.5,8120,movie,tt1830643
Mars,2024.0,"Animation,Comedy,Fantasy",6.4,214,movie,tt18310498
Leyla and Mecnun,2011.0,"Adventure,Comedy,Drama",9.0,103918,tvSeries,tt1831164
Wanted,2011.0,"Action,Drama",4.1,188,movie,tt1831825
Justice,2009.0,"Crime,Documentary",8.8,48,tvSeries,tt1831980
A Separation,2011.0,Drama,8.3,279969,movie,tt1832382
Hart of Dixie,2011.0,"Comedy,Drama,Romance",7.7,60257,tvSeries,tt1832979
Son of a Gun,2011.0,"Documentary,Music,Reality-TV",5.7,20,tvSeries,tt1833191
Boss,2011.0,"Crime,Drama",8.1,18974,tvSeries,tt1833285
Cake,2022.0,"Comedy,Romance,Thriller",6.1,13,movie,tt18334720
Chloe,2013.0,"Drama,Music,Romance",6.5,59,movie,tt1833881
Home Game,2011.0,Comedy,6.0,39,tvMovie,tt1834827
Wanderlust,2022.0,Adventure,7.6,116,tvSeries,tt18352648
Longmire,2012.0,"Action,Crime,Drama",8.3,44246,tvSeries,tt1836037
Under the Shadow,2022.0,"Crime,Drama",3.6,43,movie,tt18360390
The Protector,2011.0,"Crime,Drama",6.8,662,tvSeries,tt1836417
Shaitan,2011.0,"Action,Crime,Drama",7.2,9252,movie,tt1836912
13 Reasons Why,2017.0,"Drama,Mystery,Thriller",7.4,342648,tvSeries,tt1837492
Hyena,2014.0,"Crime,Drama,Thriller",6.2,3711,movie,tt1837574
Scandal,2012.0,"Drama,Thriller",7.7,84896,tvSeries,tt1837576
Queen of the Desert,2015.0,"Adventure,Biography,Drama",5.7,13688,movie,tt1837636
Revenge,2011.0,"Drama,Mystery,Thriller",7.8,130153,tvSeries,tt1837642
Truth or Dare,2012.0,"Horror,Mystery",5.6,11528,movie,tt1838722
The A List,2010.0,Comedy,5.0,18,tvSeries,tt1839272
Person of Interest,2011.0,"Action,Crime,Drama",8.5,214536,tvSeries,tt1839578
Awake,2012.0,"Drama,Fantasy,Mystery",7.8,22044,tvSeries,tt1839683
Three,2010.0,"Drama,Thriller",7.2,13,movie,tt1840960
KO One,2005.0,"Action,Comedy,Drama",5.7,126,tvSeries,tt1841171
Children's Party,2011.0,"Comedy,Drama,Family",7.5,9486,movie,tt1841542
Demonic,2015.0,"Horror,Mystery,Thriller",5.3,18095,movie,tt1841642
Exhibit A,2009.0,Thriller,8.2,12,movie,tt1842359
Friendship,2008.0,"Drama,Romance",6.5,281,movie,tt1842367
Retribution,2011.0,Thriller,6.7,76,movie,tt1842459
Once Upon a Time,2011.0,"Adventure,Fantasy,Romance",7.6,249198,tvSeries,tt1843230
American Horror Story,2011.0,"Drama,Horror,Sci-Fi",7.9,364042,tvSeries,tt1844624
Ai Weiwei: Never Sorry,2012.0,Documentary,7.5,4613,movie,tt1845773
Run,2002.0,Sci-Fi,7.7,16,movie,tt1846724
Trash,2010.0,Action,6.8,16,movie,tt1846800
Aarakshan,2011.0,"Drama,Thriller",6.2,6313,movie,tt1848771
Superstar,2012.0,Drama,5.3,1104,movie,tt1849111
Agneepath,2012.0,"Action,Crime,Drama",6.9,29050,movie,tt1849718
Sisters,2015.0,Comedy,6.0,73848,movie,tt1850457
Wake Up,2011.0,"Adventure,Drama,Mystery",6.6,12,movie,tt1850461
The Protector,2010.0,Action,8.1,35,movie,tt1851073
The End,2011.0,"Action,Comedy,Drama",7.0,12,movie,tt1852126
Private Life,1987.0,"Drama,Romance",6.0,41,movie,tt1852176
Django Unchained,2012.0,"Drama,Western",8.5,1908613,movie,tt1853728
City of God,2011.0,Drama,7.1,762,movie,tt1854518
Without Gorky,2011.0,Documentary,6.7,108,movie,tt1854593
End of Watch,2012.0,"Action,Crime,Drama",7.6,295261,movie,tt1855199
Pulang,2022.0,"Drama,Romance",8.2,15,tvMiniSeries,tt18552212
Boss,2023.0,"Crime,Drama,Thriller",6.7,749,movie,tt18557754
House of Cards,2013.0,"Drama,Thriller",8.6,562602,tvSeries,tt1856010
Phantom Boy,2015.0,"Action,Adventure,Animation",6.6,1826,movie,tt1856057
Sabrina,2022.0,"Crime,Thriller",6.9,392,tvSeries,tt18561494
Almost Love,2022.0,"Comedy,Romance",6.3,100,movie,tt18570412
Inhuman Resources,2012.0,"Horror,Thriller",5.8,3083,movie,tt1857842
Cain and Abel,2003.0,"Animation,Biography,Drama",5.6,106,movie,tt1859508
Persona,2011.0,"Comedy,Drama",6.3,139,tvSeries,tt1859567
Revenge,2011.0,Action,6.3,52,movie,tt1859578
Kath & Kimderella,2012.0,Comedy,5.4,1737,movie,tt1859607
The Highwaymen,2019.0,"Biography,Crime,Drama",6.9,114858,movie,tt1860242
Turbo,2013.0,"Adventure,Animation,Comedy",6.4,127382,movie,tt1860353
Undefeated,2011.0,"Documentary,Sport",7.7,7555,movie,tt1860355
Khotey Sikkey,2011.0,Crime,7.3,135,tvSeries,tt1860700
Braxton Family Values,2011.0,"Biography,Comedy,Drama",6.1,708,tvSeries,tt1861510
Safety Not Guaranteed,2012.0,"Adventure,Comedy,Drama",6.9,135730,movie,tt1862079
Once Again,2010.0,Drama,5.0,31,movie,tt1864442
The Student,2011.0,Drama,6.9,1291,movie,tt1865357
Ink Master,2012.0,"Game-Show,Reality-TV",7.4,5405,tvSeries,tt1865740
The Little Prince,2010.0,"Adventure,Animation,Family",7.3,508,tvSeries,tt1865800
Leap Year,2011.0,"Comedy,Drama",6.9,96,tvSeries,tt1865801
Amateur,2011.0,Documentary,7.9,117,movie,tt1866094
Race,2011.0,Drama,4.0,116,movie,tt1867035
Shark Night,2010.0,Documentary,3.3,127,tvMovie,tt1867055
Pihu,2021.0,"Drama,Family",8.2,19,movie,tt18687502
Holidays,2022.0,Documentary,6.9,18,movie,tt18687904
Broken,2012.0,"Drama,Thriller",8.4,24,movie,tt1869318
Life,2010.0,Documentary,7.8,7,movie,tt1869538
The Great Magician,2011.0,"Comedy,Drama,Mystery",5.9,2127,movie,tt1869721
Justin Time,2011.0,"Adventure,Animation,Comedy",6.8,311,tvSeries,tt1870073
Mac & Devin Go to High School,2012.0,Comedy,4.4,10112,movie,tt1870425
Legend Quest,2011.0,Reality-TV,3.8,208,tvSeries,tt1874006
The Box,2022.0,"Crime,Documentary",6.9,140,tvSeries,tt18750570
Geronimo Stilton,2009.0,"Adventure,Animation,Comedy",6.9,734,tvSeries,tt1875337
Sparkle,2012.0,"Drama,Music",5.8,6911,movie,tt1876451
The Great British Baking Show,2010.0,"Game-Show,Reality-TV",8.6,16018,tvSeries,tt1877368
Bad Boys,1993.0,"Animation,Short",4.7,17,tvMiniSeries,tt1877572
No Tomorrow,2010.0,Documentary,7.2,29,movie,tt1877727
Teenage Mutant Ninja Turtles,2012.0,"Action,Adventure,Animation",7.9,18630,tvSeries,tt1877889
Daughters of Destiny,2017.0,Documentary,8.6,1084,tvMiniSeries,tt1877895
The Darkness,2016.0,"Horror,Thriller",4.5,18049,movie,tt1878841
The Edge of Seventeen,2016.0,"Comedy,Drama,Romance",7.3,152911,movie,tt1878870
Desire,2011.0,"Drama,Romance",5.4,10067,movie,tt1879030
The Game,1989.0,Drama,8.7,11,tvSeries,tt1879995
Kodachrome,2017.0,Drama,6.9,21859,movie,tt1880399
Shikari,2011.0,"Drama,Family",5.2,107,movie,tt1881053
Midnight Diner,2009.0,"Comedy,Drama",8.6,3967,tvSeries,tt1882928
The Bar,2009.0,Drama,7.7,23,movie,tt1882985
The Miracle,2013.0,Drama,5.4,91,movie,tt1883179
Justice,2011.0,Drama,7.0,106,tvMiniSeries,tt1883814
Conspiracy,2011.0,"Action,Crime,Drama",6.0,33,movie,tt1884274
The Package,2012.0,"Action,Crime,Thriller",5.0,4695,movie,tt1884457
Masha and the Bear,2007.0,"Adventure,Animation,Comedy",7.2,5282,tvSeries,tt1884856
Haunted,2011.0,"Horror,Thriller",6.4,3241,movie,tt1887763
Ragini MMS,2011.0,"Drama,Horror,Mystery",5.1,3042,movie,tt1890513
Spartacus,2008.0,Music,7.9,38,tvMovie,tt1890538
Once Upon a Time in Mumbaai Dobara,2013.0,"Action,Crime,Drama",4.5,8092,movie,tt1891884
The Oath,2023.0,"Action,Adventure,Drama",3.3,743,movie,tt18925050
Dear Santa,2011.0,"Drama,Romance",6.5,3366,tvMovie,tt1893218
Redemption,2013.0,"Action,Crime,Drama",6.2,82595,movie,tt1893256
Invisible,2011.0,Drama,6.2,96,movie,tt1893261
Followers,2024.0,Horror,3.5,285,movie,tt18937782
The Gift,2011.0,Drama,6.2,26,tvSeries,tt1894103
Charlotte's Web,2025.0,"Adventure,Animation,Comedy",7.1,216,tvMiniSeries,tt18953896
Tango,2011.0,Drama,5.0,15,tvMovie,tt1895543
Spotlight,2015.0,"Biography,Crime,Drama",8.1,539929,movie,tt1895587
Go Home,2022.0,Drama,6.8,197,movie,tt18971964
Justine,1976.0,Drama,4.1,59,movie,tt1897946
Click,2021.0,"Action,Thriller",4.0,2123,movie,tt18989976
Game Over,1990.0,,5.6,16,movie,tt1899123
Material,2012.0,"Comedy,Drama",7.1,1190,movie,tt1899240
Castlevania,2009.0,Adventure,7.9,130,tvMovie,tt1900846
Dark Crimes,2016.0,"Crime,Drama,Mystery",4.6,20104,movie,tt1901024
Nathicharami,2022.0,Thriller,7.2,25,movie,tt19049412
Quicksand,2023.0,"Drama,Horror,Thriller",4.3,1978,movie,tt19056070
Wolf,2022.0,Documentary,7.3,182,movie,tt19064180
Michael,2011.0,"Drama,Thriller",6.9,5502,movie,tt1906426
Yes or No,2010.0,"Comedy,Romance",6.7,2230,movie,tt1906518
The Other,2010.0,Drama,5.9,97,movie,tt1907657
Undercover,2011.0,"Action,Crime,Drama",8.9,28420,tvSeries,tt1909015
The Woods,2020.0,"Crime,Drama,Mystery",6.5,9585,tvMiniSeries,tt1910645
The Call,2013.0,"Crime,Drama,Horror",6.7,135642,movie,tt1911644
Anohana: The Flower We Saw That Day,2011.0,"Adventure,Animation,Drama",8.1,18883,tvMiniSeries,tt1913273
Joker,2012.0,"Comedy,Family,Sci-Fi",2.7,10445,movie,tt1918886
The Light of My Eyes,2010.0,"Drama,Romance",5.8,1278,movie,tt1918984
Yoko,2012.0,"Adventure,Comedy,Drama",4.7,434,movie,tt1919207
Numbered,2012.0,"Documentary,History",7.1,366,movie,tt1921040
Pusher,2012.0,"Crime,Thriller",5.5,5130,movie,tt1921070
Trash,2014.0,"Adventure,Crime,Drama",7.1,23803,movie,tt1921149
Zero,2012.0,"Crime,Drama,Thriller",7.1,1051,movie,tt1921179
Phantom,2013.0,"Drama,History,Thriller",5.9,15725,movie,tt1922685
Dark Matter,2024.0,"Drama,Sci-Fi,Thriller",7.6,77271,tvSeries,tt19231492
Occupied,2011.0,Thriller,3.2,165,movie,tt1924334
Elena,2011.0,"Crime,Drama,Thriller",7.3,16191,movie,tt1925421
Pyaar Ka Punchnama,2011.0,"Comedy,Drama,Romance",7.6,23747,movie,tt1926313
The Peacemaker,2010.0,Reality-TV,6.8,13,tvSeries,tt1932333
Conspiracy,1996.0,Crime,4.6,10,movie,tt1933669
Delhi Belly,2011.0,"Action,Comedy,Crime",7.6,35270,movie,tt1934231
A Beautiful Life,2011.0,"Drama,Romance",6.6,1196,movie,tt1934335
Mud,2012.0,"Adventure,Drama",7.3,201209,movie,tt1935179
Solo,2013.0,Comedy,6.7,40,movie,tt1935234
Monsters: Dark Continent,2014.0,"Action,Drama,Sci-Fi",4.3,11773,movie,tt1935302
The Bling Ring,2011.0,Drama,5.2,1940,tvMovie,tt1935749
Other People,2012.0,Drama,7.5,11,movie,tt1935866
Get Santa,2014.0,"Comedy,Family,Fantasy",6.3,5400,movie,tt1935940
Bully,2024.0,Drama,6.5,11,tvMovie,tt19359568
The Body,2012.0,"Crime,Drama,Mystery",7.6,80364,movie,tt1937149
Compulsion,2022.0,Drama,5.8,346,tvSeries,tt19372530
The Challenge,2022.0,Game-Show,7.2,7,tvSeries,tt19373578
Buddies,2022.0,Drama,9.4,539,movie,tt19382948
Ouran High School Host Club,2011.0,"Comedy,Romance",7.4,878,tvSeries,tt1939256
Carrie,2013.0,"Drama,Horror,Thriller",5.8,156706,movie,tt1939659
Destiny,2007.0,Action,2.5,16,movie,tt1939670
Your Excellency,2022.0,"Comedy,Drama,Family",2.8,35,tvSeries,tt19397626
Three,2024.0,"Drama,Thriller",6.2,202,movie,tt19399206
Wild Child,2021.0,Documentary,6.9,32,tvSeries,tt19407770
Soundtrack,2011.0,"Comedy,Drama,Musical",7.1,924,movie,tt1941657
The Duel,2011.0,"Action,Romance,Sport",4.5,453,movie,tt1941684
Company,2011.0,"Comedy,Drama,Musical",7.7,1592,movie,tt1942831
Innocent,2011.0,"Crime,Drama,Mystery",5.7,961,tvMovie,tt1942887
Breath,2011.0,"Biography,Documentary",7.5,8,movie,tt1943715
Zero,2011.0,"Action,Drama,Mystery",7.7,9,tvMovie,tt1946520
Face 2 Face,2010.0,,6.3,21,tvSeries,tt1946864
Singham,2011.0,"Action,Crime,Drama",6.8,22741,movie,tt1948150
Borderline,2003.0,"Action,Drama",7.5,29,movie,tt1948536
La Doña,2011.0,Drama,7.6,61,tvSeries,tt1948898
Suits,2022.0,"Comedy,Drama",7.4,1164,tvSeries,tt19495202
Heroine,2012.0,Drama,5.0,4844,movie,tt1949548
The Woods,2022.0,Horror,2.8,35,movie,tt19498462
Let It Snow,2019.0,"Comedy,Romance",5.9,27224,movie,tt1950235
Let's Dance,2011.0,Documentary,8.7,14,movie,tt1950237
The Basement,2011.0,"Horror,Mystery,Thriller",4.1,168,movie,tt1954886
"Twisted Trunk, Big Fat Body",2013.0,Comedy,6.8,90,movie,tt1955036
Vettai,2012.0,Action,6.1,2773,movie,tt1956697
Evelyn,2012.0,Thriller,5.6,383,movie,tt1957898
Godless,2011.0,Documentary,7.6,30,tvSeries,tt1958665
Lilyhammer,2012.0,"Comedy,Crime,Drama",7.9,34682,tvSeries,tt1958961
The Beat,2010.0,"Crime,Documentary,Reality-TV",8.4,63,tvSeries,tt1959162
Rebel Rio!,2011.0,"Action,Comedy,Drama",3.9,420,tvSeries,tt1960787
American Assassin,2017.0,"Action,Adventure,Drama",6.2,101690,movie,tt1961175
Closed Circuit,2022.0,Documentary,6.6,38,movie,tt19623214
City of Tiny Lights,2016.0,"Crime,Drama,Mystery",5.6,2557,movie,tt1966385
Destiny,2010.0,Action,3.8,16,movie,tt1966412
Love Is in the Air,2012.0,"Comedy,Romance",5.3,1060,movie,tt1969012
Brotherhood,2022.0,"Action,Crime",5.2,290,movie,tt19704920
The Killer,2022.0,"Action,Comedy,Crime",6.7,6127,movie,tt19713090
Automata,2014.0,"Action,Drama,Sci-Fi",6.0,62183,movie,tt1971325
Rita,2012.0,"Comedy,Drama",8.1,11033,tvSeries,tt1973692
Black Heart,2011.0,"Crime,Drama,Romance",6.1,35,movie,tt1975126
The Chord,2010.0,"Crime,Drama",5.8,381,movie,tt1975153
The Nineties,2022.0,Comedy,7.4,41,tvSeries,tt19756880
Fisherman's Friends,2011.0,Documentary,7.8,20,tvMovie,tt1975882
Bobby,2021.0,,7.0,13,tvSeries,tt19781354
Question Mark,2011.0,Drama,6.9,326,movie,tt1979169
Face 2 Face,2013.0,Documentary,7.2,146,movie,tt1979227
Set Up,2005.0,"Crime,Horror",5.4,66,movie,tt1980238
Gypsy,2011.0,Drama,6.8,429,movie,tt1980935
The Five,2011.0,Talk-Show,5.9,1693,tvSeries,tt1981471
Shadow,2022.0,"Adventure,Mystery,Thriller",4.6,124,movie,tt19814740
Fallen,2023.0,"Crime,Drama",6.6,2647,tvSeries,tt19818812
Call the Midwife,2012.0,"Drama,History",8.6,35943,tvSeries,tt1983079
Lalbaug Parel: Zali Mumbai Sonyachi,2010.0,Action,7.3,408,movie,tt1984194
Mine,2022.0,Short,9.2,9,tvSeries,tt19845542
Carrie,1988.0,"Horror,Musical",5.2,37,tvMovie,tt19850354
Agent,2023.0,"Comedy,Drama",6.4,714,tvSeries,tt19851608
Still: A Michael J. Fox Movie,2023.0,"Biography,Documentary",8.1,18224,movie,tt19853258
Cloudy with a Chance of Meatballs 2,2013.0,"Adventure,Animation,Comedy",6.3,127286,movie,tt1985966
Whispers,2015.0,"Drama,Horror,Thriller",4.0,8749,movie,tt1986202
Zero Hour,2023.0,"Mystery,Thriller",4.2,66,movie,tt19862820
The Family,2011.0,Documentary,6.5,10,tvSeries,tt1986698
Anger Management,2012.0,"Comedy,Romance",6.6,33233,tvSeries,tt1986770
Dad,2010.0,Drama,6.9,96,movie,tt1986914
The Tuxedo,2022.0,Romance,6.5,465,tvMiniSeries,tt19872034
First Love,2010.0,Romance,6.3,49,movie,tt1987567
The Dreamer,2023.0,"Drama,Romance",6.4,454,movie,tt19876958
Monty Python Conquers America,2008.0,Documentary,7.0,64,tvMovie,tt19880958
The Last Resort,2011.0,Comedy,6.9,34,tvMovie,tt1988196
Time Out,2003.0,"Game-Show,Talk-Show",6.5,81,tvSeries,tt1988486
The Guest,2011.0,Drama,4.9,349,movie,tt1989571
The Dancer,2011.0,"Drama,Romance",7.4,340,movie,tt1989598
Chernobyl Diaries,2012.0,"Horror,Mystery,Thriller",5.1,71028,movie,tt1991245
Haunted,2013.0,Horror,5.4,27,movie,tt1992148
The Right One,2011.0,"Action,Drama",6.9,21,movie,tt1994591
Kevin Hart: Laugh at My Pain,2011.0,"Comedy,Documentary",7.3,6767,movie,tt1999192
Being Maria,2024.0,"Biography,Drama,History",6.1,1294,movie,tt19995770
Would You Rather,2012.0,"Horror,Thriller",5.7,50533,movie,tt1999995
The Ant's Scream,2011.0,"Comedy,Drama",6.6,535,movie,tt2002606
Machete Kills,2013.0,"Action,Comedy,Crime",5.6,85951,movie,tt2002718
Conspiracy,2000.0,"Horror,Mystery,Thriller",5.6,35,movie,tt2004196
Mission Blue,2014.0,"Documentary,Drama",7.9,2274,movie,tt2004304
The Basement,1989.0,Horror,5.3,195,movie,tt2005367
The Frozen Ground,2013.0,"Biography,Crime,Drama",6.4,73162,movie,tt2005374
Cheers,2011.0,Comedy,1.9,179,tvSeries,tt2006371
Grand Hotel,2011.0,"Crime,Drama,History",8.3,12140,tvSeries,tt2006421
Retribution,2010.0,"Crime,Drama,Mystery",5.9,372,movie,tt2007409
Himmatwala,1998.0,Action,4.5,45,movie,tt2008530
Radio Rebel,2012.0,"Comedy,Drama,Family",5.7,12249,tvMovie,tt2008633
The Trial,1999.0,"Drama,History",6.4,13,tvSeries,tt20102702
The Outsider,2018.0,"Crime,Drama,Thriller",6.3,31920,movie,tt2011311
Find Yourself,2023.0,"Drama,Romance",6.4,16,tvSeries,tt20122362
Guilty,2013.0,Drama,6.0,56,tvMovie,tt2015382
Mirage,2014.0,"Drama,Western",5.4,568,movie,tt2016242
Man of Tai Chi,2013.0,"Action,Drama",6.0,42557,movie,tt2016940
The Smurfs 2,2013.0,"Adventure,Animation,Comedy",5.3,51314,movie,tt2017020
Sugar High,2011.0,Reality-TV,6.5,18,tvSeries,tt2017337
Our House,2018.0,"Drama,Horror,Mystery",5.3,9943,movie,tt2018069
Conan Without Borders,2023.0,Documentary,8.9,825,tvSeries,tt20188720
Hush,2022.0,Drama,4.3,232,tvSeries,tt20195430
Chocolate,2011.0,"Drama,Musical,Romance",8.5,145,movie,tt2022353
Seventeen,2017.0,Romance,6.5,19,tvMiniSeries,tt20223598
Aftermath,2015.0,"Adventure,Animation,Drama",5.7,15,movie,tt2022528
Invisible,2022.0,Crime,6.2,264,tvMiniSeries,tt20247096
The Circle,2020.0,Horror,3.5,18,movie,tt20250342
Strong,2011.0,"Adventure,Documentary,Drama",7.8,45,movie,tt2025672
Life,2023.0,Drama,7.0,3952,movie,tt20258974
Kristy,2014.0,"Horror,Thriller",5.9,10846,movie,tt2027136
USS Indianapolis: Men of Courage,2016.0,"Action,Drama,History",5.3,15693,movie,tt2032572
Fake or Fortune,2010.0,"Documentary,Mystery",8.6,801,tvSeries,tt2033616
Ouran High School Host Club,2012.0,Comedy,6.2,256,movie,tt2036375
Delirium,2013.0,"Drama,Horror,Thriller",6.3,115,movie,tt2040319
Jonas,2011.0,Comedy,6.2,705,movie,tt2041385
Mantra,2022.0,Drama,7.5,14,movie,tt20414216
The Trap,2023.0,"Drama,Mystery",7.8,48,movie,tt20420488
Perdida,2023.0,"Comedy,Fantasy,Romance",6.1,454,movie,tt20420806
The King,2023.0,"Biography,Documentary",6.4,438,movie,tt20421006
Dancing Queen,2023.0,"Comedy,Drama,Family",6.3,290,movie,tt20424066
Night Moves,2013.0,"Drama,Thriller",6.1,17888,movie,tt2043933
A Glimpse Inside the Mind of Charles Swan III,2012.0,Comedy,4.6,6001,movie,tt2044729
Zig & Sharko,2010.0,"Adventure,Animation,Comedy",6.8,1597,tvSeries,tt2046005
The End,2012.0,"Drama,Horror,Sci-Fi",5.0,3964,movie,tt2046090
The Trap,2015.0,"Comedy,Horror",4.7,117,movie,tt2048905
Gomorrah,2014.0,"Crime,Drama,Thriller",8.6,50559,tvSeries,tt2049116
Fate/Zero,2011.0,"Action,Adventure,Animation",8.2,17716,tvSeries,tt2051178
The Neighbor,2022.0,Drama,5.1,160,movie,tt20517646
Counterpunch,2013.0,"Action,Biography,Drama",4.8,818,movie,tt2051850
Broken,2022.0,Drama,6.7,38,movie,tt20518508
Muran,2011.0,"Action,Thriller",6.4,314,movie,tt2053397
Yaara O Dildaara,2011.0,"Comedy,Drama,Family",5.6,70,movie,tt2053483
Hush,2014.0,"Documentary,History,War",7.3,37,movie,tt2057408
Moon,2011.0,Action,8.9,42,tvMovie,tt2057440
No Other Woman,2011.0,"Drama,Romance,Thriller",6.1,405,movie,tt2057445
The Super,2011.0,Reality-TV,7.4,131,tvSeries,tt2057858
13 Sins,2014.0,"Horror,Thriller",6.3,42529,movie,tt2059171
Three,2023.0,Drama,5.4,237,movie,tt20601934
The Code,2011.0,Documentary,7.3,817,tvMiniSeries,tt2060305
A Man Called God,2010.0,"Action,Romance",6.2,298,tvSeries,tt2060590
The King,2012.0,"Documentary,Family,Sport",8.6,50,movie,tt2061729
Everyday Miracles,2015.0,Drama,6.0,434,movie,tt2063626
Laddaland,2011.0,"Drama,Horror,Mystery",6.3,2916,movie,tt2063782
The Last Resort,2006.0,"Drama,Mystery,Thriller",7.2,9,movie,tt2063814
Rita,2010.0,Drama,5.4,26,tvMovie,tt2066049
Jugaad,2009.0,"Comedy,Drama",5.3,112,movie,tt2066899
Doomsday Preppers,2011.0,Reality-TV,6.1,1125,tvSeries,tt2069270
World War II in Colour,2009.0,"Documentary,History,War",8.7,8092,tvMiniSeries,tt2069688
Delirium,2018.0,"Horror,Thriller",5.7,12325,movie,tt2069797
Maniac,2011.0,"Action,Horror,Thriller",5.3,12,movie,tt2069843
The Money,1958.0,"Crime,Drama",6.4,46,movie,tt2069986
Scarecrow,2013.0,"Action,Horror,Thriller",4.1,2587,tvMovie,tt2071571
Shanghai,2012.0,"Crime,Drama,Mystery",7.2,11357,movie,tt2072227
Breakout,2016.0,Action,6.2,31,movie,tt2072934
The Bomb Squad,2011.0,Documentary,8.0,30,tvSeries,tt2074962
Every Time I Die,2022.0,Documentary,9.0,16,movie,tt20751668
Lovesick,2011.0,"Comedy,Fantasy,Romance",4.9,204,movie,tt2075241
Fireworks,2000.0,Drama,5.8,8,tvSeries,tt20754348
The Bridge,2022.0,"Crime,Mystery,Thriller",7.0,133,tvMiniSeries,tt20754670
Hell or High Water,2022.0,"Crime,Drama,Thriller",7.7,18,movie,tt20758230
My Way,2012.0,"Biography,Drama,Music",6.9,3394,movie,tt2076176
Ip Man 4: The Finale,2019.0,"Action,Biography,Drama",7.0,41514,movie,tt2076298
Refugee,2022.0,,6.6,87,tvSeries,tt20772104
Hero,2010.0,Horror,5.1,143,movie,tt2077762
Hush,2012.0,"Drama,Thriller",4.6,316,movie,tt2077772
Rapture,2019.0,"Action,Sci-Fi,Thriller",3.4,528,movie,tt2077828
Rowdy Rathore,2012.0,"Action,Comedy,Crime",5.9,27291,movie,tt2077833
Monty Don's Italian Gardens,2011.0,Documentary,8.4,305,tvSeries,tt2078263
Save Me,2022.0,"Crime,Drama,Mystery",7.1,902,tvMiniSeries,tt20784430
Mirage,2011.0,"Documentary,Sci-Fi",7.3,17,movie,tt2078680
Brain Games,2011.0,"Comedy,Documentary,Game-Show",8.2,3754,tvSeries,tt2078690
The Silent War,2012.0,"Crime,Drama,Mystery",6.2,1854,movie,tt2078768
Steve Jobs,2015.0,"Biography,Drama",7.2,188200,movie,tt2080374
Oscar's Oasis,2011.0,"Adventure,Animation,Comedy",7.2,1328,tvSeries,tt2080922
Barfi!,2012.0,"Comedy,Drama,Romance",8.1,94695,movie,tt2082197
Popples,1986.0,Family,7.2,42,tvMovie,tt2083227
Siren,2013.0,Drama,6.1,634,movie,tt2083332
Young & Hungry,2014.0,"Comedy,Drama,Romance",7.3,17746,tvSeries,tt2084712
The Daughter,2012.0,Drama,5.7,121,movie,tt2084883
Black Mirror,2011.0,"Crime,Drama,Mystery",8.7,746725,tvSeries,tt2085059
Revenge,2022.0,"Adult,Crime,Drama",7.5,28,movie,tt20855032
The Irish Mob,2023.0,Crime,4.9,267,movie,tt20858256
Bad Seeds,2013.0,"Drama,Horror",2.7,203,movie,tt2086806
Pink,2011.0,Drama,6.1,40,movie,tt2086894
Forgotten,2022.0,"Horror,Mystery,Thriller",4.5,99,movie,tt20869378
Community,2012.0,Horror,4.3,669,movie,tt2087720
The Players,2012.0,"Comedy,Drama",5.3,9182,movie,tt2087850
"The Mayor, Me, Mussolini and the Museum",2022.0,Documentary,7.2,21,movie,tt20880920
Secret Society of Lies,2023.0,"Drama,Thriller",5.3,208,tvMovie,tt20880984
Burning,2022.0,"Mystery,Thriller",4.4,63,movie,tt20881380
Iverson,2014.0,"Biography,Documentary,Sport",7.1,4202,movie,tt2088745
The Show,2017.0,"Drama,Thriller",5.6,6109,movie,tt2088950
Julie and the Phantoms,2011.0,"Family,Fantasy,Musical",7.3,245,tvSeries,tt2090152
Zombieland,2013.0,"Action,Comedy,Horror",5.8,8696,tvMovie,tt2090440
Dirty Money,2011.0,Reality-TV,8.0,99,tvSeries,tt2090826
American Assassin,2007.0,Documentary,7.3,53,movie,tt2091858
Frozen Planet,2011.0,"Documentary,Family",9.0,40625,tvMiniSeries,tt2092588
The Returned,2013.0,"Crime,Drama,Horror",5.9,9069,movie,tt2093270
Much Ado About Nothing,2012.0,"Comedy,Drama,Romance",7.0,17464,movie,tt2094064
Battle,2015.0,Action,8.2,21,movie,tt2094769
Inkaar,2013.0,"Drama,Romance,Thriller",6.1,2792,movie,tt2094854
Code Name: Geronimo,2012.0,"Action,Crime,Drama",5.7,11537,tvMovie,tt2095605
3%,2011.0,"Drama,Fantasy,Sci-Fi",7.7,2277,tvMovie,tt2096351
23:59,2011.0,Horror,4.6,1086,movie,tt2100376
The Killer,2010.0,"Crime,Drama,Thriller",4.6,311,movie,tt2100382
Bodyguard,2012.0,"Action,Comedy",5.1,576,movie,tt2100411
Spring Breakers,2012.0,"Crime,Drama,Thriller",5.3,155510,movie,tt2101441
The Physician,2013.0,"Adventure,Drama,History",7.2,45824,movie,tt2101473
Break,2011.0,"Comedy,Drama",8.4,20,movie,tt2102288
Wolf,2012.0,"Drama,Family",7.0,196,movie,tt2102475
The Fix,2017.0,"Drama,Family",6.1,82,movie,tt2102497
The Last Laugh,2016.0,"Comedy,Documentary",6.8,973,movie,tt2102508
Maniac,2012.0,"Crime,Horror,Thriller",6.1,43041,movie,tt2103217
Adore,2013.0,"Drama,Romance",6.2,39008,movie,tt2103267
The Bridge,2022.0,"Action,Mystery",6.3,94,tvMiniSeries,tt21047010
A Family Affair,2024.0,"Comedy,Drama,Romance",5.4,40566,movie,tt21051906
Secret Obsession,2022.0,Thriller,3.6,15,movie,tt21059336
Disconnect,2022.0,Drama,8.1,12,movie,tt21059938
Japanese Style Originator,2008.0,"Game-Show,Talk-Show",9.0,7,tvSeries,tt2106262
The Hunt,2012.0,Drama,8.3,416769,movie,tt2106476
Spectral,2016.0,"Action,Adventure,Sci-Fi",6.3,71457,movie,tt2106651
The Warning,2012.0,"Fantasy,Horror,Mystery",2.9,479,movie,tt2106749
Break,2024.0,Drama,4.9,270,movie,tt21072416
Masoom,2022.0,Mystery,5.8,455,tvSeries,tt21073700
Shadow,2022.0,Drama,6.0,44,tvMiniSeries,tt21073922
The Trial,2011.0,Documentary,7.7,57,movie,tt2107685
Whispers,2008.0,Drama,3.3,10,movie,tt2109253
The Ring,2021.0,Reality-TV,3.3,24,tvSeries,tt21094564
Selfless,2018.0,Documentary,4.7,13,movie,tt21109888
"As Above, So Below",1973.0,Drama,6.7,72,movie,tt2111266
Chennai Express,2013.0,"Action,Comedy,Romance",6.3,73426,movie,tt2112124
Woody Woodpecker,2017.0,"Adventure,Animation,Comedy",4.2,6214,movie,tt2114504
Connected,2022.0,Comedy,9.0,12,movie,tt21146950
Love on Delivery,2023.0,"Comedy,Romance",8.9,9,tvSeries,tt21149572
The Game,2023.0,"Adventure,Comedy,Fantasy",8.4,8,tvSeries,tt21152570
Ginger & Rosa,2012.0,Drama,6.2,12252,movie,tt2115295
Sweetheart,2022.0,Drama,7.7,618,tvSeries,tt21155406
1994,2021.0,"Fantasy,Mystery,Sci-Fi",7.3,10,movie,tt21156088
Slasher,2023.0,Horror,3.5,245,movie,tt21158854
Good People,2022.0,"Comedy,Crime,Drama",7.2,641,tvSeries,tt21160458
Frontier,2023.0,"Documentary,History",7.8,164,tvSeries,tt21163038
Big Mouth,2022.0,"Action,Crime,Drama",7.8,10022,tvSeries,tt21195490
Once Upon a Time,2021.0,Comedy,8.1,63,tvSeries,tt21199612
Evil,2021.0,,7.4,5,tvSeries,tt21204882
One More Time,2023.0,"Comedy,Drama,Romance",5.8,2964,movie,tt21216870
Run,2022.0,"Animation,Drama,Romance",7.9,11,tvSeries,tt21217550
Stranger,2022.0,"Horror,Thriller",2.7,288,movie,tt21220892
Life,2014.0,"Comedy,Drama,Mystery",8.7,15,tvSeries,tt21221616
The Circle,2015.0,"Drama,Fantasy,Horror",5.8,2770,movie,tt2122313
Ferrari Ki Sawaari,2012.0,"Comedy,Drama,Family",6.4,9876,movie,tt2122340
H,2022.0,Documentary,4.5,12,movie,tt21228552
Remember Me,2022.0,Documentary,7.8,13,movie,tt21228728
Walk with Me,2025.0,"Crime,Drama,Thriller",8.1,19,tvMiniSeries,tt21229416
Rubi,2011.0,Drama,4.6,15,movie,tt2123276
Solo,2011.0,Drama,6.6,458,movie,tt2123294
Underdogs,2013.0,"Drama,Family,Sport",5.8,1286,movie,tt2123342
Awake,2011.0,Drama,8.8,28,tvSeries,tt2124210
A Girl Knocks on Your Door,2026.0,Thriller,7.3,10,movie,tt21247796
U-Turn,2022.0,Drama,6.5,20,tvSeries,tt21249120
Searching for Sugar Man,2012.0,"Biography,Documentary,Music",8.2,76779,movie,tt2125608
Truth or Dare,2013.0,"Horror,Romance,Thriller",5.5,28,movie,tt2125681
Miracle,2022.0,Romance,6.8,96,tvSeries,tt21262994
Black Snow,2022.0,"Crime,Drama,Mystery",7.3,12558,tvSeries,tt21263178
Remember,2022.0,"Action,Crime,Drama",6.8,2001,movie,tt21279122
The Lovers,2023.0,Comedy,7.4,2991,tvSeries,tt21282348
Incoming,2024.0,Comedy,5.8,17336,movie,tt21284218
Brothers,2022.0,Drama,7.3,19,movie,tt21298856
Fakta Ladh Mhana,2011.0,"Action,Drama,Thriller",6.2,187,movie,tt2130033
Bad Seeds,2012.0,Drama,5.6,253,movie,tt2130125
Tees Maar Khan,2022.0,"Action,Drama,Romance",5.3,2295,movie,tt21301666
Tere Naal Love Ho Gaya,2012.0,"Comedy,Drama,Romance",5.9,4893,movie,tt2130242
K.O. One Re-act,2013.0,"Action,Comedy,Drama",6.8,16,tvSeries,tt21305046
The Bling Ring,2013.0,"Biography,Crime,Drama",5.6,96360,movie,tt2132285
Taxi Driver,1970.0,Drama,6.8,8,movie,tt2132477
Love Station,2011.0,"Comedy,Romance",5.6,398,movie,tt2133220
Haunted,2013.0,Horror,2.7,351,movie,tt2133234
Rotten,2022.0,Drama,7.9,52,movie,tt21336274
Sofia the First,2012.0,"Action,Adventure,Animation",6.9,5148,tvSeries,tt2136138
Bodyguard,2020.0,Action,5.4,88,movie,tt21362766
American Psycho,2020.0,"Crime,Drama",7.1,94,movie,tt2136729
Shadow,2015.0,Drama,4.0,19,movie,tt21370992
Transformers: Rescue Bots,2011.0,"Action,Adventure,Animation",6.6,1455,tvSeries,tt2139371
Long Shot,2019.0,"Comedy,Romance",6.8,129579,movie,tt2139881
Opening Night,2012.0,Documentary,9.2,17,tvMovie,tt2140227
Saving Mr. Banks,2013.0,"Biography,Comedy,Drama",7.5,176509,movie,tt2140373
Carbon,2022.0,"Comedy,Drama",7.7,1048,movie,tt21407016
Hell and Back,2015.0,"Adventure,Animation,Comedy",5.4,5580,movie,tt2141773
Phir Se,2011.0,"Mystery,Romance",6.5,10,tvMovie,tt2141885
The Cruise,2022.0,Documentary,6.6,61,tvSeries,tt21426454
Berlin Kaplani,2012.0,"Comedy,Sport",5.2,7650,movie,tt2142711
Silent,2022.0,Drama,6.5,40,movie,tt21427598
Sen Kimsin?,2012.0,Comedy,5.0,5745,movie,tt2142883
Red vs. Blue,2022.0,"Action,Animation,Comedy",8.3,85,tvSeries,tt21436040
Shelter,2022.0,Sci-Fi,2.9,34,movie,tt21437422
One More Time,2022.0,Documentary,8.4,12,movie,tt21439876
The Forgotten,2014.0,Horror,5.3,759,movie,tt2145909
Badha,2005.0,"Action,Drama,Romance",7.3,65,movie,tt2146882
The Trap,2023.0,Drama,7.1,42,movie,tt21482414
Lockout,2012.0,Comedy,4.2,7,tvSeries,tt2149310
Bad Guys,2015.0,"Action,Crime,Drama",7.8,14,movie,tt2149598
A 2nd Chance,2011.0,"Adventure,Drama,Family",4.8,1338,movie,tt2150139
Intersection,2012.0,Drama,6.4,9,tvSeries,tt2151220
Aftermath,2024.0,"Drama,Mystery,Sci-Fi",5.0,4475,movie,tt21572042
Roots,2022.0,Documentary,7.6,6,tvMiniSeries,tt21610908
Naked,2020.0,Adult,6.4,8,tvSeries,tt21612400
Dark Waters,2023.0,Crime,6.1,82,tvMovie,tt21615550
Daddy Issues,2021.0,Comedy,9.0,9,tvSeries,tt21631790
Big Time Movie,2012.0,"Comedy,Family,Music",6.2,2566,tvMovie,tt2163203
Soundtrack,2022.0,Music,5.9,34,movie,tt21633562
Creep,2022.0,Thriller,4.6,15,movie,tt21638856
Good Luck,2012.0,"Comedy,Drama",5.4,122,movie,tt2167540
Game,2013.0,"Drama,Thriller",8.2,26,movie,tt2167751
Rebellion,1966.0,,5.5,16,movie,tt2168396
Monster High: Why Do Ghouls Fall in Love?,2012.0,"Animation,Family,Fantasy",7.0,1742,tvMovie,tt2168938
MeatEater,2012.0,Documentary,7.6,1780,tvSeries,tt2169245
Valentino,2013.0,"Comedy,Romance",5.4,776,movie,tt2170228
Good Kids,2016.0,"Comedy,Drama,Romance",6.1,11623,movie,tt2170427
The Foreigner,2012.0,"Comedy,Romance",6.6,1877,movie,tt2170623
Happy Valley,2014.0,"Documentary,Drama,Sport",7.0,1372,movie,tt2171902
Maps to the Stars,2014.0,"Comedy,Drama,Mystery",6.2,44953,movie,tt2172584
3 Days to Kill,2014.0,"Action,Drama,Thriller",6.2,101935,movie,tt2172934
The Art of the Steal,2013.0,"Comedy,Crime,Thriller",6.3,27378,movie,tt2172985
Daybreak,2012.0,Adventure,6.8,199,tvSeries,tt2173240
Happy Times,2014.0,Comedy,5.6,627,movie,tt2173244
The Future of Water,2007.0,Documentary,7.6,75,tvSeries,tt2173801
Gang of the Caribbean,2016.0,Thriller,5.2,337,movie,tt2174084
Revenge,1971.0,"Adult,Crime",3.8,8,movie,tt2176004
Comedy Bang! Bang!,2012.0,"Comedy,Talk-Show",7.6,4823,tvSeries,tt2176287
The Family,2023.0,"Drama,Romance",6.8,15506,tvSeries,tt21764804
The Search,2014.0,"Drama,War",6.8,3147,movie,tt2177827
Deep Water,2022.0,"Crime,Drama,Mystery",5.5,73190,movie,tt2180339
The Neighbor,2021.0,Drama,2.1,37,tvSeries,tt21810202
Company,2022.0,Action,4.5,13,movie,tt21812486
A Patch of Fog,2015.0,Thriller,6.5,1988,movie,tt2181282
Dancing Queen,2012.0,"Comedy,Drama,Family",6.4,651,movie,tt2181885
Satrangi Re,2012.0,"Music,Musical",6.6,60,movie,tt2182099
Samson,2023.0,"Comedy,Thriller",6.0,31,movie,tt21821944
Earth to Echo,2014.0,"Adventure,Family,Sci-Fi",5.7,20575,movie,tt2183034
One in a Billion,1984.0,Adult,6.4,7,movie,tt2183148
Rectify,2013.0,Drama,8.3,29298,tvSeries,tt2183404
Ripper Street,2012.0,"Crime,Drama,Mystery",8.1,24449,tvSeries,tt2183641
The Game,1979.0,Thriller,6.2,22,movie,tt21838564
Rocky,2008.0,"Animation,Comedy,Drama",5.6,38,tvSeries,tt2184010
1 Mile to You,2017.0,"Drama,Romance,Sport",6.3,2982,movie,tt2184233
Running Man,2010.0,"Comedy,Game-Show,Reality-TV",9.1,4107,tvSeries,tt2185037
The Island,2023.0,"Action,Thriller",4.6,2563,movie,tt21853596
Whipped,2012.0,Game-Show,9.4,6,tvSeries,tt2186589
Luv Shuv Tey Chicken Khurana,2012.0,Comedy,6.6,4264,movie,tt2186933
What Is Love?,2023.0,Documentary,8.7,11,movie,tt21871222
The Playbook,2015.0,"Drama,Sport",6.0,95,movie,tt2187139
Avengement,2021.0,Action,6.0,27,movie,tt21874166
Revenge,2021.0,Action,7.4,8,movie,tt21874184
Revelations,2012.0,Sci-Fi,7.7,58,tvSeries,tt2187472
Bates Motel,2013.0,"Drama,Horror,Mystery",8.1,126885,tvSeries,tt2188671
Fronteras,2011.0,Short,5.3,12,tvSeries,tt2188747
Defiance,2013.0,"Action,Drama,Sci-Fi",7.0,47003,tvSeries,tt2189221
Marco Polo,2014.0,"Action,Adventure,Drama",7.9,84744,tvSeries,tt2189461
Little Monsters,2012.0,"Crime,Drama,Horror",4.7,378,movie,tt2189714
Celluloid Man,2012.0,Documentary,7.7,216,movie,tt2190196
Barbarians,2014.0,Drama,5.4,650,movie,tt2190332
Euphoria,2013.0,Drama,6.4,29,movie,tt2191328
Portlandia,2009.0,Comedy,5.6,18,movie,tt2191775
Billy on the Street,2011.0,"Comedy,Game-Show",7.9,2722,tvSeries,tt2191991
Show Me the Money,2022.0,Documentary,8.0,35,tvSeries,tt21922446
Arrow,2012.0,"Action,Adventure,Crime",7.5,462830,tvSeries,tt2193021
Fractured,2013.0,"Horror,Thriller",4.3,527,movie,tt2193191
Siren,2024.0,"Action,Crime,Thriller",6.4,3155,movie,tt21935200
About Time,2013.0,"Comedy,Drama,Fantasy",7.8,440725,movie,tt2194499
Awake,2022.0,"Fantasy,Horror,Mystery",4.4,45,movie,tt21946802
Entangled,2012.0,Documentary,5.9,20,movie,tt2195020
Nature's Weirdest Events,2012.0,Documentary,6.8,241,tvSeries,tt2195251
Shadow,2023.0,"Horror,Thriller",7.8,66,tvSeries,tt21954524
Lucky Days,2012.0,Comedy,8.5,9,tvSeries,tt2196144
The Trial,2023.0,"Crime,Drama,Mystery",5.5,1970,tvSeries,tt21975100
The 4th Company,2016.0,"Action,Crime,Drama",6.2,855,movie,tt2197926
Phone Swap,2012.0,"Comedy,Romance",6.3,199,movie,tt2198109
The Outsider,2014.0,"Action,Adventure,Crime",4.7,3175,movie,tt2198241
America's Book of Secrets,2012.0,Documentary,6.7,1041,tvSeries,tt2198333
Rahasya,2022.0,Thriller,7.8,2113,movie,tt21983580
Together,2013.0,"Drama,Romance",4.1,271,movie,tt2198824
I Am,2012.0,Documentary,7.0,150,movie,tt2201446
Dracula,1996.0,Musical,7.2,10,movie,tt22015486
The Workshop,2012.0,"Documentary,Family",7.8,10,movie,tt2201884
Transcendence,2012.0,Drama,6.3,29,movie,tt2202408
Love,2012.0,"Drama,Romance",6.5,1696,movie,tt2202471
Marianne,2022.0,"Crime,Drama,Mystery",7.2,167,tvSeries,tt22025926
The Player,1971.0,"Drama,Sport",4.2,25,movie,tt2202599
Mia and Me,2012.0,"Adventure,Animation,Family",6.8,1425,tvSeries,tt2203143
Cycle,2013.0,Drama,5.9,249,movie,tt2204456
Head Count,2023.0,Thriller,4.8,447,movie,tt22044656
Shadow,2022.0,Drama,7.0,35,tvSeries,tt22045466
Mind Game,2022.0,Crime,5.8,6,movie,tt22053038
Jackpot,2022.0,"Adult,Drama,Game-Show",8.2,7,tvSeries,tt22054086
Mischief,2022.0,Mystery,7.7,14,tvSeries,tt22062392
Hostages,2022.0,"Documentary,History",7.9,770,tvSeries,tt22074190
Move,2012.0,Comedy,6.6,1416,movie,tt2208144
Vanishing Waves,2012.0,"Romance,Sci-Fi,Thriller",5.9,2931,movie,tt2208216
The Emigrant,2012.0,"Drama,Musical",8.3,17,movie,tt2208772
Aftermath,2012.0,"Drama,Thriller",7.3,4473,movie,tt2209300
Transcendence,2014.0,"Drama,Sci-Fi,Thriller",6.2,248414,movie,tt2209764
Bad Guys,2022.0,"Action,Thriller",6.7,92,tvSeries,tt22098698
Bittersweet,2010.0,"Comedy,Drama",8.0,9246,movie,tt2210441
Berserk: The Golden Age Arc I - The Egg of the King,2012.0,"Action,Adventure,Animation",7.5,16217,movie,tt2210479
Bewildered Bolbol,2010.0,"Comedy,Drama,Romance",6.4,3542,movie,tt2210509
Lembi 8 Giga,2010.0,"Comedy,Drama",5.2,1546,movie,tt2210581
Highway,2012.0,Drama,6.6,1110,movie,tt2210657
Match,2012.0,"Drama,History,Sport",5.2,904,movie,tt2210809
Hilda,2014.0,"Comedy,Drama",6.5,415,movie,tt2211718
Gotham,2012.0,"Drama,Fantasy",6.2,57,tvMovie,tt2215065
Inequality for All,2013.0,Documentary,8.0,7203,movie,tt2215151
Issaq,2013.0,"Drama,Romance",4.4,531,movie,tt2215163
Run,2013.0,"Action,Romance,Thriller",4.6,2002,movie,tt2215457
Survivor,2012.0,"Biography,Crime,Documentary",9.1,53,movie,tt2215463
The Beach Loafer,2004.0,"Comedy,Drama,Romance",4.9,1077,movie,tt2215481
Zero Hour,2013.0,"Drama,Fantasy,Thriller",6.3,5592,tvSeries,tt2215797
Zoo,2012.0,Drama,7.7,46,movie,tt2215801
Father Brown,2013.0,"Crime,Drama,Mystery",7.8,18001,tvSeries,tt2215842
Last Tango in Halifax,2012.0,"Comedy,Drama,Romance",8.4,10167,tvSeries,tt2216156
Care Bears: Welcome to Care-a-Lot,2012.0,"Animation,Family",5.5,246,tvSeries,tt2216314
The Five,2023.0,"Action,Drama,Western",3.9,108,movie,tt22166940
Wake Up,2022.0,Drama,4.7,12,movie,tt22167786
Closed Circuit,2013.0,"Crime,Drama,Mystery",6.2,24280,movie,tt2218003
Connected,2012.0,"Comedy,Romance",7.5,19,movie,tt2221732
Cuckoo,2012.0,Comedy,7.2,11451,tvSeries,tt2222352
Kaleidoscope,1999.0,Documentary,5.9,44,movie,tt2224323
Backfire,2024.0,Mystery,7.2,7,movie,tt22245482
Rurouni Kenshin,2023.0,"Action,Adventure,Animation",8.0,3314,tvSeries,tt22249034
The Jungle Book,2014.0,Animation,7.1,83,movie,tt2226178
Dark,2015.0,"Drama,Thriller",3.5,2646,movie,tt2226321
Vampires,2012.0,Reality-TV,8.0,33,tvSeries,tt2228743
Moshe Kasher: Live in Oakland,2012.0,Comedy,6.7,356,movie,tt2229301
Chashme Baddoor,2013.0,"Comedy,Drama",5.4,5545,movie,tt2229848
The Promise,2023.0,"Drama,Mystery,Romance",7.0,574,tvSeries,tt22325164
Follow Me,2025.0,Thriller,7.6,47,movie,tt22332348
Someone Like You,2024.0,Romance,5.9,3039,movie,tt22334258
Dear White People,2014.0,"Comedy,Drama,Romance",6.1,27321,movie,tt2235108
Once Again,2022.0,"Drama,Romance",7.0,304,tvMiniSeries,tt22353444
Rebecca,2020.0,"Drama,Mystery,Romance",6.1,50930,movie,tt2235695
Secret,2012.0,Drama,5.1,48,movie,tt2235723
Together,2010.0,Documentary,7.4,35,movie,tt2235823
Skiptrace,2016.0,"Action,Adventure,Comedy",5.6,24089,movie,tt2238032
Christine,2012.0,"Drama,Short",6.7,121,tvSeries,tt2239920
Possessed,2022.0,"Action,Horror,Thriller",4.5,271,movie,tt22400006
Bad Blood,2022.0,"Drama,Thriller",3.3,17,movie,tt22403312
Attack on Titan,2022.0,"Action,Adventure,Sci-Fi",2.6,519,movie,tt22408766
Riot,2012.0,Crime,4.7,684,movie,tt2241475
After Chernobyl,2021.0,"Horror,Mystery,Thriller",3.2,496,movie,tt2243377
A Haunted House,2013.0,"Comedy,Fantasy,Horror",5.1,55730,movie,tt2243537
Aftermath,2009.0,Talk-Show,7.4,7,tvSeries,tt2243735
Hannibal,2013.0,"Crime,Drama,Horror",8.5,313112,tvSeries,tt2243973
Bwakaw,2012.0,Drama,7.2,401,movie,tt2244376
Inside the Criminal Mind,2024.0,"Crime,Drama,Mystery",6.3,58,tvSeries,tt22444818
Save Me,2013.0,"Comedy,Fantasy",6.2,1608,tvSeries,tt2245117
The History of Future Folk,2012.0,"Comedy,Music,Sci-Fi",7.0,3771,movie,tt2245195
House Arrest,2023.0,"Comedy,Drama",7.7,9,tvSeries,tt22457016
Wildlife,2012.0,Drama,6.9,24,movie,tt2245970
Fashion,2014.0,Talk-Show,8.5,6,tvSeries,tt22460482
Psycho,2019.0,Comedy,4.4,14,tvSeries,tt22463356
Domino,2016.0,Drama,6.7,21,tvSeries,tt22463422
The American Bible Challenge,2012.0,"Family,Game-Show",6.8,144,tvSeries,tt2246424
Family Blood,2022.0,Action,6.0,7,movie,tt22464260
Blood Money,2012.0,"Action,Thriller",4.8,1336,movie,tt2246595
Ghanchakkar,2013.0,"Comedy,Crime,Thriller",5.9,5608,movie,tt2246724
Rebirth,2007.0,"Drama,War",6.3,21,movie,tt2246945
Bad Education,2022.0,"Crime,Thriller",6.3,467,movie,tt22476934
Dirty Money,2024.0,"Action,Crime",5.7,300,movie,tt22477502
Mirror Mirror,2022.0,Drama,5.7,344,movie,tt22488998
Broadchurch,2013.0,"Crime,Drama,Mystery",8.3,143874,tvSeries,tt2249364
Sword Art Online,2012.0,"Action,Adventure,Animation",7.5,64400,tvSeries,tt2250192
Hero,2022.0,"Biography,Drama,History",6.2,317,movie,tt22506970
Cycle,2012.0,"Animation,Mystery,Sci-Fi",4.0,368,movie,tt2251275
Bypass Road,2022.0,Thriller,8.4,499,movie,tt22528322
Single,2023.0,Comedy,7.6,56,movie,tt22528920
Shiva,2013.0,,1.9,21,movie,tt22529818
Shelter,2015.0,"Drama,Sci-Fi,Thriller",4.8,587,movie,tt2254131
Forgotten,2012.0,"Drama,Romance",7.8,89,tvMovie,tt2255474
Aiyyaa,2012.0,"Comedy,Romance",4.4,2243,movie,tt2255934
A Second Chance,2012.0,"Comedy,Drama,Romance",8.9,133,movie,tt2256739
Like Father,2012.0,Comedy,6.8,37,tvMovie,tt2258451
Wadjda,2012.0,"Comedy,Drama",7.5,22551,movie,tt2258858
Caught on Camera,2008.0,"Documentary,News",6.2,72,tvSeries,tt2260666
Altered Carbon,2018.0,"Action,Adventure,Drama",7.9,203959,tvSeries,tt2261227
Leap!,2016.0,"Adventure,Animation,Comedy",6.8,27143,movie,tt2261287
Black Sea,2014.0,"Adventure,Drama,Thriller",6.4,43305,movie,tt2261331
Retribution,2012.0,Thriller,4.4,297,tvMovie,tt2262017
Kalakalappu,2012.0,"Comedy,Musical",7.1,1924,movie,tt2262126
The Founder,2012.0,"Comedy,Sci-Fi",5.9,59,movie,tt2262282
The Good Neighbor,2016.0,"Crime,Drama,Horror",6.3,20235,movie,tt2262315
Happy Valley,2012.0,Comedy,6.3,34,tvMovie,tt2262379
The Fosters,2013.0,"Comedy,Crime,Drama",7.9,32826,tvSeries,tt2262532
The Woods,2022.0,Horror,4.5,14,movie,tt22640440
Brothers,2021.0,Crime,8.2,6,tvMiniSeries,tt22643166
Wolves,1988.0,,6.7,71,tvSeries,tt2265921
My Way,2012.0,"Adventure,Documentary,Drama",7.5,51,movie,tt2266789
Retribution,1988.0,,6.3,13,movie,tt2268511
Evil,2023.0,Drama,7.6,3165,tvSeries,tt22694968
Thaandavam,2012.0,"Action,Thriller",6.1,2394,movie,tt2271641
When Hari Got Married,2013.0,"Documentary,Family",7.1,181,movie,tt2271771
The Runner,2017.0,Sport,5.3,18,movie,tt2273621
Hellboy,2019.0,"Action,Adventure,Fantasy",5.3,108298,movie,tt2274648
A Perfect Man,2013.0,"Drama,Romance",5.2,2274,movie,tt2275471
"Berlin, I Love You",2019.0,"Comedy,Drama,Romance",4.7,4325,movie,tt2275743
Satyagraha,2013.0,Drama,5.9,5594,movie,tt2275802
Friend Request,2013.0,Thriller,3.8,274,movie,tt2277308
Minute to Win It,2012.0,Game-Show,6.5,8,tvSeries,tt2277543
Fallen,2024.0,Fantasy,6.6,3231,tvSeries,tt22776032
Forgotten,2012.0,"Drama,Mystery,Thriller",5.8,782,movie,tt2278988
The Liar and His Lover,2013.0,Romance,6.8,1673,movie,tt2281309
Mortified Nation,2013.0,Documentary,7.3,1033,movie,tt2281365
Muppets Most Wanted,2014.0,"Adventure,Comedy,Crime",6.4,39705,movie,tt2281587
Mind Tunnel,2023.0,"Crime,Drama,Thriller",6.5,349,tvSeries,tt22862686
Love Rain,2012.0,"Comedy,Drama,Romance",7.6,1943,tvSeries,tt2286707
Season of the Witch,2022.0,Documentary,6.9,21,movie,tt22874598
Last Flight to Abuja,2012.0,,4.3,403,movie,tt2287851
Monster Math Squad,2012.0,Animation,6.3,53,tvSeries,tt2289057
Maria,2024.0,"Biography,Drama,Music",6.4,25771,movie,tt22893404
Queen of the Desert,2013.0,Documentary,7.5,19,tvMovie,tt2290609
Refuge,2013.0,Thriller,4.9,705,movie,tt2292196
Fallen,2012.0,Documentary,6.3,25,movie,tt2292428
Unstoppable,2023.0,Comedy,5.3,1237,movie,tt22938854
Girls & Panzer,2012.0,"Action,Animation,Comedy",7.5,1939,tvMiniSeries,tt2294076
Remember,2012.0,"Action,Family,Fantasy",3.9,129,movie,tt2294789
Dracula,2013.0,"Drama,Horror,Romance",7.3,31144,tvSeries,tt2296682
Concussion,2013.0,Drama,5.6,6067,movie,tt2296697
Run,2013.0,"Crime,Drama",7.4,2097,tvMiniSeries,tt2297604
The Outcasts,2012.0,Documentary,8.4,14,movie,tt2298501
Addicted to Life,2022.0,Documentary,8.3,19,movie,tt22985706
Miss Julie,2013.0,"Drama,Romance",4.4,186,movie,tt2298738
MegaTruckers,2012.0,Reality-TV,7.4,53,tvSeries,tt2298963
Medium,2022.0,Mystery,7.2,63,tvSeries,tt23009644
Rapture,2012.0,Thriller,5.8,27,movie,tt2301109
Pachamama,2008.0,Documentary,6.9,20,movie,tt2301726
Occupied,2022.0,Documentary,7.0,40,movie,tt23023426
Olympus Has Fallen,2013.0,"Action,Thriller",6.5,308645,movie,tt2302755
Shelter,2012.0,Drama,5.1,54,tvMovie,tt2302825
Tukaram,2012.0,"Biography,Drama,History",8.3,478,movie,tt2302945
Atelier,2008.0,"Adventure,Biography,Documentary",5.9,11,tvSeries,tt2303188
Canvas,2024.0,Drama,6.1,19,movie,tt23035462
Sisters,2022.0,"Horror,Thriller",5.3,145,movie,tt23035562
Sherlock Holmes,2011.0,Adventure,5.6,67,movie,tt2304901
Safe,2022.0,Drama,8.5,94,tvMiniSeries,tt23071582
The Rat Race,2012.0,"Documentary,Drama",6.6,66,movie,tt2308985
Hemlock Grove,2013.0,"Drama,Fantasy,Horror",7.0,44970,tvSeries,tt2309295
Afflicted,2013.0,"Horror,Mystery,Sci-Fi",6.2,27896,movie,tt2309961
Summertime,2012.0,"Comedy,Horror,Musical",3.1,268,movie,tt2310958
Bedtime Stories,1993.0,Drama,6.8,26,movie,tt23111578
Connected,2021.0,"Action,Crime,Drama",6.7,38,movie,tt2311862
Reincarnated,2012.0,"Documentary,Music",6.2,2560,movie,tt2312602
Alone,2022.0,Documentary,5.9,20,movie,tt23132146
The Real Miyagi,2015.0,"Action,Biography,Documentary",7.1,835,movie,tt2313306
Breakout,2013.0,"Action,Crime,Drama",4.2,3159,movie,tt2314886
Comedians in Cars Getting Coffee,2012.0,"Comedy,Family,Talk-Show",8.0,14310,tvSeries,tt2314952
Followers,2012.0,Family,7.5,12,tvSeries,tt2314956
Bittersweet,2022.0,Drama,8.9,17,tvSeries,tt23152228
Una,2016.0,Drama,6.2,12245,movie,tt2315582
The Fear,2012.0,"Crime,Thriller",7.1,1277,tvMiniSeries,tt2316238
Enemy,2013.0,"Drama,Mystery,Thriller",6.8,243785,movie,tt2316411
Indiscretion,2013.0,"Horror,Thriller",6.4,19,movie,tt2316735
Sons of Ben,2015.0,"Biography,Documentary,Sport",6.9,120,movie,tt2317088
Pizza,2005.0,Documentary,6.9,9,movie,tt2318464
Haapus,2010.0,Comedy,7.1,182,movie,tt2321321
My Life as a Zucchini,2016.0,"Animation,Comedy,Drama",7.8,33384,movie,tt2321405
The Spy,2012.0,"Action,Drama,Thriller",5.4,1380,movie,tt2321517
Truth or Dare,2012.0,"Comedy,Romance",4.8,18,movie,tt2321661
Delirium,2015.0,Horror,2.9,304,movie,tt2322415
Mojave,2015.0,"Action,Adventure,Crime",5.2,6078,movie,tt2322517
The Captive,2014.0,"Crime,Drama,Mystery",5.9,38154,movie,tt2326612
Broken,2014.0,"Action,Adventure,Drama",4.9,70,movie,tt2327233
Ideachi Kalpana,2010.0,Comedy,5.9,51,movie,tt2327333
Life Ki Toh Lag Gayi,2012.0,Comedy,5.2,282,movie,tt2327389
Morya,2011.0,Drama,7.0,163,movie,tt2327425
Goon,2010.0,Thriller,7.5,22,tvSeries,tt2327867
Smoking,2012.0,Comedy,7.9,11,tvSeries,tt2328321
The Club,2014.0,Documentary,6.3,182,movie,tt2328773
Cuckoo,2012.0,"Comedy,Drama",5.9,22,tvSeries,tt2329333
Rememory,2017.0,"Drama,Mystery,Sci-Fi",6.1,18701,movie,tt2331047
Walk With Me,2017.0,Documentary,6.4,1134,movie,tt2331100
Brotherhood,2022.0,Action,6.6,40,movie,tt23321164
Blind Detective,2013.0,"Action,Comedy,Crime",6.4,3974,movie,tt2332707
Silent,2022.0,Romance,7.9,914,tvSeries,tt23328252
Maktub,2009.0,"Drama,Romance",8.3,8,movie,tt2333236
Fruitvale Station,2013.0,"Biography,Crime,Drama",7.5,92940,movie,tt2334649
Blue Jasmine,2013.0,"Comedy,Drama,Romance",7.3,220843,movie,tt2334873
What Is Love?,2012.0,"Documentary,Drama,History",3.1,12,movie,tt2334994
"Pop, Lock 'n Roll",2017.0,Music,7.4,50,movie,tt2336014
The Animal People,2019.0,Documentary,7.7,317,movie,tt2337280
Bad Education,2012.0,Comedy,7.3,15274,tvSeries,tt2337840
Bottom of the World,2017.0,"Drama,Mystery,Thriller",5.0,5412,movie,tt2337841
PK,2014.0,"Comedy,Drama,Musical",8.1,225568,movie,tt2338151
Diamonds in the Sky,2014.0,Drama,6.7,14,movie,tt2338287
Unicorn Store,2017.0,"Comedy,Drama,Fantasy",5.6,21631,movie,tt2338454
The Land of the Enlightened,2016.0,"Documentary,Drama,War",7.0,660,movie,tt2338774
First Kiss,2012.0,"Comedy,Romance",6.1,397,movie,tt2338778
Transcendence,2012.0,Sport,5.2,12,movie,tt2339048
The Wishing Tree,2012.0,"Family,Romance",6.3,876,tvMovie,tt2339739
Thug Life,2025.0,"Action,Crime,Drama",4.2,6935,movie,tt23398540
Solo,2014.0,Thriller,7.0,15,movie,tt2340266
East Side Sushi,2014.0,"Comedy,Drama,Family",7.1,5109,movie,tt2340650
Glitch,2012.0,"Comedy,Fantasy,Sci-Fi",8.2,94,tvSeries,tt2341758
Dark Desire,2012.0,"Crime,Drama,Thriller",4.7,517,tvMovie,tt2343292
Money,2011.0,Documentary,6.2,7,tvSeries,tt2343398
Liar's Dice,2013.0,"Adventure,Drama,Family",6.7,1234,movie,tt2343621
Zenda,2009.0,"Drama,Thriller",7.0,521,movie,tt2343847
Himmatwala,2013.0,"Action,Comedy,Drama",1.8,9769,movie,tt2344678
Meet the Adebanjos,2012.0,Comedy,7.6,110,tvSeries,tt2344781
Grandmaster,2012.0,"Action,Crime,Drama",6.9,2491,movie,tt2345561
The Rover,2014.0,"Action,Crime,Drama",6.4,54962,movie,tt2345737
A Family Affair,2022.0,"Action,Crime,Drama",5.4,48,tvSeries,tt23458218
Target,2025.0,"Adventure,Drama,Fantasy",7.0,10,tvSeries,tt23458588
Bittoo Boss,2012.0,Romance,4.1,411,movie,tt2347289
Becoming,2021.0,Drama,4.5,28,movie,tt23473322
Frances Ha,2012.0,"Comedy,Drama,Romance",7.4,103244,movie,tt2347569
Sisters,2024.0,Comedy,6.6,19,movie,tt23476964
Love on Delivery,2007.0,Documentary,7.2,46,tvMovie,tt2348132
Kuroko's Basketball,2012.0,"Animation,Comedy,Sport",8.2,16529,tvSeries,tt2348803
Mississippi Grind,2015.0,"Comedy,Drama",6.4,28488,movie,tt2349144
The Daughter,2013.0,"Action,Drama,Thriller",4.4,206,movie,tt2349212
My Horrible Grandma,2012.0,"Comedy,Drama",5.4,1153,movie,tt2350736
Bully,2012.0,Music,6.5,20,movie,tt2353867
Frequency,2012.0,"Sci-Fi,Thriller",5.9,25,movie,tt2353965
Hattrick,2012.0,"Action,Comedy,Drama",8.2,44,movie,tt2354069
Mumbai's King,2012.0,Drama,6.3,187,movie,tt2354223
Brother,2024.0,"Comedy,Family",5.6,2395,movie,tt23549436
Cutie and the Boxer,2013.0,"Biography,Documentary",7.2,4808,movie,tt2355540
Berserk: The Golden Age Arc II - The Battle for Doldrey,2012.0,"Action,Adventure,Animation",7.7,13529,movie,tt2358911
Berserk: The Golden Age Arc III - The Advent,2013.0,"Action,Adventure,Animation",7.9,13521,movie,tt2358913
Black,2012.0,Action,8.6,47,movie,tt2358919
Blue Ruin,2013.0,"Crime,Drama,Thriller",7.1,87531,movie,tt2359024
JoJo's Bizarre Adventure,2012.0,"Action,Adventure,Animation",8.6,60304,tvSeries,tt2359704
The Family,2012.0,Drama,6.7,162,tvSeries,tt2361009
Deewana Main Deewana,2005.0,"Comedy,Drama,Romance",2.6,429,movie,tt2361022
Haraamkhor,2015.0,"Drama,Romance",6.3,4789,movie,tt2361746
Snow Day,2022.0,"Comedy,Family,Musical",4.3,406,movie,tt23622516
Saheb Biwi Aur Gangster Returns,2013.0,"Action,Crime,Drama",6.7,4226,movie,tt2362778
When Calls the Heart,2013.0,"Comedy,Drama,Family",6.5,2565,tvMovie,tt2362991
Kaleidoscope,2015.0,"Action,Comedy,Drama",6.8,205,movie,tt23631936
Ragnarok,2013.0,"Adventure,Fantasy",5.8,9255,movie,tt2363213
The Dealer,2010.0,"Action,Adventure,Drama",5.7,931,movie,tt2364114
Unbroken,2019.0,Drama,8.2,43,tvSeries,tt23643904
The Bachelor,2003.0,Reality-TV,2.5,32,tvSeries,tt2364950
Bitten,2014.0,"Drama,Fantasy,Horror",6.9,20372,tvSeries,tt2365946
Cheer,2012.0,Reality-TV,8.1,68,tvSeries,tt2366685
Broken,2023.0,Drama,6.7,719,movie,tt23667006
Mugamoodi,2012.0,"Action,Adventure",5.2,1529,movie,tt2367996
The Take,2016.0,"Action,Adventure,Crime",6.4,55732,movie,tt2368619
Stateless,2012.0,Documentary,9.3,45,movie,tt2369323
Short Term 12,2013.0,Drama,7.9,96052,movie,tt2370248
Can You Hear Me?,2022.0,"Drama,Romance",7.5,19,tvMiniSeries,tt23711226
Perfume: Her Fragrance,2022.0,"Drama,Romance",4.7,69,movie,tt23711326
Orange Is the New Black,2013.0,"Comedy,Crime,Drama",8.0,338172,tvSeries,tt2372162
The Unborn Child,2011.0,"Horror,Thriller",4.5,327,movie,tt2372429
2 States,2014.0,"Comedy,Drama,Romance",6.9,28661,movie,tt2372678
Pablo,2022.0,Drama,5.6,18,tvSeries,tt23733116
Carol,2024.0,"Drama,Family,Fantasy",7.8,77,movie,tt23733776
The Blacklist,2021.0,"Comedy,Crime",4.6,15,movie,tt23735500
Solo,2013.0,"Horror,Mystery,Thriller",4.7,1482,movie,tt2374196
The Killer,,"Action,Mystery,Thriller",6.8,6,movie,tt23742844
Homemade,2020.0,Comedy,7.9,9,tvSeries,tt23744270
The Cell,2014.0,"Action,Drama,Sci-Fi",6.6,53,tvSeries,tt2374562
The Next Step,2013.0,"Comedy,Drama,Family",6.4,2623,tvSeries,tt2374744
Run,2014.0,Drama,6.0,172,movie,tt2375473
Fireflies,2013.0,"Drama,Family",6.1,125,movie,tt2375666
Fractured,2015.0,"Drama,Horror,Thriller",2.6,356,movie,tt2375844
K: Return of Kings,2012.0,"Action,Animation,Drama",7.0,3080,tvSeries,tt2377452
Special 26,2013.0,"Crime,Drama,History",8.0,62894,movie,tt2377938
Doubt,2018.0,Drama,5.6,13,tvSeries,tt23782384
Instructions Not Included,2013.0,"Comedy,Drama",7.5,34737,movie,tt2378281
Remember Me,2022.0,"Drama,Romance",7.3,114,tvSeries,tt23785684
Inhuman Resources,2022.0,"Comedy,Horror",5.8,6,tvMovie,tt23786902
Man Up,2015.0,Comedy,6.2,740,movie,tt2378776
Summer of '92,2015.0,"Biography,Comedy,Drama",6.8,5256,movie,tt2378830
Compulsion,2013.0,"Comedy,Thriller",4.5,3330,movie,tt2381931
Her,2024.0,Drama,5.0,193,movie,tt23833570
Beyond the Clouds,2023.0,"Biography,Drama",5.5,113,movie,tt23833634
U-Turn,2022.0,Comedy,5.9,18,movie,tt23837232
The Little Prince,1978.0,"Adventure,Animation,Sci-Fi",7.5,67,tvSeries,tt2383929
Sunrise,2014.0,"Crime,Drama,Mystery",6.3,333,movie,tt2385227
Evil,2022.0,Horror,7.0,19,movie,tt23860842
Captive,2013.0,"Action,Thriller",3.8,241,movie,tt2386203
Malevolent,2018.0,"Horror,Mystery,Thriller",4.9,20220,movie,tt2386237
Shadow,2013.0,"Action,Crime,Drama",3.5,532,movie,tt2386295
He Never Died,2015.0,"Comedy,Drama,Fantasy",6.3,23633,movie,tt2386404
Dark Skies,2013.0,"Horror,Sci-Fi,Thriller",6.3,85605,movie,tt2387433
Jalpari: The Desert Mermaid,2012.0,"Adventure,Drama,Family",7.3,2274,movie,tt2387495
The Liberator,2013.0,"Biography,Drama,History",6.7,5833,movie,tt2387513
Mowgli: Legend of the Jungle,2018.0,"Adventure,Drama,Fantasy",6.5,69954,movie,tt2388771
1 Chance 2 Dance,2014.0,"Drama,Family,Romance",4.6,627,movie,tt2388856
The Mistress,2012.0,"Drama,Romance",6.4,431,movie,tt2389344
Forget Me Not,2012.0,"Biography,Documentary,Family",7.5,492,movie,tt2389530
The Apartment,2012.0,Reality-TV,4.4,136,tvSeries,tt2389566
Scandal,2012.0,"Drama,Mystery,Thriller",7.0,232,movie,tt2390190
Highway Thru Hell,2012.0,"Documentary,Reality-TV",8.0,1470,tvSeries,tt2390276
Chosen,2013.0,"Action,Drama,Thriller",7.3,4028,tvSeries,tt2390334
Live,2023.0,Thriller,4.5,886,movie,tt23903828
The Unknown Known,2013.0,"Biography,Documentary,History",7.0,4424,movie,tt2390962
Pac-Man and the Ghostly Adventures,2013.0,"Action,Adventure,Animation",4.7,1192,tvSeries,tt2392179
Ungli,2014.0,"Crime,Drama,Thriller",5.8,4466,movie,tt2392447
Monster High: Escape from Skull Shores,2012.0,Animation,6.7,1230,tvMovie,tt2395337
Cold Harbour,2013.0,"Action,Crime,Thriller",5.2,238,movie,tt2396369
Dear Santa,2024.0,"Comedy,Fantasy",5.4,22458,movie,tt2396431
Mudbound,2017.0,"Drama,War",7.4,57997,movie,tt2396589
Barbie: The Princess & the Popstar,2012.0,"Animation,Family,Musical",6.0,4152,movie,tt2396690
Forgotten,2011.0,"Drama,Romance",3.3,59,tvSeries,tt23980964
Human Nature,2012.0,Drama,7.3,25,movie,tt2398179
Imago,2022.0,Animation,8.4,22,tvSeries,tt23986130
Gotham,2011.0,Action,6.8,23,movie,tt2399517
The Invitation,2015.0,"Drama,Horror,Mystery",6.6,130972,movie,tt2400463
Skydancers,2014.0,Documentary,6.5,3219,tvMovie,tt2400894
Tracers,2015.0,"Action,Crime,Drama",5.6,20858,movie,tt2401097
Imago,2013.0,Horror,6.2,27,movie,tt2401669
Prague,2012.0,"Horror,Mystery,Romance",5.5,396,movie,tt2401719
The Vault,2011.0,"Drama,Mystery,Thriller",7.5,919,tvSeries,tt2401798
The End,2023.0,Drama,8.2,379,tvMiniSeries,tt24018332
The Box,2024.0,"Horror,Mystery,Thriller",2.9,120,movie,tt24020726
Dark Places,2015.0,"Crime,Drama,Mystery",6.2,50467,movie,tt2402101
Unknown,2012.0,Drama,6.2,23,movie,tt2402731
Carol,2015.0,"Drama,Romance",7.3,154802,movie,tt2402927
The Green Inferno,2013.0,"Adventure,Horror",5.4,55579,movie,tt2403021
Humsafar,2011.0,"Drama,Romance",8.8,5272,tvSeries,tt2403201
Arjun: The Warrior Prince,2012.0,"Action,Adventure,Animation",6.8,2301,movie,tt2404027
After,2012.0,Romance,6.1,47,movie,tt2404163
Lovesick,2014.0,"Comedy,Romance",5.2,3175,movie,tt2404299
The Family,2013.0,"Comedy,Crime,Thriller",6.3,128906,movie,tt2404311
Kingdom,2012.0,"Action,Animation,Drama",8.8,6948,tvSeries,tt2404499
Naa Bangaaru Talli,2013.0,"Crime,Drama,Family",7.3,206,movie,tt2404605
The Bridge,2013.0,"Crime,Drama,Mystery",7.6,21763,tvSeries,tt2406376
Love,2023.0,"Drama,Thriller",4.3,107,movie,tt24068194
Sample This,2012.0,"Documentary,Music",6.4,535,movie,tt2407418
Husbands in Goa,2012.0,Comedy,4.2,378,movie,tt2407826
B.A. Pass,2012.0,"Crime,Drama,Thriller",6.3,4636,movie,tt2408040
Adrift,2012.0,Drama,6.6,8,movie,tt2408090
Against the Tide,2023.0,Documentary,6.9,240,movie,tt24082466
Cursed,2012.0,"Documentary,Horror,Sci-Fi",5.2,240,tvSeries,tt2408488
Killers,2014.0,"Action,Crime,Drama",6.4,5681,movie,tt2409300
Once Again,2012.0,"Drama,Family,Mystery",6.3,24,movie,tt2409680
A Love So Beautiful,2024.0,Romance,7.3,83,tvSeries,tt24131442
First Love,2022.0,"Comedy,Drama,Romance",7.2,157,tvSeries,tt24133542
Buffalo Boys,2013.0,"Crime,Drama",6.7,33,movie,tt2416144
Brother,2004.0,Biography,4.8,9,tvMiniSeries,tt2416812
The Daughter,2012.0,Drama,7.4,572,movie,tt2416822
Together,2012.0,"Drama,Romance",6.3,526,movie,tt2417568
Goon: Last of the Enforcers,2017.0,"Comedy,Sport",5.8,16195,movie,tt2417712
The Beast,2011.0,"Action,Thriller",5.1,115,movie,tt2418264
The Conjuring,2021.0,"Drama,Fantasy,Thriller",3.0,63,tvSeries,tt24218116
House of Cards,2013.0,"Action,Drama",2.1,374,movie,tt2422212
Yuva,2024.0,"Action,Romance",5.7,904,movie,tt24225188
The Forest,2025.0,Adventure,7.4,42,movie,tt24243006
Gabbar Is Back,2015.0,"Action,Crime,Drama",7.1,29838,movie,tt2424988
Magi: The Labyrinth of Magic,2012.0,"Action,Adventure,Animation",7.8,5899,tvSeries,tt2425098
We Are One,2017.0,"Documentary,History,News",8.0,31,movie,tt2427150
Creep,2014.0,"Horror,Thriller",6.3,86879,movie,tt2428170
Beyond All Boundaries,2013.0,"Biography,Documentary,Sport",8.0,176,movie,tt2428368
Hero,2012.0,"Action,Drama,Thriller",4.0,400,movie,tt2429086
Delirium,2013.0,"Crime,Mystery,Thriller",7.2,69,movie,tt2429276
Sense8,2015.0,"Drama,Mystery,Sci-Fi",8.2,172605,tvSeries,tt2431438
Hot Rod,2001.0,"Adventure,Crime",5.4,7,movie,tt2431894
Toast of London,2012.0,"Comedy,Musical",8.2,12089,tvSeries,tt2432604
Dark Skies,2020.0,"Documentary,History",6.4,6,tvSeries,tt24329242
For the Birds,2018.0,"Documentary,Drama",6.8,257,movie,tt2433118
Wentworth,2013.0,"Crime,Drama,Thriller",8.6,27197,tvSeries,tt2433738
Poacher,2023.0,"Crime,Drama",7.7,2649,tvSeries,tt24364990
The Duel,2016.0,"Drama,Western",5.8,12856,movie,tt2436682
Fireflies,2013.0,Drama,7.6,11,movie,tt2437382
Singh Saab the Great,2013.0,"Action,Drama",5.6,2654,movie,tt2437954
Computer Love,2014.0,"Comedy,Romance",7.0,81,movie,tt2441402
White Christmas,2011.0,"Crime,Drama,Horror",7.8,469,tvMiniSeries,tt2441808
Peaky Blinders,2013.0,"Crime,Drama",8.7,790138,tvSeries,tt2442560
Paradox,2016.0,"Drama,Romance,Sci-Fi",6.0,170,movie,tt2442620
The Boy,2015.0,"Drama,Horror,Thriller",5.5,5969,movie,tt2443822
Abominable Christmas,2012.0,"Adventure,Animation,Comedy",5.2,349,tvMovie,tt2445310
Outlawed,2018.0,"Action,Drama",3.7,1580,movie,tt2445568
Girlfriends,2017.0,Comedy,5.9,14,movie,tt2445592
The Great Train Robbery,2012.0,Documentary,7.4,17,tvMovie,tt2446162
Joy,2015.0,"Biography,Drama",6.6,153181,movie,tt2446980
Secret City,2012.0,Documentary,6.8,58,movie,tt2448704
My True Friend,2012.0,Action,6.4,430,movie,tt2449180
Intersection,2025.0,Sci-Fi,8.2,50,movie,tt24518302
Son of a Gun,2014.0,"Action,Crime,Drama",6.4,31238,movie,tt2452200
Happy!,2017.0,"Action,Comedy,Crime",8.1,46100,tvSeries,tt2452242
Clouds of Sils Maria,2014.0,Drama,6.7,32696,movie,tt2452254
My Way,2012.0,"Documentary,Music",7.6,11,movie,tt2452266
The Fundamentals of Caring,2016.0,"Comedy,Drama",7.3,88060,movie,tt2452386
Meet the In-Laws,2012.0,Comedy,5.6,168,movie,tt2459282
Happy New Year,2014.0,"Action,Comedy,Drama",5.1,45007,movie,tt2461132
Man Down,2015.0,"Drama,Thriller,War",6.0,11972,movie,tt2461520
We Are Family,2022.0,Comedy,6.5,111,movie,tt24635750
Blockbuster,2018.0,Comedy,5.6,462,movie,tt2463842
Sherlock Holmes,2013.0,"Crime,Drama",6.6,509,tvSeries,tt2465266
Sisters,2022.0,Comedy,7.6,195,tvMiniSeries,tt24653448
The Short Game,2013.0,"Documentary,Sport",7.3,1807,movie,tt2466830
Left Behind,2014.0,"Action,Fantasy,Sci-Fi",3.2,44798,movie,tt2467046
The Club,2023.0,"Comedy,Drama",7.8,211,tvSeries,tt24670768
Be Here Now,2015.0,"Biography,Documentary,Drama",8.5,3703,movie,tt2473476
Together,2011.0,Drama,6.9,9,movie,tt2473710
Golden Time,2012.0,Comedy,7.5,120,tvSeries,tt2474948
Elena,2012.0,"Biography,Documentary,Drama",7.5,2242,movie,tt2475154
The Mistress,2012.0,Documentary,7.2,11,tvSeries,tt2475364
Twice,2020.0,"Drama,Family,Romance",7.3,61,movie,tt2475886
Grand Masti,2013.0,Comedy,4.5,7347,movie,tt2476154
Hitch,2012.0,Drama,7.2,24,movie,tt2477178
The Night Shift,2014.0,"Drama,Romance",7.4,13956,tvSeries,tt2477230
The Ridiculous 6,2015.0,"Action,Adventure,Comedy",4.9,59320,movie,tt2479478
Mercy,2014.0,"Horror,Thriller",4.9,6173,movie,tt2481496
"Extremely Wicked, Shockingly Evil and Vile",2019.0,"Biography,Crime,Drama",6.7,113362,movie,tt2481498
Room on the Broom,2012.0,"Animation,Comedy,Family",7.5,5276,tvMovie,tt2484120
5 to 7,2014.0,"Comedy,Drama,Romance",7.1,22528,movie,tt2486678
The Square,2013.0,"Documentary,Drama,History",8.0,9597,movie,tt2486682
You Carry Me,2015.0,"Action,Drama",6.8,2404,movie,tt2486856
Sam & Cat,2013.0,"Comedy,Drama,Family",5.8,14664,tvSeries,tt2487090
El Reemplazante,2012.0,"Crime,Drama",8.6,1108,tvMiniSeries,tt2488050
Sensitive Skin,2014.0,Comedy,7.4,1230,tvSeries,tt2490030
Ms. Mammy,2012.0,"Comedy,Family,Romance",4.8,649,movie,tt2493390
Last Knights,2015.0,"Action,Drama",6.2,48078,movie,tt2493486
Joy,2012.0,,5.9,54,movie,tt2495188
Loving,2012.0,"Drama,Romance",7.0,383,movie,tt2495212
Gemini,2025.0,Sci-Fi,5.4,16,movie,tt24973352
Haunted House,1985.0,"Comedy,Horror",5.5,18,movie,tt2498034
Point Blank,2019.0,"Action,Crime,Drama",5.7,16612,movie,tt2499472
Wolf,2013.0,"Crime,Drama,Thriller",7.3,4069,movie,tt2504404
Ghost Town Gold,2012.0,Reality-TV,7.1,140,tvSeries,tt2510302
The Mind of a Chef,2012.0,Documentary,8.0,1501,tvSeries,tt2510616
Yamla Pagla Deewana 2,2013.0,"Action,Comedy",3.5,2254,movie,tt2510874
Brave Miss World,2013.0,"Biography,Documentary,Drama",7.1,596,movie,tt2514298
Mud,2012.0,Drama,6.2,71,movie,tt2514592
One Direction: This Is Us,2013.0,"Documentary,Music",4.4,25595,movie,tt2515086
Rake,2014.0,"Comedy,Crime,Drama",6.8,3538,tvSeries,tt2515462
Benji,2012.0,"Documentary,Sport",7.5,133,movie,tt2519480
Glitch,2015.0,"Comedy,Drama,Romance",5.4,204,movie,tt2520306
Maron,2013.0,Comedy,7.7,5508,tvSeries,tt2520512
The Returned,2012.0,"Drama,Horror,Mystery",8.0,22442,tvSeries,tt2521668
Shutter,2012.0,Thriller,7.7,1157,movie,tt2522328
One More Time,2013.0,Drama,6.8,98,movie,tt2527048
God's Not Dead,2014.0,"Drama,Romance",4.6,46980,movie,tt2528814
Still,2014.0,Thriller,5.2,976,movie,tt2531168
Lupin,2021.0,"Action,Crime,Drama",7.5,161152,tvSeries,tt2531336
The Basement,2014.0,Thriller,6.4,50,movie,tt2531822
Courting a Killer,2013.0,"Horror,Mystery,Thriller",4.8,132,movie,tt2533492
Love Is Blind,2013.0,"Drama,Romance",7.3,1030,movie,tt2534648
The Haunted Hathaways,2013.0,"Comedy,Drama,Family",5.4,3394,tvSeries,tt2535732
One of Us,2022.0,"Comedy,Drama",8.0,82,tvSeries,tt25367018
The Signal,2024.0,"Drama,Mystery,Sci-Fi",6.0,8972,tvMiniSeries,tt25375256
The Players,2025.0,Drama,5.5,103,movie,tt25404102
Space Racers,2014.0,"Animation,Family,Sci-Fi",7.5,110,tvSeries,tt2542954
Halt and Catch Fire,2014.0,Drama,8.4,38753,tvSeries,tt2543312
20 Minutes,2013.0,"Action,Drama,Romance",8.2,11968,tvSeries,tt2544148
Blackfish,2013.0,"Documentary,Drama,Thriller",8.1,76963,movie,tt2545118
The Queen,2012.0,"Action,Drama,War",6.4,274,movie,tt2548096
The Cloverfield Paradox,2018.0,"Horror,Sci-Fi,Thriller",5.5,122386,movie,tt2548396
Jonathan Strange & Mr Norrell,2015.0,"Fantasy,War",8.0,15350,tvMiniSeries,tt2548418
Equilibrium,2012.0,"Comedy,Mystery,Thriller",5.7,18,movie,tt2549398
Phantom,2023.0,"Action,Crime,History",6.2,1097,movie,tt25503544
26 Years,2012.0,"Crime,Drama,Thriller",6.2,1519,movie,tt2551894
Ghadi,2013.0,"Comedy,Drama,Family",7.3,1283,movie,tt2552296
Revenger,2023.0,"Adventure,Animation",6.5,620,tvSeries,tt25534100
Iceman,2014.0,"Action,Comedy,Fantasy",4.8,4038,movie,tt2557256
The White Room,2015.0,"Action,Drama,Mystery",5.9,34,movie,tt2557258
Eastsiders,2012.0,Drama,6.9,3361,tvSeries,tt2558816
Attack on Titan,2013.0,"Action,Adventure,Animation",9.1,741624,tvSeries,tt2560140
Face 2 Face,2012.0,"Crime,Drama,Family",3.4,203,movie,tt2562286
Seoul Searching,2015.0,"Comedy,Drama,Music",6.9,1970,movie,tt2566644
Starred Up,2013.0,"Crime,Drama,Thriller",7.3,51838,movie,tt2567712
The Saint,2017.0,"Action,Adventure,Crime",4.9,7185,tvMovie,tt2569088
Boss,2013.0,"Action,Comedy,Drama",5.1,13182,movie,tt2571140
Africa,2013.0,"Documentary,Family",8.9,23556,tvMiniSeries,tt2571774
ATM,2023.0,Crime,7.3,266,tvSeries,tt25728686
Becoming,2020.0,"Horror,Sci-Fi,Thriller",4.8,1690,movie,tt2573372
Run,2012.0,Horror,8.0,11,movie,tt2574088
Undercover,2002.0,Adult,8.6,12,movie,tt2575564
Revenge,2013.0,"Drama,Mystery,Thriller",5.9,1975,tvSeries,tt2575740
One Night Stand,2009.0,Drama,5.1,26,movie,tt2575930
Hinterland,2013.0,"Crime,Drama,Mystery",7.6,16266,tvSeries,tt2575968
Howards End,2017.0,"Drama,Romance",7.2,7490,tvMiniSeries,tt2577192
Déjà Vu,2013.0,Drama,5.9,208,movie,tt2577862
Miraculous: Tales of Ladybug & Cat Noir,2015.0,"Action,Adventure,Animation",7.5,20617,tvSeries,tt2580046
Sammy & Co,2014.0,Animation,6.4,60,tvSeries,tt2580128
Perfume,2023.0,"Romance,Thriller",7.7,2030,movie,tt25811580
Life After Beth,2014.0,"Comedy,Fantasy,Horror",5.7,26362,movie,tt2581244
Sweet Virginia,2017.0,"Drama,Thriller",6.2,12648,movie,tt2582498
Sand Castle,2017.0,"Action,Drama,War",6.3,31292,movie,tt2582576
Hell or High Water,2016.0,"Crime,Drama,Thriller",7.6,281148,movie,tt2582782
The Fear,2013.0,Drama,6.2,178,movie,tt2583690
Aftermath,2012.0,"Action,Horror",3.5,128,movie,tt2584642
Breakout,2023.0,"Mystery,Thriller",6.3,1577,movie,tt25852740
Pizza,2012.0,"Horror,Mystery,Thriller",7.9,9814,movie,tt2585562
Habibie & Ainun,2012.0,"Biography,Drama,History",7.6,2543,movie,tt2589132
Sisterakas,2012.0,Comedy,5.5,426,movie,tt2590214
One More Try,2012.0,"Drama,Romance",6.2,262,movie,tt2590280
The Garden of Words,2013.0,"Animation,Drama,Romance",7.4,61348,movie,tt2591814
The Innocent Man,2012.0,Drama,7.6,2681,tvSeries,tt2593336
Lifeline,2025.0,"Drama,Mystery,Thriller",5.5,927,movie,tt25973750
The Outcasts,2017.0,Comedy,5.4,5142,movie,tt2597760
Come and Find Me,2016.0,"Action,Drama,Mystery",5.7,10333,movie,tt2597768
Chosen,2014.0,Thriller,5.8,112,movie,tt2606292
Aata Pita,2010.0,"Comedy,Drama",6.7,24,movie,tt2606526
Circle,2019.0,Action,6.0,179,movie,tt2607634
Loaded,2015.0,"Comedy,Drama",5.2,1380,movie,tt2608030
The Butterfly's Dream,2013.0,"Biography,Drama,History",7.6,26347,movie,tt2608224
Manhattan Romance,2014.0,"Comedy,Drama,Romance",5.6,1446,movie,tt2608324
The Queen,2023.0,Drama,5.2,518,tvSeries,tt26083408
Ragini MMS 2,2014.0,Horror,3.9,3332,movie,tt2609218
Kevin Hart: Let Me Explain,2013.0,"Comedy,Documentary",6.7,9629,movie,tt2609912
Disappearance,2017.0,"Drama,Mystery",6.5,545,movie,tt2610248
Ranbhool,2010.0,Thriller,5.1,34,movie,tt2612162
Sisters,2013.0,Drama,5.3,52,movie,tt2612800
Losers,2013.0,"Drama,Thriller",6.3,91,movie,tt2613068
Umrika,2015.0,"Comedy,Drama",6.6,1629,movie,tt2614722
Derek,2012.0,"Comedy,Drama",8.1,38048,tvSeries,tt2616280
The Beast,1999.0,Horror,7.5,14,movie,tt2616992
Broken,2013.0,"Action,Drama",7.0,19,movie,tt2622536
Underdogs,2025.0,"Documentary,Family",8.1,830,tvMiniSeries,tt26229000
The Devil Is a Part-Timer!,2013.0,"Action,Animation,Comedy",7.4,10110,tvSeries,tt2622982
Life,2023.0,Documentary,7.5,8,movie,tt26242146
Bitten,2023.0,"Drama,Horror",5.7,292,movie,tt26245650
Girl,2013.0,"Documentary,Music",6.3,15,movie,tt2624640
Sanai Choughade,2008.0,Comedy,6.4,113,movie,tt2624946
Shahanpan Dega Deva,2011.0,Comedy,5.7,44,movie,tt2625014
Into the Forest,2015.0,"Drama,Sci-Fi,Thriller",5.8,23184,movie,tt2625810
Followers,2023.0,,6.8,18,tvSeries,tt26270872
Penny Dreadful,2014.0,"Drama,Fantasy,Horror",8.2,140611,tvSeries,tt2628232
The Crew,2012.0,Comedy,5.3,18,movie,tt2629726
Super Nani,2014.0,"Comedy,Drama,Family",4.8,588,movie,tt2630076
Black Butler,2014.0,"Action,Adventure,Crime",6.1,1996,movie,tt2630336
People You May Know,2012.0,Comedy,8.1,13,tvSeries,tt2631144
Pretville,2012.0,Musical,5.0,75,movie,tt2631210
Gargantia on the Verdurous Planet,2013.0,"Adventure,Animation,Drama",7.3,2098,tvSeries,tt2632044
The Originals,2013.0,"Drama,Fantasy,Horror",8.2,162410,tvSeries,tt2632424
Rise of the Zombie,2013.0,"Drama,Horror,Thriller",3.3,475,movie,tt2633598
Disco Dancer,1994.0,"Action,Drama,Romance",6.4,13,movie,tt2633750
Justice,2023.0,Documentary,5.8,53,movie,tt26349484
Match,2014.0,"Comedy,Drama",6.8,2774,movie,tt2637378
LoveTrue,2016.0,Documentary,6.6,329,movie,tt2638900
A Little Chaos,2014.0,"Drama,Romance",6.5,27072,movie,tt2639254
The Hunt,2012.0,"Action,Horror,Thriller",4.2,161,movie,tt2640570
Hide and Seek,2013.0,"Biography,Documentary",6.8,91,movie,tt2643712
Mercy,2023.0,"Action,Drama",4.5,2638,movie,tt26439204
gormiti: Nature Unleashed!,2013.0,Animation,5.1,192,tvSeries,tt2644204
The Woods,2013.0,Thriller,4.9,65,movie,tt2644902
Hükümet Kadin,2013.0,Comedy,6.5,10605,movie,tt2645092
Playing with Fire,2013.0,Reality-TV,7.1,18,tvSeries,tt2646004
Hostages,2013.0,"Drama,Mystery,Thriller",6.7,10474,tvSeries,tt2647258
Away,2025.0,Drama,6.7,1650,movie,tt26472958
The Competition,2013.0,"Comedy,Documentary,Drama",7.8,70,movie,tt2647618
The Influence,2013.0,"Drama,Family,Music",7.1,16,movie,tt2648188
Metro,2013.0,"Action,Drama,Thriller",6.4,8584,movie,tt2649128
Midnight Special,2016.0,"Drama,Mystery,Sci-Fi",6.6,87060,movie,tt2649554
Much Ado About Nothing,2012.0,"Comedy,Drama",8.1,204,movie,tt2651158
The Prince,2014.0,"Action,Adventure,Crime",7.3,1484,tvSeries,tt2651246
Unorthodox,2013.0,"Documentary,Drama",7.1,122,movie,tt2651538
Ghanchakkar,1990.0,Comedy,7.1,41,movie,tt2652030
"Crouching Tiger, Hidden Dragon: Sword of Destiny",2016.0,"Action,Adventure,Drama",6.1,22018,movie,tt2652118
Hostage to the Devil,2016.0,"Biography,Documentary,History",5.2,1602,movie,tt2652948
Aftermath,2024.0,"Action,Thriller",5.2,5504,movie,tt26545708
The Duel,2023.0,"Comedy,Drama",4.5,796,movie,tt26546715
The Silence,2023.0,"Mystery,Thriller",7.4,526,tvSeries,tt26547765
Star-Crossed,2014.0,"Drama,Romance,Sci-Fi",7.1,18638,tvSeries,tt2657262
Miracle in Cell No. 7,2013.0,"Comedy,Drama",8.1,26431,movie,tt2659414
Til Death Do Us Part,2023.0,"Crime,Drama,Thriller",6.0,638,tvMovie,tt26596484
A Love Story,2022.0,"Drama,Romance",6.4,214,movie,tt26597966
Alone,2013.0,"Documentary,Family",7.0,74,movie,tt2660068
Mom,2013.0,"Comedy,Drama,Romance",7.4,44411,tvSeries,tt2660806
The 100,2014.0,"Action,Drama,Mystery",7.5,307265,tvSeries,tt2661044
Bloodline,2013.0,Drama,6.4,42,tvMovie,tt2661078
The Order,2024.0,"Crime,Drama,Thriller",6.8,64313,movie,tt26625693
Siren,2023.0,"Crime,Thriller",8.0,41,movie,tt26627624
The Plan,2023.0,Drama,5.1,12,tvMiniSeries,tt26628819
The King,2012.0,"Drama,History",6.2,84,movie,tt2664976
Invisible,2024.0,Drama,7.3,1424,tvMiniSeries,tt26658061
About a Boy,2014.0,"Comedy,Drama,Romance",7.4,9137,tvSeries,tt2666270
Our House,2008.0,Reality-TV,9.3,8,tvSeries,tt2667276
Kill Command,2016.0,"Action,Horror,Sci-Fi",5.7,16317,movie,tt2667380
Miss Julie,2014.0,"Drama,Romance",5.5,6614,movie,tt2667960
After,2023.0,Drama,5.7,137,movie,tt26680124
Unstoppable,2026.0,"Action,Adventure,Animation",6.6,45,movie,tt26680792
Solo,2024.0,Drama,7.1,118,tvSeries,tt26687217
Fireworks,2023.0,"Drama,Thriller",7.0,546,movie,tt26687781
Fearless,2025.0,Family,4.2,10,movie,tt26689176
Mom,2013.0,Drama,5.2,21,movie,tt2669348
The Trust,2023.0,"Comedy,Drama,Fantasy",6.6,29,tvSeries,tt26697171
Stranger,2012.0,War,2.7,27,movie,tt2671388
Coat,2023.0,Comedy,8.1,2195,tvMiniSeries,tt26732280
Sakhi,2023.0,"Drama,Romance,Thriller",8.8,24,movie,tt26733913
The Game,2012.0,"Drama,Family",5.6,13,tvMiniSeries,tt26735447
The Fear,2012.0,Comedy,7.7,16,tvSeries,tt2674056
The Daughter,2024.0,"Drama,Thriller,War",5.6,273,movie,tt26742888
Sunrise,2024.0,"Horror,Thriller,Western",3.9,1661,movie,tt26742994
Compulsion,2024.0,Thriller,3.7,727,movie,tt26744645
Mirage,2011.0,,1.2,13,tvSeries,tt26748032
The Prince,2023.0,"Drama,Fantasy",6.0,278,movie,tt26753526
The Writer,2023.0,Drama,6.3,98,movie,tt26757123
Love Rain,2001.0,,2.0,18,tvSeries,tt26757504
In Order of Disappearance,2014.0,"Action,Comedy,Crime",7.1,31131,movie,tt2675914
Dedh Ishqiya,2014.0,"Comedy,Drama,Romance",7.0,7782,movie,tt2675978
Power Battle Watch Car,2015.0,"Action,Adventure,Animation",7.5,38,tvSeries,tt26762092
First Love,2020.0,Romance,5.5,127,movie,tt26762470
Bad Boys,2001.0,"Comedy,Thriller",3.8,11,movie,tt2677182
Extraction,2021.0,Mystery,7.9,14,tvMiniSeries,tt26774352
Settai,2013.0,"Comedy,Crime",4.8,709,movie,tt2677816
Brothers,2014.0,Drama,6.4,209,tvSeries,tt2677972
Be with You,2005.0,"Drama,Fantasy,Romance",7.7,43,tvSeries,tt2679956
The Lamb,2014.0,"Drama,Family",6.6,732,movie,tt2683694
Mea Culpa,2024.0,"Crime,Drama,Thriller",4.2,7678,movie,tt26861992
The Lamb,2024.0,Family,6.2,66,movie,tt26895536
The Chase,2024.0,,9.0,11,movie,tt26898941
The D Train,2015.0,"Comedy,Drama",5.1,12295,movie,tt2690138
Black Summer,2021.0,Documentary,6.8,22,movie,tt26911927
Locke,2013.0,Drama,7.1,170504,movie,tt2692904
Miss Stevens,2016.0,"Comedy,Drama",6.5,8407,movie,tt2693580
Intelligence,2014.0,"Action,Drama,Sci-Fi",6.8,20409,tvSeries,tt2693776
Borderline,2023.0,"Crime,Drama,Thriller",3.5,180,movie,tt26941435
The Adventures of Figaro Pho,2012.0,"Animation,Fantasy,Sci-Fi",7.5,233,tvSeries,tt2699588
John Day,2013.0,"Action,Crime,Drama",5.6,951,movie,tt2699840
The Signal,2023.0,Drama,7.3,22,movie,tt27005179
Another Life,2013.0,"Comedy,Drama,Romance",5.4,395,movie,tt2700582
Three,2024.0,Thriller,4.6,49,movie,tt27011045
Voice,2023.0,Drama,6.7,14,movie,tt27035082
Til Death Do Us Part,2023.0,"Action,Comedy,Horror",3.8,7017,movie,tt27047448
Full Count,2023.0,Family,7.6,482,tvSeries,tt27048241
The Diabolical,2014.0,Horror,5.7,43,movie,tt2706104
Westside,2013.0,Drama,6.2,46,tvMovie,tt2706252
Narcos,2015.0,"Biography,Crime,Drama",8.7,534830,tvSeries,tt2707408
The Bachelor,2022.0,Reality-TV,4.7,20,tvSeries,tt27077921
Submission,2017.0,"Drama,Mystery",5.7,1748,movie,tt2707810
Live,2023.0,"Drama,Thriller",5.6,105,movie,tt27079605
Hridaynath,2012.0,Action,4.6,23,movie,tt2708290
Jal,2013.0,Drama,6.7,523,movie,tt2708550
Welcome to the Family,2013.0,Comedy,5.7,1128,tvSeries,tt2709648
Antidote,2013.0,"Drama,Horror,Thriller",3.5,198,movie,tt2709716
The Gift,2026.0,"Family,Fantasy,Mystery",6.2,5,tvSeries,tt27097227
Reign,2013.0,"Drama,History,Romance",7.4,58266,tvSeries,tt2710394
One More Shot,2024.0,"Action,Thriller",5.4,4517,movie,tt27110516
Jonah,2015.0,"Drama,Romance,Thriller",5.2,310,movie,tt2711256
Diary of a Chambermaid,2015.0,Drama,5.5,3223,movie,tt2711898
Hide and Seek,2024.0,Action,7.5,59,movie,tt27138517
Fractured,2023.0,"Drama,Mystery,Thriller",5.8,44,tvMiniSeries,tt27161974
Mega Food,2013.0,Documentary,6.7,67,tvSeries,tt2716758
Klaus,2012.0,Comedy,7.4,12,tvSeries,tt2717354
The Riot Club,2014.0,"Drama,Thriller",6.0,25171,movie,tt2717860
Moonwalkers,2015.0,"Action,Comedy",6.1,10378,movie,tt2718440
Cells at Work!,2024.0,"Action,Adventure,Comedy",6.7,1609,movie,tt27192829
Peter Rabbit,2012.0,"Adventure,Animation,Comedy",5.7,796,tvSeries,tt2720144
The Salvation,2014.0,"Action,Drama,Thriller",6.7,46839,movie,tt2720680
Brother,2016.0,,3.6,48,tvSeries,tt27209239
Mr. Pig,2016.0,Drama,5.8,1353,movie,tt2722504
Saladin,2010.0,Animation,8.5,173,tvSeries,tt2722544
Hide & Seek,2014.0,"Drama,Romance",4.4,1431,movie,tt2723176
Gridlocked,2015.0,Action,5.8,5552,movie,tt2724532
The Doll,2023.0,Drama,5.1,28,movie,tt27261231
A Kind of Murder,2016.0,"Crime,Drama,Mystery",5.3,9386,movie,tt2726552
Rita,2013.0,"Comedy,Drama",7.0,45,tvMovie,tt2727156
What If?,2011.0,Comedy,7.6,692,tvSeries,tt2729360
Equals,2024.0,"Documentary,Musical,Reality-TV",8.9,32,tvMiniSeries,tt27301440
Truth or Dare,2024.0,Documentary,5.1,33,movie,tt27302416
Rapture,2023.0,Drama,4.9,58,movie,tt27328934
Listen,2023.0,"Crime,Documentary",8.4,13,movie,tt27331383
Travelers,2013.0,"Action,Adventure,Sci-Fi",4.6,191,movie,tt2734790
What Lies Beneath,2023.0,"Comedy,Crime,Drama",8.4,34,movie,tt27353927
Black Rose,2013.0,Drama,5.3,1416,tvSeries,tt2735484
Loaded,2013.0,Reality-TV,6.9,12,tvSeries,tt2736652
Mahmut & Meryem,2013.0,"Drama,Romance",5.5,433,movie,tt2736928
Muramba,2022.0,"Drama,Family,Romance",5.7,14,tvSeries,tt27370500
Unknown,2023.0,"Biography,Drama,War",5.9,530,movie,tt27371711
Bird Box,2018.0,"Horror,Mystery,Sci-Fi",6.6,426574,movie,tt2737304
Desolate,2013.0,"Drama,Sci-Fi,Thriller",6.6,27,movie,tt2737814
Black Ink Crew New York,2012.0,Reality-TV,5.2,556,tvSeries,tt2738096
The Christmas Candle,2013.0,"Drama,Family",6.3,3056,movie,tt2739338
Three,2023.0,"Drama,Music",7.0,16,tvSeries,tt27406103
Shaitan,2023.0,"Action,Crime,Drama",6.4,6978,tvSeries,tt27412560
The Blacklist,2013.0,"Crime,Drama,Mystery",7.9,303499,tvSeries,tt2741602
Black Rose,2023.0,Drama,5.2,54,movie,tt27419449
Hook,2023.0,Sport,3.7,50,movie,tt27431766
Watchman,2023.0,Drama,6.7,140,tvMiniSeries,tt27470363
DNA,2024.0,"Action,Crime,Mystery",5.3,240,movie,tt27470699
War,2023.0,"Action,Drama,Thriller",5.6,98,tvSeries,tt27493372
Secret,2024.0,"Drama,Mystery",3.8,804,movie,tt27494298
Kingdoms of the Sky,2018.0,Documentary,7.5,18,tvMiniSeries,tt27510267
Occupied,2021.0,Documentary,7.5,52,tvMiniSeries,tt27518638
The Saint,2023.0,Drama,7.0,35,movie,tt27520543
Soldier,2020.0,,2.1,32,tvSeries,tt27521774
Sinister 2,2015.0,"Horror,Mystery,Thriller",5.3,68325,movie,tt2752772
Doubt,2013.0,Drama,5.5,42,tvMovie,tt2752952
The Cell,2023.0,Thriller,7.4,10,movie,tt27530498
No Tomorrow,2024.0,"Drama,Romance,War",8.5,15,movie,tt27534112
Destiny,2013.0,Sci-Fi,6.8,28,tvSeries,tt2753526
Together,2012.0,Drama,6.4,10,movie,tt2754616
Déjà Vu,2013.0,"Action,Sci-Fi,Thriller",8.0,23,tvSeries,tt2754774
Event Horizon,2023.0,"Horror,Sci-Fi",5.8,21,tvMiniSeries,tt27547844
The Last Resort,2026.0,Drama,6.5,210,movie,tt27552049
The Human Trap,2021.0,"Horror,Thriller",5.8,48,movie,tt27553313
The One I Love,2014.0,"Comedy,Drama,Fantasy",7.0,47798,movie,tt2756032
The Tribe,2024.0,"Documentary,Reality-TV",7.1,4462,tvSeries,tt27561741
Remember,2024.0,"Drama,Mystery,Romance",8.1,8,tvSeries,tt27562113
Haywire,2023.0,War,2.3,112,movie,tt27562701
Black,2013.0,Action,8.3,62,tvSeries,tt2756312
The Innocents,2008.0,Drama,3.6,18,tvSeries,tt27565065
Welcome to New York,2014.0,"Crime,Drama",5.6,4244,movie,tt2758890
Search Party,2014.0,"Adventure,Comedy",5.6,8576,movie,tt2758904
Helix,2014.0,"Drama,Horror,Mystery",6.7,31502,tvSeries,tt2758950
Follow Me,2023.0,Reality-TV,5.7,10,tvSeries,tt27592552
Bloodline,2024.0,Thriller,4.5,9,movie,tt27610259
Timeline,2023.0,"Action,Thriller",7.9,79,movie,tt27625359
Truth or Dare,2013.0,"Horror,Thriller",4.1,926,movie,tt2762738
The Great Train Robbery,2013.0,"Biography,Crime,Drama",7.3,5567,tvMiniSeries,tt2763296
Running Man,2013.0,"Action,Adventure,Comedy",6.3,810,movie,tt2763764
Amrapali,2023.0,Drama,5.7,11,tvSeries,tt27669258
The Milky Way,2023.0,Drama,6.3,120,movie,tt27672725
Pooja Kiven Aa,2013.0,Comedy,5.3,46,movie,tt2767806
Welcome Mr. President,2013.0,Comedy,6.2,3859,movie,tt2767948
Mea Culpa,2023.0,Thriller,4.8,24,movie,tt27689459
Must Be... Love,2013.0,"Comedy,Romance",6.5,702,movie,tt2769454
Stranger,2025.0,"Drama,Thriller",6.0,268,movie,tt27704759
Jackpot,2024.0,"Adventure,Comedy,Crime",6.2,6,movie,tt27705675
Hangman,2025.0,"Drama,Mystery",7.3,36,movie,tt27711700
The Witch,2025.0,"Mystery,Romance",7.0,1272,tvSeries,tt27712331
Iris,2020.0,"Action,Crime,Drama",6.1,91,movie,tt2771280
Van Helsing,2023.0,Horror,3.3,79,movie,tt27713536
Solo,2023.0,"Drama,Romance",6.9,747,movie,tt27715185
Chocolate,2003.0,Drama,3.5,12,movie,tt27719845
The Little Mermaid,2024.0,Horror,3.7,463,movie,tt27722894
The Invisible Guest,2023.0,"Crime,Drama,Thriller",5.9,315,movie,tt27736273
Circle,2023.0,Mystery,7.2,1548,movie,tt27746058
Weeds,2001.0,"Drama,Thriller",2.5,9,movie,tt27753093
We Are Family,2024.0,Game-Show,5.4,252,tvSeries,tt27760025
Pee Mak,2013.0,"Comedy,Fantasy,Horror",7.2,7440,movie,tt2776344
The Family,2023.0,Documentary,7.4,18,tvMovie,tt27766616
Wild Arabia,2013.0,Documentary,8.0,546,tvMiniSeries,tt2777876
Maria,2023.0,Drama,7.0,14,tvMovie,tt27781025
Money for Nothing,2013.0,Documentary,6.1,67,movie,tt2778454
Right Here Right Now,2024.0,Documentary,9.2,15,movie,tt27787044
The Promise,2023.0,"Drama,Romance",6.9,104,tvSeries,tt27789275
The Innocents,2025.0,Drama,6.3,27,movie,tt27798033
The Promise,2024.0,Documentary,8.7,271,movie,tt27799852
Catch Me If You Can,2006.0,Comedy,3.0,24,movie,tt27804558
Be with Me,2023.0,Drama,5.6,78,movie,tt27811012
Reply 1997,2012.0,"Comedy,Drama,Romance",7.8,2849,tvSeries,tt2782216
Ali's Wedding,2017.0,"Comedy,Drama,Romance",6.9,5798,movie,tt2782692
Milk,2023.0,Drama,5.8,276,movie,tt27827704
The Little Mermaid,2023.0,"Animation,Comedy,Drama",3.1,250,movie,tt27834173
Backfire,2023.0,Action,3.8,64,movie,tt27834255
Pardes,2021.0,Drama,8.0,5,tvSeries,tt27835080
Michael,2015.0,"Action,Crime",4.8,74,tvSeries,tt27847281
Backtrack,2015.0,"Drama,Fantasy,Horror",6.0,14930,movie,tt2784936
Revenge,2023.0,Action,6.7,1362,movie,tt27850479
Pandora,2013.0,Crime,5.4,10,tvSeries,tt2785486
The Circle,2013.0,"Adventure,Documentary,History",7.8,13,movie,tt2786328
The Bridge,2013.0,"Drama,Romance",8.7,15,movie,tt2787224
Ninja Hattori,1981.0,"Action,Animation,Comedy",7.4,2043,tvSeries,tt2787558
The Interview,2014.0,"Action,Adventure,Comedy",6.5,379354,movie,tt2788710
Good Girls,2022.0,Drama,7.9,17,tvSeries,tt27897191
Godless,2024.0,Drama,7.3,73,movie,tt27918995
The Masked Singer,2020.0,"Game-Show,Music",6.3,18,tvSeries,tt27927579
Numberblocks,2020.0,Comedy,7.7,12,tvSeries,tt27935748
The Truth,2026.0,"Crime,Mystery,Thriller",8.2,97,tvSeries,tt27936835
Liv and Maddie,2013.0,"Comedy,Drama,Family",6.4,12141,tvSeries,tt2794380
Bombay Talkies,2013.0,"Crime,Drama",6.6,6063,movie,tt2797242
Chhota Bheem and the Curse of Damyaan,2012.0,"Action,Adventure,Animation",6.8,659,movie,tt2798620
Season of the Witch,2011.0,Crime,6.5,45,tvMiniSeries,tt2798948
One More Time,2024.0,Comedy,6.4,334,tvSeries,tt27990867
Redemption,2022.0,Drama,8.9,27,tvSeries,tt28014038
Himmatwala,2012.0,"Adventure,Musical",5.4,8,movie,tt2802286
Cursed,2023.0,"Action,Drama,Horror",4.2,88,movie,tt28037410
Hop,2024.0,"Adventure,Animation,Comedy",7.5,37,tvSeries,tt28054315
Grand Hotel,2014.0,"Crime,Drama",6.9,8,tvMiniSeries,tt2805632
Jatts in Golmaal,2013.0,Comedy,6.4,452,movie,tt2805974
"That Winter, the Wind Blows",2013.0,Drama,7.5,2785,tvMiniSeries,tt2806646
Fukrey,2013.0,"Comedy,Drama,Romance",6.9,14410,movie,tt2806788
Revenge,2013.0,"Drama,Thriller,Western",8.2,49,movie,tt2806870
Love Is in the Air,2023.0,"Comedy,Drama,Romance",5.7,5219,movie,tt28073548
Freedom at Midnight,2024.0,"Drama,History",8.4,3342,tvSeries,tt28102595
Simon,2025.0,"Comedy,Drama,Romance",6.4,26,tvSeries,tt28106808
Good Luck,2023.0,Drama,4.8,12,tvSeries,tt28108037
Full Count,2023.0,"Documentary,Sport",7.0,9,tvMiniSeries,tt28116024
In Between,2024.0,Drama,7.2,55,tvSeries,tt28143667
The Wedding Party,2025.0,"Comedy,Drama",5.3,108,movie,tt28145120
It Takes a Man and a Woman,2013.0,"Comedy,Drama,Romance",6.9,491,movie,tt2816740
Girlfriends' Guide to Divorce,2014.0,"Comedy,Drama",7.0,5173,tvSeries,tt2817246
Made in China,2006.0,Documentary,6.5,11,movie,tt2817532
The Outsider,2023.0,Drama,7.8,30,tvSeries,tt28178818
Losers,2015.0,Comedy,6.7,20,movie,tt2819320
Detour,2012.0,Comedy,2.9,32,tvSeries,tt28208613
Much Ado About Nothing,2013.0,Comedy,4.9,31,tvMovie,tt2822024
Never Have I Ever,2024.0,Drama,7.3,136,tvSeries,tt28220415
Extraction,2013.0,"Action,Thriller",4.6,1650,movie,tt2823574
One Night Stand,2023.0,"Drama,Thriller",7.2,79,tvSeries,tt28259092
Dark Desire,2013.0,"Drama,Thriller",6.0,479,tvMovie,tt2826116
Fandry,2013.0,"Drama,Family",8.3,3014,movie,tt2827320
Jaal,2022.0,Drama,4.0,13,tvSeries,tt28281742
Zindagi Gulzar Hai,2012.0,Romance,8.8,5005,tvSeries,tt2828240
Intersection,2015.0,"Crime,Drama,Mystery",7.2,109,movie,tt2828310
The Jungle School,2023.0,"Comedy,Drama,Fantasy",3.4,14,tvSeries,tt28283122
Laws of Attraction,2023.0,"Drama,Romance",7.5,632,tvMiniSeries,tt28291170
Stranger,2023.0,Romance,6.5,13,tvSeries,tt28295981
Rapture,2023.0,Drama,6.7,215,movie,tt28297544
Girls Hostel,2023.0,Romance,4.3,11,tvSeries,tt28318369
Unknown,2023.0,"Drama,Mystery,Romance",7.2,34,tvSeries,tt28335357
Fractured,2024.0,Thriller,6.0,137,movie,tt28348119
Spark,2024.0,"Drama,Sci-Fi,Thriller",5.5,108,movie,tt28348336
Brothers' Day,2015.0,"Crime,Drama",3.8,180,movie,tt2835658
Horror Story,2023.0,Drama,5.9,195,movie,tt28366673
Last Night,2023.0,Horror,6.8,8,tvMiniSeries,tt28386404
Holidays,2010.0,"Documentary,History",7.0,10,movie,tt2844004
Rukh,2018.0,Documentary,8.1,332,tvSeries,tt28443431
Hyena,2025.0,"Action,Crime",6.7,311,movie,tt28448904
Homeland,2013.0,"Comedy,Drama",6.2,748,movie,tt2844994
Anthony Bourdain: Parts Unknown,2013.0,"Adventure,Documentary",8.9,8081,tvSeries,tt2845786
The Witch,2023.0,"Drama,Fantasy,History",7.7,573,tvSeries,tt28476980
Nila,2023.0,"Drama,Family",6.5,354,movie,tt28480150
Apaches,2013.0,Drama,5.9,377,movie,tt2848070
The Interview,2020.0,Romance,5.8,10,tvSeries,tt28486038
Bobby,2023.0,Documentary,7.3,9,movie,tt28489905
Aurora,2025.0,Drama,6.3,359,movie,tt28490726
The Other,2025.0,"Horror,Thriller",4.8,1555,movie,tt28498159
Welcome,2011.0,,1.0,13,tvSeries,tt28498505
The Gathering,2024.0,"Crime,Drama",7.2,3032,tvSeries,tt28501949
Hattrick,2019.0,"Sport,Talk-Show",1.3,18,tvSeries,tt28508199
Extinction,2023.0,"Adventure,Animation,Comedy",5.0,127,movie,tt28513569
Maria,2023.0,Documentary,5.0,6,movie,tt28514957
What If?,2019.0,Drama,4.2,8,tvSeries,tt28523330
Adrift,2025.0,"Drama,Thriller",6.8,26,movie,tt28523628
Medium,2023.0,Drama,6.0,191,movie,tt28529461
Hot Bot,2016.0,"Comedy,Sci-Fi",3.4,3933,movie,tt2854394
The Ritual,2024.0,"Drama,Horror,Thriller",3.9,63,movie,tt28545673
After Life,2023.0,"Comedy,Drama",5.7,8,movie,tt28564393
Gagarin: First in Space,2013.0,"Adventure,Biography,Drama",6.5,3895,movie,tt2856930
Psycho,2023.0,Mystery,8.1,16,movie,tt28569707
Expelled from Paradise,2014.0,"Action,Adventure,Animation",6.7,2001,movie,tt2859246
Aurora,2023.0,Drama,5.4,13,movie,tt28606421
A Family Affair,2024.0,Comedy,4.2,139,movie,tt28609799
Money Talks,2023.0,Action,3.6,33,movie,tt28620337
Jaal,2005.0,"Action,Drama",7.3,11,movie,tt28622812
What If,2023.0,"Drama,Romance",3.9,188,movie,tt28634523
The Outpost,2023.0,Documentary,7.1,31,movie,tt28635891
The Island,2023.0,"Documentary,Drama",5.1,29,movie,tt28637504
Borderline,2026.0,"Action,Thriller",3.5,327,movie,tt28638842
Wake Up,2023.0,"Action,Horror",5.4,2326,movie,tt28662887
Blood Money,2020.0,Romance,7.7,22,tvSeries,tt28671502
Can We Get Married?,2023.0,Drama,6.1,9,movie,tt28680165
"As Above, So Below",2014.0,"Adventure,Horror,Mystery",6.3,133426,movie,tt2870612
Amy,2015.0,"Biography,Documentary,Music",7.8,58164,movie,tt2870648
Wish I Was Here,2014.0,"Comedy,Drama",6.6,39875,movie,tt2870708
Once Upon a Time,2013.0,Adventure,7.4,11,movie,tt2871178
Nightcrawler,2014.0,"Crime,Drama,Thriller",7.8,679275,movie,tt2872718
When Calls the Heart,2014.0,"Drama,History,Romance",7.9,16806,tvSeries,tt2874692
Dark,2026.0,Horror,6.2,1279,movie,tt28750477
Payday,2014.0,"Comedy,Drama",6.7,40,movie,tt2875848
Love,2023.0,,7.6,19,movie,tt28759515
Stranger,2021.0,Drama,7.3,34,tvSeries,tt28761138
The Pass,2023.0,"Drama,Thriller",5.0,763,movie,tt28769032
Skin,2019.0,Drama,5.7,11,tvSeries,tt28777161
Premachi Goshta,2013.0,Romance,7.4,442,movie,tt2878406
The Body,2024.0,Thriller,6.4,1216,movie,tt28784834
Powder,2024.0,,6.1,92,movie,tt28792979
Premachi Goshta,2023.0,Drama,6.2,16,tvSeries,tt28802629
Bad Blood,2023.0,Action,5.4,214,movie,tt28805927
Mars,2004.0,"Action,Drama,Romance",7.5,218,tvSeries,tt2881292
Ugly,2013.0,"Crime,Drama,Mystery",7.9,25595,movie,tt2882328
Chef,2014.0,"Adventure,Comedy,Drama",7.3,253547,movie,tt2883512
Against the Tide,2013.0,"Documentary,History,Sport",7.7,60,movie,tt2883794
Rezeta,2012.0,"Comedy,Drama,Romance",5.7,536,movie,tt2884144
P.S. I Love You,2011.0,"Drama,Romance",7.3,19,tvSeries,tt2885766
Ip Man 3,2015.0,"Action,Biography,Crime",7.0,65365,movie,tt2888046
Just Friends,2023.0,Drama,7.9,41,tvMiniSeries,tt28923816
Manglehorn,2014.0,Drama,5.5,8466,movie,tt2893490
Convict,2014.0,"Action,Crime,Drama",5.5,1963,movie,tt2893780
Euphoria,2012.0,Drama,5.6,388,tvSeries,tt2896496
Berlin Calling,2015.0,"Biography,Documentary,Drama",7.1,70,movie,tt2896768
All Hallows' Eve,2013.0,"Horror,Thriller",5.2,19598,movie,tt2900624
Amar Akbar & Tony,2015.0,"Comedy,Drama,Romance",5.3,320,movie,tt2901006
Be with You,2023.0,"Comedy,Drama",7.5,26,tvSeries,tt29025660
Madre,2013.0,Drama,7.5,91,movie,tt2902612
Brother,2016.0,"Comedy,Drama,Thriller",6.0,623,movie,tt2903186
The Heirs,2015.0,Drama,5.8,275,movie,tt2903370
Truth or Dare,2025.0,Documentary,7.6,17,movie,tt29044996
Wakfu: The Quest for the Six Eliatrope Dofus,2014.0,"Action,Adventure,Animation",8.3,218,tvMiniSeries,tt29054911
The One I Love,2023.0,Documentary,7.8,5,movie,tt29057104
Black Panther,2014.0,"Drama,Romance",5.4,410,movie,tt2905856
Santa Banta Pvt Ltd,2016.0,"Comedy,Crime,Drama",2.7,352,movie,tt2909396
Silver Spoon,2013.0,"Animation,Comedy,Drama",7.9,1649,tvSeries,tt2909912
Obvious Child,2014.0,"Comedy,Drama,Romance",6.7,27273,movie,tt2910274
The Signal,2014.0,"Drama,Mystery,Sci-Fi",6.0,73408,movie,tt2910814
Listen,2012.0,"Drama,Romance,Sci-Fi",4.9,120,movie,tt2910992
Chhota Bheem and the Curse of Damyaan,2024.0,"Action,Adventure,Comedy",4.6,2331,movie,tt29114624
Entanglement,2012.0,Drama,9.0,11,tvMovie,tt2912118
Ankur Arora Murder Case,2013.0,"Drama,Thriller",6.5,2403,movie,tt2912578
Yankee,2023.0,Crime,7.6,16,tvSeries,tt29135050
Moon,2024.0,"Crime,Drama,Sport",6.5,1208,movie,tt29141179
First Love,2024.0,Drama,8.0,14,movie,tt29144185
Voyeur,2024.0,Drama,5.8,18,movie,tt29172061
Kidnapping Mr. Heineken,2015.0,"Action,Crime,Drama",6.1,22521,movie,tt2917388
The Hollow Point,2016.0,"Adventure,Crime,Drama",5.4,6675,movie,tt2918606
We Can Be Heroes,2023.0,"Comedy,Drama",6.0,402,movie,tt29198884
After Life,2013.0,"Comedy,Drama",5.3,46,movie,tt2920656
American Heist,2014.0,"Action,Crime,Drama",5.0,18202,movie,tt2923316
Guest House,1991.0,Comedy,7.9,10,tvSeries,tt29256999
Like Water for Chocolate,2024.0,"Drama,Romance",7.4,2825,tvSeries,tt29258436
Monster Island,2024.0,Horror,5.2,2450,movie,tt29262075
Undercover,2024.0,"Biography,Crime,Drama",7.1,6487,movie,tt29270150
Welcome,2025.0,"Drama,Thriller",6.6,321,movie,tt29275554
Superstar,2013.0,Drama,3.2,10,movie,tt2927802
Target,2013.0,Action,5.7,9,movie,tt2928118
Mirage,1982.0,Drama,7.1,54,movie,tt2929940
Rita,2024.0,"Drama,Fantasy,Horror",5.8,357,movie,tt29306667
Teasing Master Takagi-san,2024.0,"Comedy,Drama,Romance",7.9,602,tvSeries,tt29307607
Some Assembly Required,2011.0,"Comedy,Short",8.3,23,tvSeries,tt2931868
5 Flights Up,2014.0,"Comedy,Drama",6.2,12009,movie,tt2933544
Jinxed,2013.0,"Comedy,Family",6.3,2044,tvMovie,tt2934844
The Chase,2013.0,"Action,Drama,Music",7.6,34,movie,tt2935046
Money,2017.0,Thriller,6.5,516,movie,tt2935516
Mystery Science Theater 3000,2007.0,"Animation,Comedy,Drama",4.0,99,tvSeries,tt2935638
Once Again,2024.0,Drama,6.5,7,tvSeries,tt29362887
Battle Drone,2018.0,"Action,Sci-Fi",4.9,3585,movie,tt2936390
1000 Rupee Note,2014.0,Drama,7.3,523,movie,tt2937158
Little Evil,2017.0,"Comedy,Fantasy,Horror",5.7,25228,movie,tt2937366
A Most Violent Year,2014.0,"Crime,Drama,Thriller",6.9,82222,movie,tt2937898
Anaamika,2014.0,Thriller,5.4,374,movie,tt2939898
Into the Wild,2022.0,Family,6.9,7,tvSeries,tt29413286
Aquarius,2024.0,"Documentary,History",6.6,31,movie,tt29419751
The Last Resort,2023.0,Drama,3.8,116,movie,tt29432212
Welcome to New York,2006.0,Documentary,8.2,13,movie,tt2943302
Soldier,2023.0,"Documentary,Reality-TV",7.7,38,tvMiniSeries,tt29433837
The Circle,2017.0,"Drama,Horror,Thriller",4.8,561,movie,tt2943946
Backcountry,2014.0,"Adventure,Drama,Horror",6.0,27487,movie,tt2944198
DNA,2025.0,,7.1,2887,movie,tt29471661
Fractured,2024.0,Thriller,7.4,17,movie,tt29483393
Lion's Heart,2013.0,"Comedy,Drama,Romance",6.6,3286,movie,tt2948472
Life,2015.0,"Biography,Drama",6.1,9483,movie,tt2948840
Greater,2016.0,"Biography,Family,Sport",7.3,10210,movie,tt2950418
One by Two,2014.0,"Comedy,Drama,Romance",3.9,795,movie,tt2951576
Deep Water,2026.0,"Action,Drama,Horror",5.4,11109,movie,tt29516222
Sleepless Society: Bedtime Wishes,2019.0,,7.0,7,tvSeries,tt29517493
Velvet,2013.0,"Drama,Romance",8.0,7696,tvSeries,tt2955402
Scream,2023.0,"Family,History",5.8,7,movie,tt29578947
Rolling Papers,2024.0,Drama,6.7,352,movie,tt29579308
The Bridge,2023.0,"Game-Show,Reality-TV",7.7,15,tvSeries,tt29602590
Dismissed,2024.0,"Drama,Mystery,Thriller",5.8,167,movie,tt29606524
Turbo,2024.0,"Action,Comedy",5.9,4656,movie,tt29608104
The Promise,2024.0,Thriller,4.9,117,movie,tt29609225
Holidays,2023.0,"Comedy,Drama,Family",6.6,106,tvSeries,tt29610775
Girlfriend's Day,2017.0,"Comedy,Drama",5.2,5632,movie,tt2962984
Triumph of the Heart,2025.0,"Biography,Drama,War",7.3,358,movie,tt29630418
Wanted,2023.0,Thriller,5.2,6,movie,tt29634246
Tattah,2013.0,"Action,Comedy,Drama",4.6,896,movie,tt2965820
Day and Night,2010.0,"Drama,Romance",3.8,157,movie,tt2967000
Killing Hasselhoff,2017.0,Comedy,4.5,3022,movie,tt2967226
Pose,2025.0,Thriller,3.0,2282,movie,tt29713815
Man to Man,1992.0,Drama,5.9,47,movie,tt2974156
Upin & Ipin,2007.0,"Animation,Comedy,Family",6.4,628,tvSeries,tt2976010
The Match,2024.0,Thriller,6.1,107,movie,tt29767737
Homemade,2013.0,Documentary,8.7,12,tvMovie,tt2977720
Term Life,2016.0,"Action,Adventure,Crime",5.6,9029,movie,tt2978102
Dolphin Tale 2,2014.0,"Drama,Family",6.4,10373,movie,tt2978462
Jackpot,2006.0,"Drama,Romance",5.8,24,movie,tt2979418
The Theory of Everything,2014.0,"Biography,Drama,Romance",7.7,510242,movie,tt2980516
The Guest,2014.0,"Action,Mystery,Thriller",6.7,115314,movie,tt2980592
The Hundred-Foot Journey,2014.0,"Comedy,Drama",7.3,91872,movie,tt2980648
Highway,2014.0,"Crime,Drama,Romance",7.6,33095,movie,tt2980794
Opening Night,2014.0,Horror,6.9,24,movie,tt2982262
Dare Me,2019.0,"Crime,Mystery,Thriller",6.7,7160,tvSeries,tt2983222
Death House,2017.0,"Action,Crime,Horror",3.0,1871,movie,tt2984576
Naughty Jatts,2013.0,Comedy,6.3,255,movie,tt2984648
Arrow,2009.0,"Comedy,Short",7.8,89,tvSeries,tt2986040
Good Luck,2014.0,"Drama,Romance",6.7,834,movie,tt2986122
Maddman: The Steve Madden Story,2017.0,"Biography,Documentary",6.6,370,movie,tt2987718
The Smurfs,1961.0,"Animation,Comedy,Family",7.4,20,tvMiniSeries,tt29883471
Dare to Be Wild,2015.0,"Biography,Drama,Romance",6.4,1888,movie,tt2989350
Carrie Pilby,2016.0,"Comedy,Drama",6.7,14357,movie,tt2989524
Manhattan Romance,2013.0,"Comedy,Romance",7.8,7,movie,tt2989862
The Trial,2023.0,Thriller,6.1,1652,movie,tt29900584
The Christmas Chronicles,2018.0,"Adventure,Comedy,Family",7.0,94744,movie,tt2990140
The Bucket List,2023.0,Drama,8.0,19,tvSeries,tt29922155
Sunrise,2024.0,Drama,6.4,55,movie,tt29924310
The Ugly Truth,2023.0,Thriller,6.4,10,movie,tt29929054
Blood Pact,2023.0,Thriller,7.1,81,tvSeries,tt29940776
Camp X-Ray,2014.0,"Drama,War",6.8,44554,movie,tt2994190
Homeland,2014.0,Drama,6.6,118,movie,tt2994962
Estar o no estar,2015.0,"Drama,Romance",5.4,206,movie,tt2996710
Pagpag: Nine Lives,2013.0,"Horror,Thriller",5.3,487,movie,tt2996950
Blockbuster,2013.0,"Comedy,Drama",3.6,682,movie,tt2998526
Psycho,2013.0,Thriller,4.9,50,movie,tt3000390
The Show,2011.0,"Comedy,Talk-Show",8.9,1033,tvSeries,tt3001096
Mary Kom,2014.0,"Action,Biography,Drama",6.8,12213,movie,tt3001638
Love Your Garden,2011.0,Reality-TV,8.0,247,tvSeries,tt3002170
Joker,2013.0,"Action,Thriller",4.9,37,movie,tt3002286
Rab Se Sohna Isshq,2012.0,Drama,7.3,45,tvSeries,tt3002496
Payday,2013.0,Action,6.9,174,tvSeries,tt3002598
Traitors,2013.0,Drama,6.4,418,movie,tt3003758
Welcome to the Family,2025.0,"Comedy,Crime,Drama",5.7,359,tvSeries,tt30057076
Persona,2024.0,"Horror,Thriller",4.5,109,movie,tt30060565
Robocar Poli,2023.0,Animation,7.3,19,movie,tt30060596
Thank You,2013.0,Crime,5.2,93,movie,tt3006076
Undercover,2025.0,"Action,Drama",8.0,8,tvMovie,tt30060950
Outlander,2014.0,"Adventure,Drama,Fantasy",8.3,204078,tvSeries,tt3006802
Instructions Not Included,2011.0,"Comedy,Romance",7.8,26,movie,tt3007030
The Guest,2023.0,"Crime,Drama,Mystery",8.3,6,tvSeries,tt30074535
The Water Diviner,2014.0,"Drama,History,War",7.0,81317,movie,tt3007512
Locke & Key,2020.0,"Drama,Fantasy,Horror",7.3,109141,tvSeries,tt3007572
Amy,2013.0,Horror,2.2,323,movie,tt3007924
Four Sisters and a Wedding,2013.0,"Comedy,Drama",7.3,1273,movie,tt3008034
Summer Night,2024.0,"Comedy,Drama,Romance",7.8,73,tvSeries,tt30098460
Turbo FAST,2013.0,"Action,Adventure,Animation",6.5,970,tvSeries,tt3010520
Maria,2023.0,"Drama,Romance,Thriller",4.8,71,movie,tt30108337
Mud,2023.0,Documentary,7.8,9,movie,tt30113513
Hangman,2017.0,"Crime,Drama,Horror",5.2,21560,movie,tt3011960
Miracle,2013.0,Drama,5.8,139,movie,tt3012818
The Suit,2024.0,,8.7,539,movie,tt30139449
Fifty Year Old Teenager,1996.0,Comedy,7.6,34,tvMovie,tt30144854
Jacob's Ladder,2019.0,"Horror,Thriller",3.6,3912,movie,tt3016748
West Coast Customs,2013.0,Reality-TV,5.9,646,tvSeries,tt3017438
Chhota Bheem Ka Troll Se Takkar,2018.0,Animation,7.7,33,movie,tt30211660
Chhota Bheem Aur Kaala Yodha,2018.0,"Action,Adventure,Animation",7.2,41,movie,tt30211681
Chhota Bheem Ka Romani Adventure,2018.0,Animation,7.0,37,movie,tt30211932
Bheemayan,2018.0,Animation,7.5,44,movie,tt30215853
Time Please,2013.0,Romance,7.0,414,movie,tt3021806
Aitraaz,2023.0,Drama,7.3,27,tvSeries,tt30228772
Alone in Berlin,2016.0,"Drama,History,War",6.5,10689,movie,tt3026488
Solo,2013.0,"Drama,Romance,Thriller",6.3,1808,movie,tt3026824
Annabelle Hooper and the Ghosts of Nantucket,2016.0,"Adventure,Comedy,Family",5.7,953,movie,tt3032060
Penelope,2024.0,Drama,6.4,995,tvSeries,tt30321175
Better Call Saul,2015.0,"Crime,Drama",9.0,858773,tvSeries,tt3032476
Zion,2025.0,"Crime,Drama",6.5,406,movie,tt30330486
Extinction,2014.0,"Action,Adventure,Horror",3.2,1373,movie,tt3033080
Iron Sky: The Coming Race,2019.0,"Action,Adventure,Comedy",5.0,12909,movie,tt3038708
Match,2014.0,"Action,Drama,Mystery",7.6,30,tvSeries,tt3038732
Paap-O-Meter,2017.0,Animation,4.9,18,tvMiniSeries,tt30394763
Kicko & Super Speedo,2018.0,Animation,6.4,19,tvSeries,tt30394913
Mother Goose Club,2009.0,Family,7.0,204,tvSeries,tt3040470
The Jungle Book,2016.0,"Action,Adventure,Animation",7.3,307663,movie,tt3040964
Start-Up,2024.0,"Comedy,Drama,Romance",7.5,24,tvSeries,tt30423557
Belmonte,2013.0,"Comedy,Drama,Romance",6.4,120,tvSeries,tt3042526
The Hateful Eight: Extended Version,2019.0,"Drama,Mystery,Thriller",8.4,9296,tvMiniSeries,tt30425533
Brothers,2014.0,Action,6.7,15,movie,tt3042592
It's Okay to Not Be Okay,2025.0,"Comedy,Drama,Mystery",6.6,122,tvSeries,tt30429330
SDU: Sex Duties Unit,2013.0,"Action,Comedy",5.8,602,movie,tt3044248
SHOT! The Psycho-Spiritual Mantra of Rock,2016.0,"Biography,Documentary,Music",6.8,814,movie,tt3044562
Euphoria,2022.0,Drama,6.4,41,movie,tt30448039
Nasha,2013.0,"Drama,Romance",3.2,1486,movie,tt3044882
Daddy Issues,2024.0,Comedy,6.8,2296,tvSeries,tt30450743
The Show,2019.0,"Comedy,Drama",6.1,20,movie,tt3045622
Miracle,2011.0,Drama,6.5,15,movie,tt3045930
See You Yesterday,2024.0,"Comedy,Drama,Romance",6.0,381,movie,tt30475201
Turbo,2024.0,Thriller,5.1,48,movie,tt30475368
Jaal,2023.0,Thriller,7.4,5,tvSeries,tt30493556
Friendship,2024.0,Comedy,6.6,41837,movie,tt30505698
Fanatic,2024.0,Thriller,4.7,31,movie,tt30523087
Married at First Sight,2023.0,Drama,7.3,424,tvMiniSeries,tt30523849
The Masked Singer : Azerbaijan,2023.0,"Comedy,Family,Music",6.3,7,tvMiniSeries,tt30527598
Day of the Dead: Bloodline,2017.0,"Action,Drama,Horror",3.5,12957,movie,tt3053228
Barrio Universitario,2013.0,"Comedy,Romance",3.6,391,movie,tt3056386
Jeopardy!,2024.0,Game-Show,6.8,90,tvSeries,tt30588907
The Call,2016.0,Drama,7.6,9,tvMovie,tt3059784
Tik Tok,2023.0,Horror,6.5,73,movie,tt30608955
The Rain,2016.0,Drama,6.7,11,movie,tt3061218
Forget Me Not,2006.0,Drama,5.8,10,movie,tt3062390
Man Down,2013.0,Comedy,7.6,5937,tvSeries,tt3063454
Man Up,2015.0,"Comedy,Drama,Romance",6.8,59783,movie,tt3064298
Never Have I Ever,2024.0,Thriller,5.2,56,movie,tt30647658
He Named Me Malala,2015.0,"Biography,Documentary",7.0,4921,movie,tt3065132
Dabbe: The Possession,2013.0,"Horror,Thriller",6.8,8943,movie,tt3069758
Shtisel,2013.0,Drama,8.6,8802,tvSeries,tt3069894
Soekarno,2013.0,"Biography,Drama,History",6.9,627,movie,tt3069954
Unstoppable,2013.0,Documentary,3.3,772,movie,tt3070502
Shrek the Musical,2013.0,"Comedy,Family,Fantasy",6.9,4899,movie,tt3070936
Hardcore Henry,2015.0,"Action,Adventure,Sci-Fi",6.7,109697,movie,tt3072482
Lawless,2013.0,Drama,7.5,73,tvMovie,tt3073720
Welcome to Willits,2016.0,"Horror,Sci-Fi",4.1,1712,movie,tt3074952
Just You,2013.0,Romance,7.4,410,tvSeries,tt3076512
Suffragette,2015.0,"Drama,History",6.9,46707,movie,tt3077214
Once Upon a Time,1991.0,"Action,Drama,History",8.3,1573,tvSeries,tt3077282
Interrogation,2014.0,"Crime,Drama,Mystery",7.8,16,movie,tt3077310
The Chase,2013.0,Game-Show,7.4,959,tvSeries,tt3077336
Romina,2024.0,Biography,7.4,14,movie,tt30790939
Dérè: An African Tale,2017.0,Drama,6.1,11,tvMiniSeries,tt30796662
Rocky,2013.0,"Action,Comedy,Drama",4.7,168,movie,tt3080284
Love,2024.0,"Comedy,Drama,Romance",7.1,2176,movie,tt30810792
Villain,2024.0,"Action,Thriller",7.9,8,movie,tt30828548
Kickboxer: Vengeance,2016.0,"Action,Crime,Drama",4.9,12983,movie,tt3082898
Pulang,2024.0,Drama,7.0,83,tvMovie,tt30833614
The Mistress,2024.0,Drama,7.1,57,movie,tt30834708
We Can Be Heroes,2024.0,Documentary,8.8,36,movie,tt30835407
Click,2024.0,"Comedy,Drama",8.2,1094,movie,tt30836377
Superstar,2025.0,"Biography,Comedy,Drama",6.7,923,tvMiniSeries,tt30839571
My Sassy Girl,2024.0,"Comedy,Romance",5.0,160,movie,tt30840535
Daddy Issues,2025.0,Drama,6.7,27,movie,tt30850599
All of You,2024.0,Drama,6.3,10331,movie,tt30852384
Mirai,2025.0,"Action,Adventure,Fantasy",6.8,10794,movie,tt30858568
Rosemary's Baby,2014.0,"Drama,Horror,Mystery",5.5,6397,tvMiniSeries,tt3087752
Phantom,2013.0,Drama,7.5,1202,movie,tt3088580
The Saint,2023.0,Crime,8.0,24,tvSeries,tt30893692
Breath,2013.0,"Documentary,News",6.9,16,movie,tt3090060
The Rebound,2012.0,"Comedy,Romance",6.9,13,movie,tt3090082
Advantageous,2015.0,"Drama,Family,Sci-Fi",6.0,6208,movie,tt3090670
Happyish,2015.0,"Comedy,Drama",7.2,3408,tvSeries,tt3095080
Until Dawn,2025.0,"Drama,Horror,Mystery",5.7,71253,movie,tt30955489
The Judgement,2024.0,Thriller,4.5,135,movie,tt30958633
Remember Me,2024.0,Drama,6.1,85,movie,tt30959032
Kill Me If You Dare,2024.0,"Comedy,Romance",4.6,1489,movie,tt30959158
Opening Night,2016.0,"Comedy,Drama,Romance",5.7,132,movie,tt3096948
Summertime,2014.0,"Comedy,Drama",5.5,1043,movie,tt3097490
Minute to Win It,2013.0,Game-Show,5.6,31,tvSeries,tt3099134
Tusk,2014.0,"Comedy,Horror",5.4,74738,movie,tt3099498
Behind Enemy Lines,2024.0,Action,3.6,49,movie,tt31023788
Domino,2019.0,Drama,3.5,7,tvMiniSeries,tt31036774
The Right One,2014.0,"Drama,Romance",7.1,29,movie,tt3103802
Unknown,2024.0,"Drama,Romance",8.5,1754,tvMiniSeries,tt31039897
Redemption,2013.0,"Drama,Thriller",5.4,61,movie,tt3104228
Mercy,2026.0,"Action,Crime,Drama",6.2,80194,movie,tt31050594
Golden Time,2013.0,"Animation,Comedy,Drama",7.6,6830,tvSeries,tt3105452
Breaking the Bank,2014.0,Comedy,4.9,1070,movie,tt3105662
Rabbids Invasion,2013.0,"Animation,Comedy,Family",5.5,2770,tvSeries,tt3105674
The Flash,2014.0,"Action,Adventure,Drama",7.5,388179,tvSeries,tt3107288
The Hunt,2016.0,"Action,Drama,Thriller",3.7,73,movie,tt3108154
Hole in the Wall,2015.0,"Comedy,Drama,Family",8.2,36,movie,tt3108404
First Love,2013.0,Romance,6.9,27,movie,tt3109648
The Box,2024.0,Sci-Fi,4.9,17,movie,tt3109858
Silver Spoon,2014.0,"Comedy,Drama,Romance",6.6,409,movie,tt3110014
The Captive,2025.0,"Adventure,Biography,Drama",6.1,2791,movie,tt31101921
Out of Thin Air,2010.0,Documentary,5.6,7,movie,tt31106004
Lost Girls,2020.0,"Crime,Drama,Mystery",6.2,27540,movie,tt3111426
Equals,2014.0,Drama,6.6,63,movie,tt3111618
Game Over,2015.0,"Biography,Documentary,Family",6.3,46,movie,tt3113384
The Apostate: Call of the Revenant,2015.0,"Horror,Thriller",6.5,469,movie,tt3113466
Heaven's Garden,2011.0,Drama,8.2,122,tvSeries,tt3113612
Sisters,2024.0,"Drama,Fantasy,Romance",5.8,7,tvMiniSeries,tt31152420
Hyena,2023.0,"Comedy,Mystery,Romance",5.2,7,tvMiniSeries,tt31160030
Hard Tide,2015.0,"Drama,Thriller",4.9,246,movie,tt3116054
The Old Guard,2019.0,"Crime,Drama",6.2,31,tvSeries,tt31173613
The Ranch,2012.0,"Animation,Family",6.8,154,tvSeries,tt3117648
Together,2025.0,"Horror,Romance",6.7,88046,movie,tt31184028
Circle,2015.0,"Drama,Horror,Mystery",6.0,73179,movie,tt3118452
Lizzie Borden Took an Ax,2014.0,"Biography,Crime,Drama",5.8,5905,tvMovie,tt3118958
The First Lady,2025.0,Documentary,7.9,19,movie,tt31193171
Don't Go Breaking My Heart 2,2014.0,Romance,5.5,853,movie,tt3121474
Backtrack,2014.0,"Horror,Thriller",2.7,1811,movie,tt3121860
Borderline,2024.0,"Drama,Thriller",6.7,1151,tvSeries,tt31249476
Game Over,2024.0,Crime,5.3,24,movie,tt31260003
Iris,2024.0,Comedy,7.4,183,tvSeries,tt31262444
Scandal,2013.0,"Comedy,Drama",3.6,1448,movie,tt3127636
High Society,2014.0,Drama,5.9,325,movie,tt3129916
For Love or Money,2014.0,Comedy,6.8,40,movie,tt3130598
Delirium,2018.0,"Horror,Thriller",3.4,1179,movie,tt3131050
KL Zombi,2013.0,"Action,Comedy,Horror",4.6,367,movie,tt3132450
Shelter,2014.0,Drama,6.5,5832,movie,tt3136112
David Brent: Life on the Road,2016.0,"Comedy,Music",6.3,23224,movie,tt3137630
The Miracle,2015.0,"Comedy,Drama,History",7.6,15864,movie,tt3138782
Paradox,2014.0,"Action,Adventure,Horror",6.0,242,tvSeries,tt3140434
Dracula,2025.0,"Fantasy,Horror,Romance",6.2,42692,movie,tt31434030
The Family,1990.0,Comedy,8.1,23,tvMiniSeries,tt31435510
Oh No! It's an Alien Invasion,2013.0,"Action,Adventure,Animation",2.7,212,tvSeries,tt3144632
Revenge,2024.0,Drama,6.5,14,tvMiniSeries,tt31450335
Justice,2023.0,Drama,7.6,15,tvMovie,tt31456400
Black Snow,2024.0,"Crime,Documentary",7.7,66,movie,tt31462874
Medium,2021.0,"Crime,Drama,Mystery",4.9,21,tvSeries,tt31464945
Mercy,2026.0,Drama,8.9,534,movie,tt31471297
Indiscretion,2016.0,Thriller,4.8,1201,movie,tt3147336
Cain and Abel,2009.0,"Action,Drama,Romance",7.4,321,tvSeries,tt3147968
Tamasha,2015.0,"Comedy,Drama,Romance",7.4,36934,movie,tt3148502
The Circle,2014.0,"Biography,Drama,Romance",7.3,1782,movie,tt3148952
The Vanished,2016.0,"Drama,Sci-Fi,Thriller",5.4,19,movie,tt3149206
A Fairly Odd Summer,2014.0,"Comedy,Family,Fantasy",3.7,831,tvMovie,tt3149536
One of Us,2013.0,Comedy,5.9,105,movie,tt3149578
Tiger,2024.0,Documentary,7.8,719,movie,tt31497750
Paid in Full,2016.0,"Action,Crime,Drama",4.3,28,movie,tt3149890
Battle,2024.0,Drama,6.0,13,movie,tt31502084
Good Luck,2024.0,"Comedy,Drama",8.6,42,movie,tt31513891
Helix,2024.0,"Crime,Drama,Thriller",4.7,201,tvMovie,tt31542175
Win It All,2017.0,Comedy,6.2,10536,movie,tt3155328
All Together Now,2020.0,"Drama,Romance",6.5,5532,movie,tt3155342
Hide and Seek,2013.0,"Crime,Horror,Mystery",6.3,2665,movie,tt3155654
White Lines,2013.0,"Drama,Sport",6.1,42,tvMiniSeries,tt3156330
Rita,2024.0,Drama,5.0,1253,movie,tt31589922
Hide and Seek,2024.0,Horror,4.7,10,movie,tt31591139
Rang De Basanti,2024.0,Action,8.4,186,movie,tt31591241
The Game,2014.0,"Drama,Mystery,Thriller",7.7,4157,tvMiniSeries,tt3159736
Honeytrap,2014.0,"Crime,Drama,Romance",5.9,896,movie,tt3159818
Villain,2013.0,Thriller,5.5,22,movie,tt3160174
Blood Money,2024.0,Thriller,7.9,10,movie,tt31616392
Solo,2014.0,"Biography,Drama",6.4,83,tvMovie,tt3162066
The Truth,2022.0,Reality-TV,6.9,166,tvSeries,tt31638277
Scandal,2013.0,"Drama,Romance,Thriller",7.4,41,tvSeries,tt3164210
Boss,2025.0,"Action,Comedy",5.7,261,movie,tt31645750
The Last Dance,2024.0,"Drama,Family",7.6,3677,movie,tt31648020
Haven,2013.0,Drama,6.5,24,movie,tt3165442
Sleeping with Other People,2015.0,"Comedy,Drama,Romance",6.5,52070,movie,tt3165612
A Murder in the Park,2014.0,"Crime,Documentary,History",7.3,1322,movie,tt3168808
Patria,2015.0,Drama,5.2,210,movie,tt3168926
Retribution,2015.0,"Action,Adventure,Crime",6.6,11640,movie,tt3169770
Room,2015.0,"Drama,Thriller",8.1,484021,movie,tt3170832
The Short Game,2024.0,Drama,7.4,68,movie,tt31719949
Sacro GRA,2013.0,Documentary,6.3,1969,movie,tt3172520
The Midas Touch,2013.0,Comedy,4.9,221,movie,tt3173512
Hasee Toh Phasee,2014.0,"Comedy,Romance",6.8,17832,movie,tt3173910
Before I Wake,2016.0,"Drama,Fantasy,Horror",6.2,56716,movie,tt3174376
Possessed,2013.0,"Comedy,Horror",5.3,74,movie,tt3175554
Dukhtar,2014.0,"Drama,Thriller",6.9,2561,movie,tt3175888
Consequences,2014.0,"Crime,Drama,Thriller",6.5,2063,movie,tt3176134
Horror Story,2013.0,Horror,4.3,2518,movie,tt3177332
Guru,2025.0,"Drama,Thriller",6.1,2257,movie,tt31777964
Kingdom,2014.0,"Action,Crime,Thriller",6.4,108,movie,tt3179004
Brick,2025.0,"Drama,Mystery,Sci-Fi",5.5,28693,movie,tt31806049
Veronica,2017.0,"Drama,Mystery,Thriller",5.9,1553,movie,tt3183402
Brother,2026.0,Thriller,3.4,145,movie,tt31839457
Amar,2024.0,Documentary,8.9,11,movie,tt31842582
Tall Girl,2025.0,"Comedy,Romance",5.3,26,movie,tt31851119
Monster Island,2021.0,"Action,Fantasy,Sci-Fi",3.7,24,movie,tt31864176
The Hunt,2025.0,"Crime,Drama,Mystery",7.3,70,tvSeries,tt31887685
Swiped,2025.0,"Biography,Drama,History",6.5,9235,movie,tt31909270
Jagat,2024.0,Thriller,7.4,139,movie,tt31914155
After,2026.0,Drama,7.1,99,tvSeries,tt31939466
Magnetic,2015.0,"Adventure,Fantasy,Sci-Fi",3.9,1272,movie,tt3194622
Til Death Do Us Part,2024.0,Thriller,5.5,210,movie,tt31968583
Morphle,2023.0,Animation,7.5,46,tvSeries,tt31974697
The Healer,2024.0,Horror,6.2,46,movie,tt31991568
Hormones,2013.0,"Comedy,Drama,Romance",8.0,922,tvSeries,tt3199398
Extinction,2018.0,"Action,Drama,Sci-Fi",5.8,62850,movie,tt3201640
Barbecue,2014.0,Comedy,6.1,3540,movie,tt3202120
Bibi & Tina,2014.0,Fantasy,4.9,1206,movie,tt3202200
Palm Trees in the Snow,2015.0,"Drama,Romance",7.3,13235,movie,tt3202202
My Ex-Ex,2015.0,"Comedy,Romance",4.5,356,movie,tt3202940
Trumbo,2015.0,"Biography,Drama",7.4,87959,movie,tt3203606
Destiny,2024.0,"Drama,Mystery,Romance",6.3,241,tvSeries,tt32046462
Run,2025.0,Thriller,4.2,294,movie,tt32046683
Slow West,2015.0,"Adventure,Drama,Romance",6.9,50446,movie,tt3205376
How to Get Away with Murder,2014.0,"Crime,Drama,Mystery",8.1,179974,tvSeries,tt3205802
Locust,2024.0,"Drama,Thriller",6.3,205,movie,tt32058418
President,2010.0,Drama,7.2,32,tvSeries,tt3206080
Black '47,2018.0,"Action,Drama,History",6.8,14357,movie,tt3208026
Scary Movie,2026.0,"Comedy,Horror",4.8,51844,movie,tt32093575
Good Luck,2024.0,Comedy,2.9,24,movie,tt32102503
Family Business,2014.0,Comedy,8.0,7,tvSeries,tt3210276
Haani,2013.0,"Family,Romance",7.6,166,movie,tt3211048
Operation Proposal,2012.0,"Comedy,Fantasy,Romance",6.7,194,tvSeries,tt3211128
Crash,2024.0,"Action,Comedy,Mystery",7.5,527,tvSeries,tt32117300
Baby,2024.0,Drama,7.1,1475,movie,tt32119268
I Am Wrath,2016.0,"Action,Thriller",5.4,17533,movie,tt3212232
Mahabharat,2013.0,"Drama,History,War",8.7,15476,tvSeries,tt3212600
Private Life,2012.0,"Drama,Thriller",5.7,646,movie,tt3212670
In Between,2013.0,"Drama,Romance",5.7,1156,tvSeries,tt3213296
Traitors,2024.0,Documentary,7.6,76,tvMiniSeries,tt32134070
Bromance,2025.0,Drama,5.4,1726,movie,tt32135710
Ad Vitam,2025.0,"Action,Crime,Drama",5.9,11531,movie,tt32138452
Antidote,2024.0,"Crime,Documentary",7.4,292,movie,tt32143856
Wanderlust,2025.0,Drama,6.9,34,movie,tt32143936
Two Graves,2025.0,"Crime,Drama,Mystery",6.4,4793,tvMiniSeries,tt32146392
Battle Creek,2015.0,"Comedy,Crime,Drama",7.2,9390,tvSeries,tt3215364
The Paper,2025.0,"Comedy,Drama",6.9,14560,tvSeries,tt32159809
Julius Jr.,2013.0,Animation,4.8,118,tvSeries,tt3216154
What's Up?,2011.0,"Comedy,Drama,Music",7.8,72,tvSeries,tt3216270
Incarnate,2016.0,"Horror,Thriller",5.3,15065,movie,tt3216348
Hugo,1993.0,Game-Show,6.6,13,tvSeries,tt32166984
Exit Afghanistan,2013.0,Documentary,6.2,54,tvMovie,tt3218890
The Ritual,2025.0,"Drama,Horror,Thriller",4.5,7576,movie,tt32194932
The Last Man on the Moon,2014.0,"Adventure,Biography,Documentary",7.4,3667,movie,tt3219604
Boss,2024.0,Adventure,2.8,9,tvSeries,tt32218013
Timeline,2014.0,"Drama,Romance",6.6,423,movie,tt3222720
37 Seconds,2025.0,"Crime,Drama",6.9,153,tvMiniSeries,tt32228145
Victor,2015.0,"Biography,Crime,Drama",6.4,409,movie,tt3222852
Lo que la vida me robó,2013.0,"Drama,Romance",7.9,1443,tvSeries,tt3223004
Jugaad,2024.0,Drama,6.5,11,tvMiniSeries,tt32235557
The Legend of Michael Mishra,2016.0,"Comedy,Drama",4.4,694,movie,tt3224258
Beyond the Clouds,2017.0,"Drama,Family",6.9,2736,movie,tt3224288
Justice,2024.0,"Crime,Drama",6.3,4744,movie,tt32245158
Detention,2026.0,"Comedy,Drama,Romance",9.4,18,movie,tt32253489
Bloodline,2024.0,"Action,Thriller",8.9,58,movie,tt32254860
Duniya,2007.0,Drama,7.7,334,movie,tt3227034
The Chosen One,2024.0,"Comedy,Horror,Romance",5.7,80,movie,tt32277855
The Protector,2025.0,"Action,Sci-Fi",4.0,394,movie,tt32277918
The Queen,2021.0,"Drama,Fantasy,History",3.5,7,movie,tt32278471
Bittersweet,2014.0,"Documentary,Drama,Sport",7.6,131,movie,tt3228284
Chocolate,1999.0,Thriller,4.1,13,tvMovie,tt3229352
The Healer,2024.0,Drama,7.7,27,movie,tt32306905
The Other,2024.0,Documentary,9.3,13,movie,tt32307073
The Returned,2015.0,"Drama,Fantasy,Horror",7.0,12527,tvSeries,tt3230780
Skin Wars,2014.0,Reality-TV,7.1,1524,tvSeries,tt3231286
Destiny,2014.0,"Adventure,Comedy,Family",7.4,30,movie,tt3231362
The Basement,2024.0,Documentary,7.0,27,movie,tt32314362
The Truth,2024.0,"Crime,Drama,Mystery",7.1,181,tvSeries,tt32316438
Drive,2024.0,"Action,Crime,Mystery",5.7,436,movie,tt32322546
The Package,2024.0,"Action,Thriller",5.5,33,tvMovie,tt32323219
The Box,1998.0,Comedy,6.5,21,movie,tt3232452
The Last Word,2020.0,Biography,8.8,25,tvSeries,tt32328366
Boss Wants a Happy Ending,2014.0,"Comedy,Romance",6.0,7644,movie,tt3233224
Revelations,2025.0,Drama,8.7,13,movie,tt32333054
Shelter,2026.0,"Action,Thriller",6.1,45519,movie,tt32357218
I'll See You in My Dreams,2015.0,"Comedy,Drama,Romance",6.7,9880,movie,tt3236120
Last Breath,2024.0,Drama,6.7,588,movie,tt32365122
Love,2014.0,Documentary,8.6,35,movie,tt3239216
The Family,2013.0,Comedy,6.9,18,tvSeries,tt3240398
Fallen,2017.0,Documentary,6.8,125,movie,tt3240622
All American,2024.0,"Documentary,Sport",7.6,46,movie,tt32414431
The Player,2015.0,"Comedy,Crime,Drama",7.9,12,tvMovie,tt3243736
The Music of Silence,2017.0,"Biography,Drama,Music",6.6,2570,movie,tt3244786
Dracula,2025.0,"Comedy,Horror,Musical",5.6,939,movie,tt32448239
She,2025.0,Documentary,7.2,19,movie,tt32448375
"Aram, Aram",2015.0,Drama,6.5,196,movie,tt3245848
Incorruptible,2015.0,"Action,Documentary,History",6.0,116,movie,tt3246600
Tree Man,2015.0,"Documentary,Drama,Family",6.5,117,movie,tt3246684
Wish Man,2019.0,"Biography,Drama,Family",7.0,2657,movie,tt3246874
Can We Get Married?,2012.0,"Comedy,Romance",6.4,174,tvSeries,tt3247224
Hostages,2024.0,Documentary,7.4,15,tvSeries,tt32475073
Survivor,2015.0,"Action,Crime,Thriller",5.7,37909,movie,tt3247714
Vennira Iravugal,2014.0,"Comedy,Drama,Romance",8.2,27,movie,tt3247850
The Gospel of Matthew,2016.0,Drama,7.7,383,movie,tt3248148
The Bridge,2024.0,Documentary,3.6,29,movie,tt32481678
Mostly Sunny,2024.0,"Comedy,Drama",5.8,33,movie,tt32485847
Zoo,2015.0,"Action,Adventure,Crime",6.7,27408,tvSeries,tt3250026
Ken Burns: The Civil War,2015.0,,9.2,81,tvMovie,tt32501098
Ladies First,2025.0,Comedy,8.5,122,movie,tt32508972
Soldier,2012.0,"Drama,History",5.8,91,tvSeries,tt3253638
The Gospel of Mark,2015.0,Drama,7.8,445,movie,tt3253940
Big Stone Gap,2014.0,"Comedy,Family,Mystery",5.8,3514,movie,tt3254796
Apostle,2014.0,"Drama,History,War",8.8,80,movie,tt3255278
P Se PM Tak,2015.0,"Comedy,Drama",3.7,107,movie,tt3255586
El Camino Christmas,2017.0,"Comedy,Crime,Western",5.7,11983,movie,tt3255590
IO,2019.0,"Adventure,Drama,Sci-Fi",4.8,38235,movie,tt3256226
Shorts,2013.0,Drama,6.4,499,movie,tt3257168
The Binding,2024.0,Drama,5.8,93,movie,tt32571993
Music Teacher,2018.0,"Drama,Romance",6.3,827,movie,tt3257794
100 Meters,2025.0,"Animation,Drama,Sport",7.6,8549,movie,tt32600395
Revenge,2024.0,Action,2.1,52,movie,tt32600501
A Secret Love,2020.0,"Biography,Documentary,Drama",7.8,5330,movie,tt3260524
Christine,2023.0,Documentary,2.2,8,movie,tt32605594
Imperfect,2012.0,"Action,Crime",5.4,40,movie,tt3262084
Hook,2025.0,Horror,2.7,278,movie,tt32635940
She's the One,2013.0,"Comedy,Drama,Romance",6.4,301,movie,tt3264438
Revelations,2025.0,"Crime,Drama,Mystery",6.0,5749,movie,tt32648798
She,2024.0,Drama,1.3,8,movie,tt32657845
November Criminals,2017.0,"Crime,Drama,Mystery",5.3,11668,movie,tt3266284
Black Rose,2014.0,"Action,Crime,Drama",2.9,2806,movie,tt3266724
Voice,2024.0,Drama,6.8,17,movie,tt32668714
Captive,2015.0,"Action,Biography,Crime",5.4,7567,movie,tt3268668
Unrest,2017.0,"Documentary,Drama,History",7.5,3295,movie,tt3268850
Nila,1994.0,Drama,4.9,10,movie,tt3269084
"Tayo, the Little Bus",2010.0,"Animation,Comedy,Family",5.5,298,tvSeries,tt3270208
Three,2025.0,Thriller,5.0,47,movie,tt32728209
Zero,2015.0,"Action,Comedy,Drama",6.0,55,movie,tt3273738
Crash,2023.0,"Animation,Drama,Mystery",8.3,15,tvSeries,tt32748970
Manson Family Vacation,2015.0,"Comedy,Drama,Thriller",5.8,3309,movie,tt3275216
La Viuda Negra,2014.0,"Crime,Drama",6.9,340,tvSeries,tt3275706
Lifeline,2024.0,,7.7,15,movie,tt32758193
Mirage,2025.0,"Drama,Mystery,Thriller",6.2,70,tvSeries,tt32758805
Hinterland,2014.0,Drama,7.3,93,movie,tt3277146
The Rebound,2024.0,"Drama,Romance,Sport",7.3,379,tvSeries,tt32787481
Redemption,2014.0,"Drama,Mystery,Thriller",8.7,11,movie,tt3279418
An American in Madras,2013.0,"Biography,Documentary,History",7.0,35,movie,tt3279468
The Ring,2024.0,"Comedy,Drama",7.4,257,movie,tt32799276
Cult of Chucky,2017.0,"Horror,Thriller",5.3,34711,movie,tt3280262
For the Win,2025.0,"Comedy,Drama,Sport",8.9,13,tvSeries,tt32809469
Domino,2019.0,"Crime,Thriller",4.5,7266,movie,tt3282076
Oh My Ghost,2013.0,"Comedy,Horror",5.5,186,movie,tt3282220
Best Worst Thing That Ever Could Have Happened,2016.0,Documentary,7.6,780,movie,tt3282712
Naomi and Ely's No Kiss List,2015.0,"Comedy,Drama,Romance",5.5,10830,movie,tt3282858
Simon,2016.0,Thriller,3.0,400,movie,tt3283708
Hükümet Kadin 2,2013.0,Comedy,6.1,5968,movie,tt3283718
Some Freaks,2016.0,"Comedy,Drama,Romance",6.2,2198,movie,tt3283864
The Code,2024.0,"Comedy,Drama",6.0,396,movie,tt32842974
The Blackcoat's Daughter,2015.0,"Horror,Mystery,Thriller",5.9,32805,movie,tt3286052
The Last Face,2016.0,"Action,Adventure,Drama",5.1,5995,movie,tt3286560
Good Luck,2017.0,Documentary,6.3,126,movie,tt3288544
Equals,2015.0,"Drama,Romance,Sci-Fi",6.0,34636,movie,tt3289728
Junebug,2024.0,"Comedy,Romance",6.7,1172,tvMovie,tt32897452
The Autopsy of Jane Doe,2016.0,"Horror,Mystery,Thriller",6.8,168252,movie,tt3289956
Chadi Jawani Budhe Nu,1976.0,Romance,4.4,23,movie,tt3290368
The Accidental Spy,2024.0,Documentary,8.2,20,movie,tt32915592
The Darkness,2025.0,"Drama,Mystery",6.8,14,movie,tt32919874
The Journey Is the Destination,2016.0,Drama,6.4,837,movie,tt3292080
Cocaine,2024.0,Thriller,6.6,8,movie,tt32921084
Still,2013.0,Sci-Fi,7.0,23,tvSeries,tt3293912
Khelti Hai Zindagi Aankh Micholi,2013.0,Drama,7.5,25,tvSeries,tt3294528
Guilty,2014.0,"Drama,Mystery,Thriller",5.6,662,tvMovie,tt3295240
A Heavy Heart,2015.0,Drama,7.1,839,movie,tt3296980
Good Kill,2014.0,"Drama,Thriller,War",6.4,25982,movie,tt3297330
Survivor,2014.0,"Action,Adventure,Fantasy",4.0,2337,movie,tt3297792
The Neighbor,2024.0,Thriller,4.7,94,movie,tt32982531
The Governor,2024.0,Documentary,8.0,27,movie,tt32982624
Our Planet,2009.0,Documentary,9.1,67,tvMiniSeries,tt3300240
The 12th Man,2017.0,"Drama,History,Thriller",7.3,32608,movie,tt3300980
Cowspiracy: The Sustainability Secret,2014.0,Documentary,8.1,27488,movie,tt3302820
Terra,2025.0,"Drama,War",7.2,10,movie,tt33029713
A Sort of Homecoming,2015.0,Drama,5.5,313,movie,tt3303652
Scare Tactics,2024.0,"Comedy,Horror,Reality-TV",4.6,247,tvSeries,tt33039423
Extraction,2015.0,"Action,Crime,Thriller",4.3,31,movie,tt3304610
Voice,2024.0,Documentary,7.1,15,movie,tt33048545
Galavant,2015.0,"Adventure,Comedy,Fantasy",8.1,17639,tvSeries,tt3305096
Trespass Against Us,2016.0,"Action,Crime,Drama",5.8,9702,movie,tt3305308
A Second Chance,2014.0,"Drama,Thriller",6.8,7479,movie,tt3305316
Aftermath,2026.0,"Action,Adventure,Drama",2.6,6,movie,tt33056525
Marcella,2024.0,"Biography,Documentary",8.1,76,movie,tt33060407
Roots,2024.0,"Drama,War",7.0,175,movie,tt33075438
Nothing to Lose,2024.0,Drama,6.0,14,movie,tt33077366
The Guest,2014.0,Drama,6.0,104,movie,tt3308106
The Hunt,2025.0,"Drama,Thriller",5.7,875,tvMiniSeries,tt33086602
The Woods,2024.0,Horror,3.2,125,movie,tt33087023
Jackpot,2013.0,"Comedy,Thriller",2.0,876,movie,tt3309662
Ever After High,2013.0,"Adventure,Animation,Comedy",7.9,2621,tvSeries,tt3312378
Accident,2017.0,"Action,Thriller",3.3,1264,movie,tt3313054
War Horse,2014.0,Drama,8.5,403,movie,tt3313072
The Suit,2024.0,"Drama,Sci-Fi",4.6,10,movie,tt33131123
Borderline,2015.0,Comedy,6.7,61,tvSeries,tt3314242
Up North,2024.0,Crime,5.3,10,movie,tt33143641
Brotherhood,2014.0,"Action,Drama,Family",7.8,16,movie,tt3315066
Roots,2016.0,"Drama,History,War",7.9,9169,tvMiniSeries,tt3315386
The Rehearsal,2013.0,Comedy,9.6,18,tvMovie,tt3315584
My Girl,2024.0,Thriller,6.3,17,movie,tt33164032
Stranger,2024.0,"Crime,Mystery,Romance",3.6,38,tvSeries,tt33165190
Anesthesia,2015.0,"Crime,Drama",6.1,5335,movie,tt3317208
"Game Over, Man!",2018.0,"Action,Comedy",5.5,35998,movie,tt3317234
Harry Benson: Shoot First,2016.0,Documentary,7.4,472,movie,tt3319844
The Secret,2024.0,"Crime,Drama,Mystery",8.4,27,tvSeries,tt33202418
Let It Snow,2013.0,"Drama,Family,Romance",6.7,3650,tvMovie,tt3320502
MI-5,2015.0,"Action,Drama,Thriller",6.2,24900,movie,tt3321300
Concussion,2015.0,"Biography,Drama,Sport",7.1,105627,movie,tt3322364
Queen,2013.0,"Adventure,Comedy,Drama",8.1,71740,movie,tt3322420
XX,2017.0,Horror,4.6,12941,movie,tt3322892
Bordertown,2016.0,"Animation,Comedy",5.6,3485,tvSeries,tt3323254
Interrogation,2025.0,Thriller,6.9,3666,movie,tt33245951
Sanju,2024.0,,7.9,224,movie,tt33254423
Nazi Mega Weapons,2013.0,"Biography,Documentary,Drama",7.9,725,tvSeries,tt3325692
The Assignment,2024.0,Action,6.2,10,movie,tt33266260
Challenger,2024.0,"Comedy,Sport",5.7,423,movie,tt33269637
Residue,2015.0,"Drama,Horror,Mystery",5.3,2449,movie,tt3328442
Forget Me Not,2024.0,"Drama,Romance",6.4,190,movie,tt33296158
Black,2024.0,"Horror,Mystery,Sci-Fi",7.1,3319,movie,tt33298502
Maria,2024.0,"Biography,Documentary,Reality-TV",4.1,23,movie,tt33301450
The Neighbor,2016.0,"Crime,Horror,Thriller",5.8,8985,movie,tt3330764
Imperial Dreams,2014.0,Drama,6.7,4989,movie,tt3331028
Maine Pyar Kiya,2025.0,"Action,Drama,Romance",4.9,1995,movie,tt33310930
Connected,2009.0,"Drama,Reality-TV",6.8,21,tvSeries,tt3331908
Wolf,2013.0,Documentary,6.3,10,movie,tt3332132
Soundtrack,2017.0,Drama,6.9,332,movie,tt3332372
Mother,2015.0,Drama,7.3,1327,movie,tt3334374
Whispers,2024.0,,8.4,16,movie,tt33350390
Hide and Seek,2024.0,Horror,4.8,189,movie,tt33355143
Berlin Syndrome,2017.0,"Drama,Horror,Mystery",6.3,29457,movie,tt3335606
Undercover,2014.0,"Biography,Crime,Documentary",8.9,24,movie,tt3335882
The Hunt,2024.0,Drama,7.2,1031,tvMiniSeries,tt33367513
Rahasya,2015.0,"Mystery,Thriller",7.5,6459,movie,tt3337550
Interrogation,2024.0,Drama,6.9,639,tvSeries,tt33377409
Grand Hotel,2024.0,"Crime,Drama",6.9,188,tvSeries,tt33377454
Chance at Romance,2014.0,"Comedy,Family,Romance",6.5,2297,tvMovie,tt3338436
Girl,2025.0,Drama,6.3,447,movie,tt33396536
Doom,2022.0,Mystery,8.7,6,tvSeries,tt33397377
Terminator 3: Rise of the Machines,2007.0,,6.7,51,movie,tt33397603
Walk with Me,2024.0,Documentary,6.8,11,movie,tt33398087
Unbreakable Kimmy Schmidt,2015.0,Comedy,7.5,83964,tvSeries,tt3339966
Killa,2014.0,"Comedy,Drama",7.8,2102,movie,tt3341582
The Fix,2014.0,"Documentary,Drama",8.1,19,movie,tt3341876
The Sisters,2024.0,"Fantasy,Horror,Thriller",4.7,189,movie,tt33424408
Game Over,2024.0,Drama,4.6,22,movie,tt33452924
Antidote,2014.0,"Action,Crime,Drama",6.9,4266,movie,tt3345952
Revenge,2024.0,"Horror,Mystery,Thriller",4.7,18,movie,tt33472131
Marianne,2014.0,"Comedy,Drama,Romance",6.1,31,movie,tt3347696
Justice,2024.0,Drama,4.8,11,movie,tt33477560
The Duel,2011.0,Sci-Fi,8.0,7,tvSeries,tt3347848
Stereo,2014.0,"Crime,Thriller",6.5,5271,movie,tt3348102
The Box,2025.0,Reality-TV,5.7,111,tvSeries,tt33505069
Playing with Fire,2025.0,Thriller,5.6,98,tvMovie,tt33507756
Five Nights in Maine,2015.0,Drama,4.9,959,movie,tt3352034
Friend Request,2016.0,"Horror,Mystery,Thriller",5.2,29258,movie,tt3352390
Family Business,2014.0,"Comedy,Family",6.2,105,tvMovie,tt3355102
My Own Man,2014.0,"Comedy,Documentary,Drama",6.4,483,movie,tt3356434
What the Fish,2013.0,"Adventure,Comedy,Drama",5.0,257,movie,tt3357416
Reply 1994,2013.0,"Comedy,Drama,Romance",7.7,1953,tvSeries,tt3357586
Parasyte: The Maxim,2014.0,"Action,Animation,Drama",8.2,64776,tvSeries,tt3358020
Bobby Jasoos,2014.0,"Comedy,Drama,Thriller",5.5,2557,movie,tt3359290
Chal Dhar Pakad,2010.0,Drama,4.2,13,movie,tt3360280
The Calling,2024.0,Documentary,7.0,12,movie,tt33626163
Adventures in Public School,2017.0,Drama,5.9,2278,movie,tt3364264
Frontier,2025.0,"Drama,Thriller,War",5.9,232,movie,tt33658124
Angry Indian Goddesses,2015.0,"Comedy,Crime,Drama",6.9,3059,movie,tt3368222
Ek Cup Chya,2009.0,Drama,7.5,153,movie,tt3368378
Stateless,2014.0,"Documentary,History",9.5,48,movie,tt3369738
The Truth,2014.0,"Drama,Sci-Fi,Thriller",5.1,116,movie,tt3371582
The Time Vortex,2025.0,Sci-Fi,5.0,21,movie,tt33733323
Euphoria,2026.0,Drama,7.3,2875,movie,tt33737583
The Chosen Ones,2014.0,Drama,6.8,221,tvMovie,tt3375514
A Separation,2013.0,"Documentary,Drama,Family",7.1,75,movie,tt3379720
Gnome Alone,2015.0,Horror,3.5,451,movie,tt3381068
The Forest,2016.0,"Horror,Mystery,Thriller",4.8,48081,movie,tt3387542
Haider,2014.0,"Action,Crime,Drama",8.0,61571,movie,tt3390572
6-5=2,2013.0,"Horror,Thriller",5.8,1610,movie,tt3394510
The Liberator,2017.0,Action,4.3,99,movie,tt3394674
The Christmas Trap,2018.0,"Comedy,Drama,Family",5.9,1880,movie,tt3396114
Christian Mingle,2014.0,"Comedy,Drama,Family",4.2,2061,movie,tt3398066
BoJack Horseman,2014.0,"Animation,Comedy,Drama",8.8,237980,tvSeries,tt3398228
El club de los buenos infieles,2017.0,Comedy,5.5,763,movie,tt3398808
Knights of Sidonia,2014.0,"Action,Adventure,Animation",7.7,4981,tvSeries,tt3398976
Young Tiger,2014.0,Drama,6.5,124,movie,tt3399042
Taxi Driver,1978.0,,3.8,17,movie,tt3400182
Patria,2014.0,"Drama,History",5.8,39,movie,tt3403352
The Boy,2024.0,"Documentary,Drama",6.7,82,movie,tt34052034
Raees,2017.0,"Action,Crime,Drama",6.6,55271,movie,tt3405236
The Call,2015.0,"Action,Thriller",8.2,328,movie,tt3408826
Rocky Handsome,2016.0,"Action,Crime,Drama",6.8,10140,movie,tt3410408
Aurora,2015.0,"Drama,Sci-Fi",6.0,8,movie,tt3411580
Mr. Gaga: A True Story of Love and Dance,2015.0,"Biography,Documentary",7.5,984,movie,tt3412684
Persona,2025.0,"Crime,Drama",6.8,20,tvMiniSeries,tt34131978
Mahabharat,2013.0,"Action,Adventure,Animation",5.3,834,movie,tt3415692
The Guest,2024.0,Documentary,6.3,48,movie,tt34161220
A Monster Calls,2016.0,"Adventure,Drama,Family",7.4,99636,movie,tt3416532
The End of the Tour,2015.0,"Biography,Drama",7.2,34991,movie,tt3416744
Drishyam,2013.0,"Crime,Drama,Mystery",8.4,49557,movie,tt3417422
Escape,2013.0,"Action,Crime,Drama",6.7,837,tvSeries,tt3418430
April and the Extraordinary World,2015.0,"Adventure,Animation,Comedy",7.3,9116,movie,tt3422078
Redemption,2025.0,"Drama,Thriller",7.0,11,movie,tt34221325
The First Line,2014.0,Drama,4.7,342,movie,tt3422314
Bangistan,2015.0,"Comedy,Drama",4.5,1532,movie,tt3422462
Havenhurst,2016.0,"Horror,Mystery,Thriller",4.8,4399,movie,tt3424690
The Little Mermaid,2013.0,"Family,Fantasy",6.2,213,tvMovie,tt3424814
Broken,2010.0,"Comedy,Drama,Family",8.1,14,movie,tt3426866
Happy Valley,2014.0,"Crime,Drama,Thriller",8.5,74649,tvSeries,tt3428912
Away,2016.0,"Crime,Drama",6.4,2055,movie,tt3430548
Borderline,2017.0,"Crime,Drama,Horror",5.3,174,movie,tt3430694
Yo-Kai Watch,2014.0,"Adventure,Animation,Comedy",6.3,355,tvSeries,tt3432210
Manhunt,2014.0,Reality-TV,7.9,344,tvSeries,tt3432424
Miss Culinary,2019.0,"Comedy,Romance",7.2,6,tvSeries,tt34325617
Holidays,2010.0,Drama,2.9,10,movie,tt3433162
Ravenous,2013.0,Horror,7.4,7,tvSeries,tt3433220
6 Days,2025.0,"Drama,Romance",7.7,2285,movie,tt34338540
Project Power,2014.0,"Documentary,Drama",6.8,28,movie,tt3438498
Colony,2026.0,"Action,Adventure,Crime",6.5,11871,movie,tt34385135
Some Assembly Required,2014.0,"Comedy,Family",4.8,1411,tvSeries,tt3441810
Cake,2014.0,Drama,6.4,40353,movie,tt3442006
Acapulco La vida va,2017.0,"Comedy,Drama",5.4,157,movie,tt3442726
Lila & Eve,2015.0,"Crime,Drama,Thriller",5.9,9503,movie,tt3442990
The Artist,2025.0,"Crime,Mystery",5.6,961,tvSeries,tt34437972
Abducted in Plain Sight,2017.0,"Crime,Documentary",6.8,25031,movie,tt3444312
The Battered Bastards of Baseball,2014.0,"Documentary,Sport",7.9,4984,movie,tt3445270
The Breadwinner,2026.0,"Comedy,Family",5.6,4087,movie,tt34459219
She's the One,2024.0,Drama,7.7,157,tvSeries,tt34471143
The Lovers,2024.0,Romance,8.0,66,tvSeries,tt34477971
The Family,2024.0,Drama,7.9,17,tvSeries,tt34486115
The Beginning of Life: The Series,2016.0,Documentary,7.0,6,tvSeries,tt34488075
The Affair,2014.0,"Drama,Mystery,Romance",6.2,20,movie,tt3449500
Mundeyan Ton Bachke Rahin,2014.0,"Comedy,Romance",5.6,64,movie,tt3449788
The Sea of Trees,2015.0,"Drama,Fantasy,Mystery",6.1,19951,movie,tt3450900
Happy Anniversary,2025.0,Thriller,5.3,131,movie,tt34511187
The Gospel of John,2014.0,Drama,7.8,1131,movie,tt3454828
Virunga,2014.0,"Documentary,War",8.1,12850,movie,tt3455224
The Curse of Oak Island,2014.0,"Documentary,Reality-TV",6.8,7546,tvSeries,tt3455408
E-Team,2014.0,"Documentary,War",7.1,987,movie,tt3456090
Dude,2018.0,"Comedy,Drama",5.2,8177,movie,tt3458510
The Hateful Eight,2015.0,"Crime,Drama,Mystery",7.8,729429,movie,tt3460252
Person of Interest,2024.0,"Drama,Mystery",5.4,122,tvMovie,tt34609336
Ladies First,2026.0,Comedy,5.8,35286,movie,tt34611082
Innocent,2025.0,,4.3,755,movie,tt34614859
Heritages,2013.0,"Biography,Drama",7.4,168,movie,tt3461524
Truth or Dare,2024.0,"Horror,Thriller",7.9,9,tvMiniSeries,tt34622338
Chasing Monsters,2015.0,"Adventure,Drama",7.5,404,tvSeries,tt3463274
The Lobster,2015.0,"Drama,Romance,Sci-Fi",7.1,337463,movie,tt3464902
Voyeur,2016.0,Drama,7.5,10,movie,tt3465276
Friday Night Tykes,2014.0,Reality-TV,7.1,380,tvSeries,tt3467018
Kurt Seyit & Sura,2014.0,"Drama,History,Romance",7.2,4981,tvSeries,tt3467380
Home Game,2024.0,Documentary,8.0,69,movie,tt34673918
Extinction,2015.0,"Action,Adventure,Drama",5.8,21934,movie,tt3467412
Guzaarish,2015.0,Drama,8.2,17,tvSeries,tt34675567
Faraar,2024.0,"Action,Crime,Drama",8.8,221,tvSeries,tt34678500
Fronteras,2014.0,Drama,8.1,10,movie,tt3468754
Old Money,2025.0,"Drama,Romance",5.3,4660,tvSeries,tt34692051
Phantom,2015.0,"Action,Drama,Thriller",6.0,10486,movie,tt3469244
Wolves,2025.0,Drama,7.4,65,movie,tt34700274
Kings,2025.0,"Crime,Thriller",7.6,6,movie,tt34702254
Playing with Fire,2014.0,Documentary,7.3,16,movie,tt3472798
To Be a Miss,2016.0,"Documentary,Drama,News",6.4,194,movie,tt3472928
In Between,2013.0,"Documentary,Drama,Romance",7.3,10,movie,tt3473418
The Gift,2014.0,"Action,Drama,Thriller",6.6,691,movie,tt3474788
The Protector,2025.0,"Horror,Mystery,Thriller",2.6,36,movie,tt34748847
Silent,2024.0,,4.4,520,movie,tt34757051
Burning,2024.0,"Horror,Thriller",6.8,27,movie,tt34762405
Only You,2014.0,"Action,Drama,Romance",7.3,7110,movie,tt3477480
Fatal Affair,2024.0,Drama,6.3,26,tvMovie,tt34785775
Don't Look Down,2014.0,Documentary,7.5,78,tvMovie,tt3478594
The Royal Bengal Tiger,2014.0,Thriller,6.8,1151,movie,tt3479858
Inconceivable,2017.0,"Drama,Thriller",5.2,11692,movie,tt3481634
Why Knot,2016.0,Documentary,5.6,83,movie,tt3483174
Slasher,2014.0,"Horror,Mystery,Thriller",5.4,54,movie,tt3483644
Raja Natwarlal,2014.0,"Crime,Thriller",6.2,5153,movie,tt3483712
Remember Me,2014.0,"Drama,Horror,Mystery",6.8,2028,tvMiniSeries,tt3484180
A Man Called God,2014.0,"Biography,Documentary,News",6.6,16,movie,tt3487170
Kalushi: The Story of Solomon Mahlangu,2016.0,"Biography,Drama,Thriller",6.6,496,movie,tt3487278
American Crime,2015.0,"Crime,Drama",7.7,10514,tvSeries,tt3488298
Incoming,2013.0,Documentary,8.1,11,movie,tt3488408
Miracle,2025.0,Documentary,7.6,53,tvSeries,tt34891687
Rebirth,2026.0,Drama,4.9,160,tvSeries,tt34903771
Mama's Boy,2024.0,Drama,5.4,68,movie,tt34938462
Ultras,2025.0,Documentary,6.1,276,movie,tt34939690
Innocent,2013.0,"Action,Drama,Thriller",6.7,22,movie,tt3494184
Bad Guys,2025.0,"Action,Crime,Thriller",8.8,106,tvSeries,tt34941905
Save Me,2014.0,Drama,6.1,45,tvSeries,tt3494854
Lez Bomb,2018.0,"Comedy,Drama",5.3,1868,movie,tt3496790
The Promise,2025.0,Documentary,8.3,75,movie,tt34983250
Race,2016.0,"Biography,Drama,Sport",7.1,44266,movie,tt3499096
Off Course,2015.0,"Comedy,Romance",5.8,5768,movie,tt3500544
Madam Secretary,2014.0,"Drama,Thriller",7.8,29736,tvSeries,tt3501074
Security,2017.0,"Action,Crime,Thriller",5.8,24831,movie,tt3501112
Thor: Ragnarok,2017.0,"Action,Adventure,Comedy",7.9,909848,movie,tt3501632
Til Death Do Us Part,2014.0,"Horror,Thriller",5.9,28,movie,tt3501702
Little Lunch,2015.0,"Comedy,Family",8.4,940,tvSeries,tt3501734
Mirage,2025.0,,6.0,2368,movie,tt35019435
The Truth,2010.0,Comedy,5.8,12,movie,tt3504590
1983,2014.0,"Drama,Sport",7.7,3384,movie,tt3506970
Supernatural,2014.0,"Drama,Sci-Fi",4.4,107,movie,tt3508984
Solo,2009.0,Drama,7.0,12,movie,tt3509872
Furthest Witness,2017.0,"Crime,Drama,Thriller",4.2,450,movie,tt3509978
Spy Time,2015.0,"Action,Comedy,Thriller",6.1,4609,movie,tt3510480
The Last Shaman,2016.0,"Adventure,Documentary,Drama",6.6,2126,movie,tt3511124
Bioscope,2025.0,Comedy,7.6,173,movie,tt35112386
Panic Room,2025.0,"Crime,Drama,Thriller",5.2,126,movie,tt35115515
Stop at Nothing: The Lance Armstrong Story,2014.0,"Biography,Documentary,Sport",7.5,3194,movie,tt3511812
S Is for Stanley,2015.0,"Biography,Documentary,Drama",6.9,2056,movie,tt3512160
The Messengers,2015.0,"Drama,Fantasy,Mystery",6.4,9554,tvSeries,tt3513704
Follow Me,2010.0,"Action,Documentary,Sport",8.2,25,movie,tt3514810
The Trial,2025.0,Drama,5.8,183,tvMovie,tt35149233
Hot Property,2016.0,Comedy,4.3,296,movie,tt3515318
Mine 9,2019.0,"Drama,Thriller",6.0,12366,movie,tt3517870
Bloodline,2015.0,"Drama,Mystery,Thriller",7.8,64064,tvSeries,tt3520702
The Disaster Artist,2017.0,"Biography,Comedy,Drama",7.3,172780,movie,tt3521126
The Look of Silence,2014.0,"Biography,Documentary,History",8.3,15041,movie,tt3521134
A Good Wife,2016.0,Drama,6.7,842,movie,tt3521306
The Massively Mixed-Up Middle School Mystery,2015.0,"Comedy,Mystery",5.6,172,tvMovie,tt3521770
Power Rangers Dino Charge,2015.0,"Action,Adventure,Family",6.6,2279,tvSeries,tt3521854
Destiny,2014.0,"Drama,Music,Romance",8.0,59,movie,tt3523348
Yeh Hai Bakrapur,2014.0,"Comedy,Drama",3.9,315,movie,tt3524410
Schitt's Creek,2015.0,Comedy,8.5,176428,tvSeries,tt3526078
Yellowbird,2014.0,"Adventure,Animation,Comedy",5.5,1982,movie,tt3526408
Starting Over Again,2014.0,"Comedy,Drama,Romance",7.0,707,movie,tt3528284
The Incident,2014.0,"Sci-Fi,Thriller",6.3,5212,movie,tt3528756
Haunted,2017.0,"Horror,Thriller",3.4,661,movie,tt3530328
Autumn's Concerto,2009.0,"Drama,Romance",7.8,660,tvSeries,tt3530668
Mea Culpa,2025.0,Drama,7.1,61,tvSeries,tt35314011
Waiting,2015.0,"Documentary,Drama",7.7,10,movie,tt3531740
Don Verdean,2015.0,"Adventure,Comedy,Crime",5.4,6269,movie,tt3534282
Entanglement,2017.0,"Comedy,Drama,Romance",5.9,899,movie,tt3534294
Unbelievable,2025.0,Drama,7.8,14,movie,tt35361370
Insatiable,2025.0,Drama,6.2,143,movie,tt35403091
Judwaa,2025.0,Drama,6.6,203,tvSeries,tt35417736
Chal Bhaag,2014.0,Comedy,3.6,118,movie,tt3542028
Troy,2014.0,Reality-TV,6.8,108,tvSeries,tt3543054
Hotel Beau Séjour,2016.0,"Crime,Drama,Mystery",7.6,4721,tvSeries,tt3543082
Poseidon,2011.0,"Action,Drama,Romance",5.4,56,tvSeries,tt3543344
Life,2025.0,Drama,7.6,6,movie,tt35436337
Nails,2025.0,"Comedy,Drama",5.9,89,tvSeries,tt35437331
Belgica,2016.0,"Drama,Music",6.7,5026,movie,tt3544218
Zapped,2014.0,"Comedy,Family,Fantasy",5.1,7456,tvMovie,tt3544734
Back to School,2025.0,Drama,7.8,6,tvSeries,tt35453946
Forgotten,2014.0,Drama,7.3,7,movie,tt3545606
The Homecoming,2014.0,Drama,5.4,83,tvMovie,tt3545878
Retribution,2016.0,"Crime,Drama,Thriller",4.9,535,movie,tt3548276
Just Love,2014.0,Romance,5.3,9,movie,tt3548340
Freeway: Crack in the System,2015.0,"Biography,Crime,Documentary",7.0,935,movie,tt3548962
Ever After High,2013.0,"Animation,Drama,Fantasy",8.5,75,tvSeries,tt35497724
Neruda,2017.0,Biography,5.8,16,tvMiniSeries,tt35510776
Goldie,2025.0,"Adventure,Animation,Family",7.1,49,tvSeries,tt35511175
Restless Creature: Wendy Whelan,2016.0,Documentary,7.2,392,movie,tt3551540
American Odyssey,2015.0,"Action,Drama,Thriller",7.3,6458,tvSeries,tt3551796
Dexter,2025.0,Thriller,6.3,431,movie,tt35518994
Raiders!: The Story of the Greatest Fan Film Ever Made,2015.0,Documentary,6.9,2401,movie,tt3551954
Hangar 1: The UFO Files,2014.0,"Mystery,Reality-TV,Sci-Fi",7.2,1089,tvSeries,tt3552688
Hungerford,2014.0,"Horror,Sci-Fi",3.8,2477,movie,tt3552892
Tamasha,2022.0,Reality-TV,8.1,19,tvSeries,tt35535620
Khoobsurat,2014.0,"Comedy,Romance",6.4,9686,movie,tt3554418
Broken,2014.0,"Action,Drama,Thriller",6.7,1605,movie,tt3554976
Legend,2014.0,"Action,Drama",6.2,3009,movie,tt3555036
The Guest,2025.0,Thriller,6.6,3704,tvSeries,tt35562988
Live,2014.0,"Action,Comedy,Horror",5.1,192,movie,tt3556584
Print the Legend,2014.0,"Biography,Documentary,Drama",7.0,2106,movie,tt3557464
Made in China,2005.0,Documentary,7.5,13,movie,tt3558184
Kingpin,2025.0,Action,6.0,12,tvSeries,tt35596384
God of War,2025.0,Drama,5.6,155,movie,tt35603179
Containment,2015.0,"Horror,Sci-Fi,Thriller",4.9,3966,movie,tt3561236
Scream,2025.0,,2.9,16,movie,tt35615464
The Furchester Hotel,2014.0,"Family,Horror",7.4,189,tvSeries,tt3562366
Redemption,2025.0,Action,6.5,15,movie,tt35627557
Anjaan,2014.0,"Action,Crime,Drama",5.4,6900,movie,tt3563156
Manhunt,2025.0,Documentary,7.2,21,tvMiniSeries,tt35653064
Riot,2014.0,"Action,Adventure,Comedy",3.9,239,tvSeries,tt3565412
Black Money Love,2014.0,"Action,Crime,Drama",7.6,8792,tvSeries,tt3565486
"Monster High: Frights, Camera, Action!",2014.0,Animation,6.8,1474,tvMovie,tt3565904
Connected,2025.0,Documentary,6.8,81,movie,tt35663311
Broken,2025.0,Romance,7.6,84,tvMiniSeries,tt35664659
My Girl,2025.0,Romance,8.2,168,tvMiniSeries,tt35664696
About Time,2025.0,Drama,8.5,11,movie,tt35666357
Cooked,2015.0,Drama,7.6,44,tvSeries,tt3567196
The Visit,2015.0,"Horror,Mystery,Thriller",6.3,178630,movie,tt3567288
Supernatural,2025.0,Documentary,7.3,15,movie,tt35675138
Tiger,2025.0,Drama,7.7,27,movie,tt35677385
Solo,2025.0,Documentary,4.9,25,movie,tt35678383
Whispers,2025.0,"Horror,Mystery,Thriller",6.6,371,movie,tt35680929
The C Word,2015.0,Drama,7.5,558,tvMovie,tt3568218
Girlfriends,2025.0,"Drama,Romance",6.3,126,movie,tt35683790
Legend,2015.0,"Biography,Crime,Drama",6.9,226351,movie,tt3569230
Cuckoo,2014.0,"Drama,Romance",7.8,956,movie,tt3569652
Naan Sigappu Manithan,2014.0,"Action,Crime,Drama",6.5,1300,movie,tt3569788
Gurgaon,2023.0,"Comedy,Drama",7.7,381,tvMiniSeries,tt35698237
Los Herederos,2024.0,,6.3,9,movie,tt35703665
The Forest,2024.0,Adventure,5.3,72,movie,tt35717946
Neruda,2014.0,"Action,Drama,History",5.5,82,movie,tt3571882
Run,2025.0,"Sci-Fi,Thriller",2.5,530,movie,tt35719293
Candyman,2013.0,"Action,Mystery",5.7,52,movie,tt3573138
Forget Me Not,2014.0,"Drama,Thriller",8.6,9,tvSeries,tt3573368
Fishtail,2014.0,Documentary,7.2,76,movie,tt3574306
Blue Jay,2016.0,"Action,Drama,Thriller",4.6,352,movie,tt3574352
Hedgehogs,2016.0,Animation,4.0,381,movie,tt3574822
Lorai: Play to Live,2015.0,Drama,7.0,177,movie,tt3577244
Gelo,2016.0,"Drama,Fantasy,Mystery",5.4,174,movie,tt3577616
The Challenge,1955.0,Drama,5.8,46,tvMovie,tt3578542
Beyond the Clouds,2014.0,"Drama,Romance",7.4,100,tvSeries,tt3580162
Heidi,2014.0,Horror,4.7,829,movie,tt3581478
The Game,2025.0,"Crime,Drama",6.5,2471,tvMiniSeries,tt35822329
Justice,2025.0,Drama,3.9,321,movie,tt35823829
Babies,2025.0,Drama,6.5,476,tvSeries,tt35838027
Iris,2025.0,"Drama,Romance",4.6,10,movie,tt35851676
Ladies First,2014.0,"Comedy,Documentary",7.0,16,movie,tt3587050
Only the Dead,2015.0,"Biography,Documentary,History",7.6,3627,movie,tt3587396
Unruly Friends,2012.0,"Drama,Mystery,Romance",5.4,183,movie,tt3587480
The Stolen,2025.0,Documentary,8.9,62,movie,tt35886441
Puffin Rock,2015.0,"Animation,Family",8.6,1447,tvSeries,tt3590338
Aftermath,2014.0,"Action,Drama,Thriller",6.2,75,tvSeries,tt3591956
The Forest,2014.0,"Documentary,History",7.0,31,movie,tt3592218
Us and Them,2017.0,"Crime,Drama,Thriller",5.3,835,movie,tt3592750
The Workshop,2024.0,Comedy,6.2,12,tvSeries,tt35929063
Invictus,2026.0,"Crime,Drama,Romance",5.2,8,movie,tt35929985
Lovesick,2025.0,"Drama,Romance",6.7,557,movie,tt35933611
The Captive,2025.0,Drama,2.5,7,movie,tt35946784
Prem Ratan Dhan Payo,2015.0,"Action,Drama,Musical",4.5,26195,movie,tt3595298
Henry Danger,2014.0,"Action,Comedy,Drama",6.4,11395,tvSeries,tt3596174
Bella and the Bulldogs,2015.0,"Comedy,Drama,Family",5.4,3007,tvSeries,tt3596178
Once Upon a Time,2014.0,"Documentary,Drama,Family",6.8,63,movie,tt3596274
The Secret,2013.0,Documentary,6.2,22,movie,tt3596332
Home for Christmas,2014.0,"Comedy,Romance",5.4,395,movie,tt3596436
Anjaan,2026.0,Thriller,8.0,5,movie,tt35978097
3 Türken & ein Baby,2015.0,Comedy,5.4,1981,movie,tt3598648
Gemini,2016.0,"Action,Crime,Drama",7.8,18,tvMovie,tt3599298
Swearnet Live,2014.0,Comedy,5.4,646,movie,tt3599642
Super Wings,2015.0,"Adventure,Animation,Family",5.9,571,tvSeries,tt3600266
Accident,2012.0,Drama,7.3,95,movie,tt3602460
Last Night,2014.0,"Comedy,Drama,Romance",6.6,161,movie,tt3602660
Aurora,2014.0,Drama,6.5,117,movie,tt3603470
The Diabolical,2015.0,"Horror,Sci-Fi",4.7,6040,movie,tt3603808
Transformers: Robots in Disguise,2014.0,"Action,Adventure,Animation",6.0,1711,tvSeries,tt3604232
Dirty Money,2007.0,Crime,3.3,55,tvSeries,tt3605186
Knock Knock,2015.0,"Crime,Thriller",4.9,116719,movie,tt3605418
Idiotest,2014.0,Game-Show,6.1,466,tvSeries,tt3607166
Punjab 1984,2014.0,"Drama,Family,History",8.3,3119,movie,tt3607198
Romeo Ranjha,2014.0,"Action,Comedy,Romance",4.8,111,movie,tt3607226
The Competition,2014.0,"Comedy,Family,Music",6.2,9,movie,tt3607360
In a Valley of Violence,2016.0,"Action,Drama,Western",6.1,22518,movie,tt3608930
Grace and Frankie,2015.0,"Comedy,Drama",8.2,62450,tvSeries,tt3609352
Redemption,2025.0,"Drama,Horror",5.1,24,movie,tt36095210
W1A,2014.0,Comedy,7.8,3710,tvSeries,tt3610926
"Monster High: Scaris, City of Frights",2013.0,Animation,6.9,1233,tvMovie,tt3611432
Hidden Worlds,2026.0,Documentary,6.1,1493,movie,tt36122703
Wildlife,2025.0,Reality-TV,8.4,7,tvMiniSeries,tt36129489
Shadow of Truth,2017.0,"Crime,Documentary,Mystery",8.1,275,movie,tt3613726
Ankhon Dekhi,2013.0,"Comedy,Drama",7.9,13900,movie,tt3614516
Jem and the Holograms,2015.0,"Adventure,Drama,Family",4.2,8762,movie,tt3614530
Helios,2015.0,"Action,Crime,Drama",5.5,1453,movie,tt3614922
Skiptrace,2024.0,"Action,Crime",6.2,13,movie,tt36163908
Semana Santa,2015.0,Drama,6.1,269,movie,tt3616724
Rolling Papers,2015.0,"Biography,Documentary,News",6.2,523,movie,tt3621360
Fate/stay night [Unlimited Blade Works],2014.0,"Action,Adventure,Animation",8.0,11201,tvSeries,tt3621796
Don't Knock Twice,2016.0,"Drama,Fantasy,Horror",5.1,15962,movie,tt3622110
Kilo Two Bravo,2014.0,"Biography,Drama,Thriller",7.1,15767,movie,tt3622120
MindGamers,2015.0,"Action,Sci-Fi,Thriller",3.6,1305,movie,tt3625516
Kiss & Cry,2011.0,Fantasy,7.1,89,movie,tt3625930
Hostages,2025.0,Comedy,3.7,185,movie,tt36264604
Spanish Affair 2,2015.0,"Comedy,Romance",5.4,8663,movie,tt3626742
Aftershock,2025.0,Drama,7.6,29,movie,tt36304451
Barbie Dreamhouse Adventures: Go Team Roberts,2019.0,Animation,7.1,28,tvMiniSeries,tt36314975
The Bleeding Edge,2016.0,"Crime,Thriller",6.6,145,movie,tt3633032
Scarecrow,2025.0,Drama,6.3,10,movie,tt36330330
The Chase,2025.0,"Documentary,Thriller",7.7,8,movie,tt36332614
Conspiracy,2025.0,Documentary,7.0,11,movie,tt36350040
Dude,2025.0,"Action,Comedy,Drama",6.3,10289,movie,tt36388163
Fireflies,2025.0,"Drama,Mystery",4.8,116,tvSeries,tt36411507
Sweetheart,2025.0,"Drama,Family",7.0,720,movie,tt36454256
Cursed,2025.0,"Horror,Thriller",6.0,245,movie,tt36461739
Blood Father,2016.0,"Action,Crime,Drama",6.4,71186,movie,tt3647498
Brothers,2015.0,Documentary,7.6,394,movie,tt3650484
Roh's Beauty,2014.0,Drama,3.4,700,movie,tt3650534
Fire at Sea,2016.0,Documentary,6.7,6295,movie,tt3652526
Morris from America,2016.0,"Comedy,Drama,Romance",6.3,5815,movie,tt3652862
In Between,2025.0,"Drama,Romance",5.9,28,movie,tt36537546
Creep 2,2017.0,"Horror,Thriller",6.4,41332,movie,tt3654796
Imago,2025.0,Documentary,6.7,85,movie,tt36553675
Good Luck,2025.0,"Comedy,Drama,Romance",5.9,14,movie,tt36579008
The Square,2025.0,"Animation,Drama,Romance",6.8,62,movie,tt36591286
Mute,2025.0,"Comedy,Horror,Thriller",9.3,35,tvMiniSeries,tt36591581
Til Death Do Us Part,2014.0,"Crime,Drama,Horror",4.7,411,tvMovie,tt3661016
Accidental Obsession,2015.0,"Drama,Thriller",5.0,354,tvMovie,tt3661104
Septembers of Shiraz,2015.0,"Drama,History,Thriller",6.2,6297,movie,tt3661298
Wanted,2025.0,Action,6.0,49,movie,tt36617682
One More Time,2015.0,"Comedy,Drama,Music",5.0,3696,movie,tt3662066
Money Talks,2014.0,Reality-TV,6.8,41,tvSeries,tt3665326
Hollywood,2015.0,"Comedy,Drama",5.4,45,movie,tt3665818
Blood Pact,2025.0,Thriller,6.6,10,movie,tt36667152
Boss,2013.0,Action,5.9,909,movie,tt3667436
Natural Selection,2016.0,"Crime,Drama,Mystery",5.1,2528,movie,tt3667792
Faraar,1995.0,Action,6.8,8,movie,tt3669176
Palio,2015.0,"Documentary,Drama,Sport",7.3,776,movie,tt3669520
Natural Born Pranksters,2016.0,Comedy,3.6,3809,movie,tt3671086
Holding the Man,2015.0,"Biography,Drama,History",7.5,14333,movie,tt3671542
Private Lives,2013.0,Comedy,7.9,110,movie,tt3671752
Pottersville,2017.0,Comedy,5.5,5566,movie,tt3672120
Kingdom,2014.0,"Drama,Sport",8.5,21501,tvSeries,tt3673794
House Arrest,2025.0,Reality-TV,7.1,88,tvSeries,tt36747506
The Doll,2025.0,"Comedy,Romance",5.6,308,movie,tt36749000
French Dirty,2015.0,"Comedy,Drama",5.0,303,movie,tt3675504
First Love,2025.0,,7.9,10,movie,tt36776565
Humpty Sharma Ki Dulhania,2014.0,"Comedy,Drama,Romance",6.0,15676,movie,tt3678938
The Grandmaster,2025.0,Action,6.6,10,tvMiniSeries,tt36816334
Angel Eyes,2014.0,"Drama,Romance",7.3,653,tvSeries,tt3681890
Entangled,2025.0,Drama,7.4,20,tvMiniSeries,tt36819882
Wanted,2025.0,"Adult,Crime,Drama",5.3,8,tvMiniSeries,tt36837340
Bad Blood,2015.0,"Action,Crime,Drama",4.7,494,movie,tt3685022
Ibiza,2018.0,"Comedy,Romance",5.2,19505,movie,tt3685236
3 Idiots,2017.0,Comedy,4.4,1675,movie,tt3685624
The Runner,2015.0,Drama,4.7,6288,movie,tt3687398
Zoo,2017.0,"Adventure,Family,History",6.5,1630,movie,tt3688342
Made in China,2020.0,"Adventure,Crime,Drama",4.9,63,movie,tt3688544
The Cravings,2013.0,"Comedy,Drama,Romance",7.5,68,tvSeries,tt3689488
Alone,2014.0,"Horror,Thriller",4.6,19,movie,tt3689680
Miss Hokusai,2015.0,"Animation,Biography,Drama",6.7,3763,movie,tt3689910
Sarajevo,2014.0,"Drama,History,War",6.7,3017,tvMovie,tt3691446
VeggieTales in the House,2014.0,"Adventure,Animation,Comedy",4.2,426,tvSeries,tt3692064
The Promise,2026.0,"Drama,Romance",8.9,8,movie,tt36931219
The Captive,2024.0,Action,6.9,63,movie,tt36932878
Tabula Rasa,2014.0,Drama,7.5,218,movie,tt3694000
One on One,2014.0,"Crime,Drama,Thriller",5.7,1280,movie,tt3696126
Yu-Gi-Oh! Arc-V,2014.0,"Adventure,Animation,Fantasy",6.2,1012,tvSeries,tt3696476
Shutter,2025.0,"Horror,Mystery,Thriller",5.1,598,movie,tt36984392
Occupied,2024.0,Documentary,6.8,59,movie,tt36997437
Heidi,2015.0,"Drama,Family",7.5,8534,movie,tt3700392
Blinky Bill the Movie,2015.0,"Adventure,Animation,Family",5.1,966,movie,tt3700456
Bittersweet,2025.0,"Crime,Drama,Mystery",4.8,15,movie,tt37022400
Salem: His Sister's Father,2014.0,"Comedy,Drama",3.1,155,movie,tt3703498
Standoff,2016.0,"Action,Crime,Drama",6.1,9787,movie,tt3703908
Remember,2015.0,"Drama,Mystery,Thriller",7.5,30061,movie,tt3704050
Vincent N Roxxy,2016.0,"Crime,Drama,Thriller",5.5,2480,movie,tt3704298
Brain on Fire,2016.0,"Biography,Drama",6.6,26374,movie,tt3704700
Cursed,2017.0,"Drama,War",5.7,527,movie,tt3705608
The Guest,2025.0,"Drama,Thriller",5.5,1004,tvSeries,tt37065878
Mine,2016.0,"Drama,Thriller,War",5.8,22944,movie,tt3707104
By the Sea,2015.0,"Drama,Romance",5.3,23848,movie,tt3707106
Ludo,2014.0,"Drama,Horror,Mystery",4.6,64,movie,tt3707316
The Call,2025.0,Documentary,6.7,9,movie,tt37075535
War on Everyone,2016.0,"Action,Comedy,Crime",5.8,22061,movie,tt3708886
The Kindergarten Teacher,2014.0,Drama,6.6,1489,movie,tt3709678
The Warning,2018.0,"Crime,Drama,Fantasy",5.9,7275,movie,tt3711510
Glitch,2025.0,Action,6.4,6,movie,tt37121222
The Last Dance,2014.0,Drama,6.6,58,movie,tt3712638
I Am Michael,2015.0,"Biography,Drama,Romance",5.6,6130,movie,tt3713030
Unfriended,2014.0,"Drama,Fantasy,Horror",5.6,88130,movie,tt3713166
She's Gotta Have It,2017.0,"Comedy,Drama",7.0,5354,tvSeries,tt3713588
Maniac,2015.0,"Comedy,Drama",7.1,473,tvSeries,tt3714902
Love Around,2013.0,Romance,7.5,176,tvSeries,tt3715634
Frequency,2013.0,"Fantasy,Sci-Fi",4.4,19,tvSeries,tt3715746
Naked,2025.0,Drama,6.3,224,tvMiniSeries,tt37158598
Cuckoo,2024.0,Horror,4.4,46,movie,tt37165830
Godless,2015.0,Drama,5.8,646,movie,tt3717192
Abhinetri,2015.0,Biography,4.2,39,movie,tt3718164
The Daughter,2025.0,Drama,3.0,13,movie,tt37186208
The Last Summer,2025.0,Drama,6.2,5,movie,tt37186218
Guilty,2015.0,"Drama,Romance",5.4,123,movie,tt3719416
Family Business,2004.0,Drama,7.7,16,tvSeries,tt3720254
God's Own Country,2014.0,Drama,6.3,441,movie,tt3720636
Revenge,2015.0,"Drama,Thriller",5.7,761,movie,tt3721256
American Honey,2016.0,"Adventure,Drama,Romance",7.0,50258,movie,tt3721936
Bokeh,2017.0,"Drama,Sci-Fi",5.0,8292,movie,tt3722062
Revolt,2017.0,"Action,Adventure,Sci-Fi",5.3,10959,movie,tt3722614
Monkey Planet,2014.0,Documentary,8.5,122,tvMiniSeries,tt3723820
Dil Vil Pyaar Vyaar,2014.0,Family,6.6,112,movie,tt3723864
Ludo,2015.0,"Fantasy,Horror,Thriller",2.8,1074,movie,tt3724898
Catch Me If You Can,2025.0,Drama,7.9,59,tvMiniSeries,tt37269296
The Silent War,2013.0,Documentary,7.3,43,tvMiniSeries,tt3729408
Rapture,2017.0,"Horror,Mystery,Sci-Fi",5.2,14,tvSeries,tt3729770
Hap and Leonard,2016.0,"Crime,Drama,Mystery",7.6,8838,tvSeries,tt3729898
Puerto Ricans in Paris,2015.0,"Comedy,Crime",5.4,2020,movie,tt3730510
Dark Matter,2014.0,"Drama,Mystery,Thriller",4.7,56,movie,tt3731244
Jatt James Bond,2014.0,Comedy,6.8,829,movie,tt3732110
When Angels Sleep,2018.0,"Adventure,Drama,Horror",5.5,4438,movie,tt3732280
Psycho,2022.0,Action,4.9,8,movie,tt37334823
The Trust,2016.0,"Action,Crime,Drama",5.5,22135,movie,tt3733774
Imposters,2026.0,"Crime,Drama,Fantasy",6.9,294,movie,tt37340919
Point Blank,2015.0,"Crime,Documentary,History",7.7,22,movie,tt3735086
Selfless,2025.0,Drama,9.4,33,movie,tt37369903
Delirium,2025.0,Drama,6.0,767,tvMiniSeries,tt37388093
Dead to Me,2025.0,"Comedy,Horror,Romance",8.3,9,movie,tt37403563
Possessed,2014.0,"Animation,Comedy,Horror",6.1,533,movie,tt3740416
Run,2026.0,"Biography,Crime,Drama",6.8,452,tvMiniSeries,tt37404204
Gardeners of Eden,2014.0,"Adventure,Documentary,Drama",8.0,121,movie,tt3740782
Real Rob,2015.0,Comedy,6.2,3406,tvSeries,tt3741346
Life,2007.0,"Documentary,Drama,Fantasy",5.2,40,movie,tt3742100
Khushi,2003.0,"Comedy,Drama,Romance",7.5,49,movie,tt3742262
Made in China,2014.0,Comedy,5.0,150,movie,tt3742398
The Yard,2025.0,Drama,8.6,11,tvSeries,tt37427298
Akame ga Kill!,2014.0,"Action,Animation,Comedy",7.7,39071,tvSeries,tt3742982
Match,2025.0,Horror,5.3,2029,movie,tt37436190
Our House,2025.0,Horror,5.5,291,movie,tt37443755
Maria,2025.0,,5.8,269,movie,tt37444485
Elena,2014.0,"Comedy,Romance",5.7,126,movie,tt3747268
Captive,2016.0,"Drama,Horror,Sci-Fi",4.2,119,movie,tt3747550
Gerald's Game,2017.0,"Drama,Horror,Thriller",6.5,143631,movie,tt3748172
Blue Mountain State: The Rise of Thadland,2016.0,"Comedy,Sport",5.7,18149,movie,tt3748440
The Hunt,2014.0,Documentary,6.5,47,tvSeries,tt3749330
Gotham,2014.0,"Action,Crime,Drama",7.8,253070,tvSeries,tt3749900
Invisible,2025.0,Drama,7.4,45,movie,tt37517041
Dark Light,2025.0,Drama,7.1,9,tvMiniSeries,tt37526947
Namour,2016.0,Drama,6.2,60,movie,tt3752896
The Square,2013.0,Documentary,7.3,10,movie,tt3753108
Rebellion,2014.0,Documentary,6.5,12,movie,tt3753660
Together,2014.0,Documentary,6.8,5,movie,tt3753812
Becoming,2025.0,Drama,6.3,129,movie,tt37538582
Back to the 90s,2026.0,"Comedy,Romance",4.1,375,movie,tt37540328
Champions,2024.0,"Action,Animation,Comedy",3.8,5,tvSeries,tt37540526
The Five,2013.0,"Action,Crime,Thriller",6.5,1078,movie,tt3754322
Recall,2017.0,"Crime,Drama,Thriller",3.0,295,movie,tt3754662
Forgotten,2025.0,Drama,3.7,329,tvSeries,tt37546794
Ashes of Love,2025.0,Drama,7.6,38,tvMiniSeries,tt37547521
Mercy,2023.0,Drama,8.0,5,movie,tt37547787
Easy Fortune Happy Life,2009.0,"Comedy,Romance",6.5,88,tvMiniSeries,tt3756460
The Monster,2015.0,"Drama,Mystery",2.5,213,movie,tt3757216
Heartbreakers,2014.0,"Comedy,Crime",5.8,95,tvMiniSeries,tt3758150
Blood Money,2017.0,"Action,Adventure,Crime",4.5,2845,movie,tt3758852
The Dreamer,2025.0,Documentary,6.2,11,movie,tt37592938
People Just Do Nothing,2014.0,"Comedy,Music",8.5,9197,tvSeries,tt3762198
Betting on Zero,2016.0,Documentary,7.1,5900,movie,tt3762912
Zoom,2015.0,"Animation,Comedy,Drama",6.1,3104,movie,tt3763866
Love Is a Story,2015.0,"Comedy,Romance",5.9,526,movie,tt3764686
Gemini,2014.0,"Drama,Horror,Thriller",6.5,11,movie,tt3764970
A Noble Intention,2015.0,"Drama,History",6.7,2476,movie,tt3765078
The Secret,2025.0,"Adventure,Romance,Thriller",7.7,663,movie,tt37660568
Listen,2017.0,Drama,9.2,38,movie,tt3766102
Sofia the First,2013.0,Adventure,8.8,33,tvSeries,tt37675084
The Plan,2026.0,"Crime,Drama,Thriller",8.2,49,movie,tt37675364
Manhunt,2024.0,"Adventure,Crime,Thriller",9.2,24,tvSeries,tt37677064
Aquarius,2015.0,"Biography,Crime,Drama",7.0,14199,tvSeries,tt3768572
She's Dating the Gangster,2014.0,"Comedy,Drama,Romance",7.0,1517,movie,tt3772640
Iron Ladies,2025.0,Documentary,7.5,17,movie,tt37729606
Camp X,2014.0,"Drama,History,War",7.7,98,tvMovie,tt3772982
Snowden,2016.0,"Biography,Crime,Drama",7.3,174242,movie,tt3774114
Love,2015.0,"Drama,Romance",6.1,74728,movie,tt3774694
Zubaan,2015.0,Drama,6.0,568,movie,tt3776484
Delirium,2014.0,Comedy,4.6,400,movie,tt3778394
Solo: A Star Wars Story,2018.0,"Action,Adventure,Sci-Fi",6.9,414126,movie,tt3778644
Attacking the Devil: Harold Evans and the Last Nazi War Crime,2014.0,Documentary,7.9,683,movie,tt3779818
Kingdom,2025.0,,6.1,35,movie,tt37858690
Revelations,2014.0,Drama,5.4,10,movie,tt3786448
Brown Nation,2016.0,Comedy,6.7,747,tvSeries,tt3787402
We Are Your Friends,2015.0,"Drama,Music,Romance",6.2,42824,movie,tt3787590
Toro,2025.0,Documentary,7.7,6,movie,tt37895388
Smoke & Mirrors,2023.0,Drama,8.1,8,tvSeries,tt37897806
New Money,2025.0,Comedy,6.3,241,movie,tt37923632
Victor,2023.0,Thriller,7.2,113,movie,tt3793544
Pizza,2014.0,"Horror,Mystery,Thriller",6.2,1640,movie,tt3794302
Sangam,1997.0,"Drama,Musical,Romance",6.3,24,movie,tt3794306
The Trial,2014.0,Drama,5.3,10,tvMovie,tt3796066
Grand Hotel,2015.0,"Drama,Romance",7.2,182,tvSeries,tt3796750
K,2015.0,Drama,6.2,69,movie,tt3796754
Broken,2026.0,"Crime,Horror,Thriller",6.6,34,movie,tt37969114
The Kirlian Frequency,2025.0,"Animation,Horror",7.5,45,movie,tt37975377
Revenge,2026.0,"Action,Crime,Thriller",5.5,2051,movie,tt37989803
The Kissing Booth,2018.0,"Comedy,Romance",5.9,105756,movie,tt3799232
6 Years,2015.0,"Drama,Romance",5.5,13617,movie,tt3799372
At All Costs,2016.0,"Documentary,Sport",6.5,403,movie,tt3800222
Brothers,2015.0,"Action,Drama,Sport",6.4,15714,movie,tt3802576
Game,2025.0,"Horror,Thriller",6.2,58,movie,tt38044308
Roots,2022.0,Drama,2.2,30,movie,tt3806826
All Hail King Julien,2014.0,"Action,Adventure,Animation",7.2,2996,tvSeries,tt3807022
The Adventures of Puss in Boots,2015.0,"Action,Adventure,Animation",6.5,3083,tvSeries,tt3807034
Now More Than Ever: The History of Chicago,2016.0,"Biography,Documentary,History",7.2,761,movie,tt3807496
Antidote,2018.0,"Action,Adventure,Horror",2.6,393,movie,tt3809960
Socha Na Tha,2014.0,Drama,6.8,28,tvMovie,tt3810012
Minimalism: A Documentary About the Important Things,2015.0,Documentary,6.6,17108,movie,tt3810760
Cop Car,2015.0,"Crime,Thriller",6.3,36865,movie,tt3813310
My Beautiful Broken Brain,2014.0,"Biography,Documentary",7.0,2561,movie,tt3815136
Chamatkar,1995.0,Comedy,7.5,46,tvSeries,tt3818886
Powder,2026.0,Drama,7.9,10,movie,tt38189759
The Trial,2014.0,"Crime,Drama,Family",6.7,172,movie,tt3819170
Unriddle,2010.0,"Action,Adventure,Drama",7.3,42,tvSeries,tt3819614
Cold Feet,2014.0,"Crime,Drama",8.5,14,tvSeries,tt3823930
Monster High: Freaky Fusion,2014.0,"Animation,Comedy,Family",6.9,1467,tvMovie,tt3824344
Results,2015.0,"Comedy,Romance",5.5,8000,movie,tt3824412
Connected,2015.0,Documentary,9.0,16,tvSeries,tt3824718
Pants on Fire,2014.0,"Comedy,Family",5.2,1372,tvMovie,tt3826338
Dark Places,2026.0,Horror,5.3,28,movie,tt38275455
The Hollow,2016.0,"Crime,Drama,Mystery",4.7,3436,movie,tt3827684
The Perfect Match,2010.0,Romance,3.2,8,movie,tt3827944
The Amazing Praybeyt Benjamin,2014.0,"Action,Comedy,Fantasy",4.4,297,movie,tt3828220
Stephanie,2017.0,"Horror,Mystery",5.8,6890,movie,tt3829378
Versailles,2015.0,"Biography,Drama,History",7.9,20664,tvSeries,tt3830558
Cabin Fever,2016.0,"Horror,Sci-Fi,Thriller",3.8,12339,movie,tt3832096
The Outpost,2019.0,"Action,Drama,History",6.9,48606,movie,tt3833480
Tinker',2017.0,"Drama,Family,Sci-Fi",5.2,953,movie,tt3833682
The Visit: An Alien Encounter,2015.0,Documentary,5.9,790,movie,tt3833746
Spotless,2015.0,"Crime,Drama",7.7,4209,tvSeries,tt3834000
Holy Hell,2015.0,"Action,Comedy,Horror",4.2,149,movie,tt3835612
Sinatra: All or Nothing at All,2015.0,"Biography,Documentary,Music",8.0,2577,tvMiniSeries,tt3838978
Yoga Hosers,2016.0,"Action,Comedy,Horror",4.3,16711,movie,tt3838992
Chelsea,2014.0,"Comedy,Drama",6.5,30,movie,tt3839566
The Son,2017.0,"Drama,History,Western",7.5,8710,tvSeries,tt3839822
The Intent,2016.0,"Crime,Drama",4.4,978,movie,tt3842614
Z Nation,2014.0,"Action,Comedy,Drama",6.7,42357,tvSeries,tt3843168
The Shaukeens,2014.0,Comedy,4.8,3424,movie,tt3848888
Baby,2015.0,"Action,Thriller",7.9,63614,movie,tt3848892
Raising the Bar,2024.0,"Comedy,Drama",9.4,5,tvMovie,tt38494933
Operator,2015.0,"Action,Thriller",4.3,2428,movie,tt3849692
Dope,2015.0,"Adventure,Comedy,Crime",7.2,92245,movie,tt3850214
The Art of War,2026.0,"Comedy,Drama,Mystery",5.9,166,tvSeries,tt38518572
Borderline,2014.0,"Crime,Drama,Mystery",6.5,406,tvMovie,tt3851900
Full Count,2019.0,"Drama,Fantasy,Sport",5.7,766,movie,tt3852042
The Great Train Robbery,2025.0,"Drama,Western",7.8,5,movie,tt38534183
The Tiger Hunter,2016.0,Comedy,6.0,1189,movie,tt3853830
Redemption,2025.0,"Documentary,Sport",9.3,17,tvMiniSeries,tt38552992
Agent,2013.0,Crime,5.1,17,tvSeries,tt3855304
Mighty Raju Rio Calling,2014.0,Animation,6.4,87,movie,tt3855406
Gemini,2025.0,Drama,6.7,25,tvMiniSeries,tt38582131
Mune: Guardian of the Moon,2014.0,"Adventure,Animation,Comedy",7.1,8973,movie,tt3858372
Mohenjo Daro,2016.0,"Action,Adventure,Drama",5.7,13854,movie,tt3859980
Everything About Her,2016.0,"Comedy,Drama",7.3,427,movie,tt3860092
Cargo,2017.0,"Drama,Horror,Sci-Fi",6.3,53114,movie,tt3860916
Live,2015.0,"Drama,Thriller",6.0,331,movie,tt3861802
Soldier,2025.0,Action,8.2,67,movie,tt38630577
What Lies Beneath,2025.0,"Action,Crime,Drama",7.7,38,tvSeries,tt38631824
School Life,2025.0,"Drama,Romance",8.1,2016,movie,tt38633456
King Jack,2015.0,"Adventure,Drama",6.9,3552,movie,tt3863484
Versailles,2025.0,Comedy,8.5,35,movie,tt38640125
Unstoppable,2024.0,"Drama,Sport",6.8,5580,movie,tt3864060
May We Chat,2014.0,Drama,4.9,350,movie,tt3864758
Into the Badlands,2015.0,"Action,Adventure,Drama",7.9,53250,tvSeries,tt3865236
An Innocent Mistake,2012.0,Drama,7.0,21,tvSeries,tt3866494
Haunted,2014.0,"Action,Documentary,Drama",7.4,28,movie,tt3868406
Married at First Sight,2014.0,"Reality-TV,Romance",6.2,3036,tvSeries,tt3868860
The Magic School Bus Rides Again,2017.0,"Adventure,Animation,Comedy",6.3,1085,tvSeries,tt3869122
Tiny House Nation,2014.0,Reality-TV,7.1,1425,tvSeries,tt3869500
The Irregular at Magic High School,2014.0,"Action,Animation,Drama",7.0,4987,tvSeries,tt3874528
Shadow,2025.0,Action,8.2,6,movie,tt38745861
Persona,2025.0,"Crime,Drama,Mystery",7.1,400,tvMiniSeries,tt38752891
Figures of Speech,2015.0,"Comedy,Documentary,Drama",7.5,34,movie,tt3876494
Borderline,2025.0,Drama,7.0,75,movie,tt38784511
Justice,2025.0,Drama,6.6,17,tvMiniSeries,tt38784922
Diary of a Chambermaid,2026.0,"Comedy,Drama",6.9,140,movie,tt38785098
Total Frat Movie,2016.0,Comedy,4.4,994,movie,tt3879074
Conspiracy,2026.0,"Action,Crime,Thriller",4.9,19,movie,tt38798572
Station Horizon,2015.0,"Comedy,Drama",7.6,67,tvSeries,tt3880754
The Boy,2016.0,"Horror,Mystery,Thriller",6.0,108924,movie,tt3882082
Boss,2026.0,"Crime,Thriller",9.6,562,movie,tt38840393
Kingdom,2025.0,"Documentary,Family",8.7,587,tvMiniSeries,tt38848632
Justice,2014.0,"Drama,Thriller",5.3,30,movie,tt3886718
Battle,2026.0,"Drama,Romance",6.8,1035,movie,tt38890924
Undercover Grandpa,2017.0,"Action,Comedy,Family",5.3,2948,movie,tt3891538
Spark,2014.0,Action,5.7,57,movie,tt3893476
Locust,2014.0,"Crime,Drama,Thriller",5.7,797,movie,tt3893620
Persona,2025.0,Talk-Show,3.4,9,tvSeries,tt38948524
Stateless,2025.0,Action,2.1,9,movie,tt38954681
Break Up 100,2014.0,"Comedy,Romance",5.8,324,movie,tt3898860
The Gospel of Luke,2015.0,Drama,7.2,543,movie,tt3900196
Flowers,2014.0,Drama,6.7,3307,movie,tt3900206
The Breadwinner,2017.0,"Animation,Drama,War",7.7,31233,movie,tt3901826
Ordinary People,2020.0,"Comedy,Drama",8.8,10,tvMovie,tt39031990
Lady of Steel,2014.0,"Crime,Drama,Romance",6.7,558,tvSeries,tt3904068
The Last Resort,2025.0,"Mystery,Romance,Thriller",5.5,25,movie,tt39045361
The Innocents,2026.0,"Crime,Drama,Romance",8.9,66,tvSeries,tt39049268
The Player,2025.0,Drama,6.4,29,tvSeries,tt39054353
The Neighbor,2017.0,"Romance,Thriller",4.8,6649,movie,tt3905764
The Short Game,2014.0,"Documentary,Family,Sport",7.7,30,tvSeries,tt3906396
Good Witch,2015.0,"Comedy,Drama,Fantasy",7.3,13956,tvSeries,tt3906732
The Seven Deadly Sins,2014.0,"Action,Adventure,Animation",7.6,47497,tvSeries,tt3909224
Brothers,2014.0,Drama,7.0,39,tvSeries,tt3910224
The Chosen One,2025.0,"Action,Comedy,Fantasy",7.8,17,tvSeries,tt39104922
Inspector Gadget,2015.0,"Action,Adventure,Animation",4.7,927,tvSeries,tt3910690
Drive,2025.0,,4.5,278,movie,tt39109036
Sister Code,2015.0,"Comedy,Drama,Romance",4.3,454,movie,tt3912040
Dean,2016.0,"Comedy,Drama,Romance",6.3,2895,movie,tt3914332
The Player,2012.0,"Comedy,Drama,Romance",5.0,567,movie,tt3914450
Bad Guys,2014.0,"Action,Crime,Thriller",7.7,2150,tvSeries,tt3914520
The Code,2014.0,"Crime,Drama,Thriller",7.4,4635,tvSeries,tt3914672
Hugo,2026.0,"Comedy,Drama",6.1,151,movie,tt39149806
1914: The Western Front,2014.0,"Drama,History,War",5.0,388,movie,tt3915184
Being AP,2015.0,"Documentary,Sport",6.6,339,movie,tt3916100
Desire,2025.0,Drama,8.8,12,movie,tt39167158
Reign,2015.0,Drama,7.0,30,movie,tt3918010
Wanted,2026.0,"Action,Comedy",5.4,8,movie,tt39195598
Banana Split,2025.0,,9.0,7,movie,tt39197334
Master,2026.0,Drama,7.9,7,movie,tt39205488
Heartland,2016.0,"Drama,Romance",6.1,981,movie,tt3920890
Scream: The TV Series,2015.0,"Comedy,Crime,Drama",7.0,48740,tvSeries,tt3921180
The Siege of Jadotville,2016.0,"Action,Drama,Thriller",7.2,48711,movie,tt3922798
Santa Claws,2014.0,"Family,Fantasy",3.1,926,movie,tt3922810
The Daughter,2015.0,Drama,6.6,5750,movie,tt3922816
The Space Between Us,2017.0,"Drama,Romance,Sci-Fi",6.4,59095,movie,tt3922818
The Rezort,2015.0,"Horror,Sci-Fi,Thriller",5.3,10152,movie,tt3923662
Pablo,2016.0,Drama,4.8,19,movie,tt3924068
The Scarecrow,2026.0,"Crime,Drama,Mystery",8.2,1434,tvSeries,tt39245629
Pandora,2026.0,Reality-TV,6.2,14,tvSeries,tt39305428
Once Again,2024.0,Drama,5.7,19,movie,tt39320143
Accident,2026.0,Thriller,7.1,55,tvSeries,tt39357958
In Darkness,2026.0,"Drama,Thriller",7.9,12,tvSeries,tt39366331
The Hunt,2026.0,Horror,7.1,23,movie,tt39370389
Nothing to Lose,2026.0,"Crime,Drama",5.6,586,movie,tt39385949
Sigaram Thodu,2014.0,"Action,Thriller",6.2,557,movie,tt3949626
The Similars,2015.0,"Horror,Mystery,Sci-Fi",5.8,4621,movie,tt3949658
The Tribe,2016.0,"Drama,Sci-Fi,Thriller",4.5,517,movie,tt3953186
Love Is Blind,2020.0,Comedy,5.4,48,movie,tt3955246
Gun Runners,2015.0,"Documentary,Sport",7.1,229,movie,tt3957170
Riot: From Rebellion to Redemption,2016.0,"Biography,Documentary,History",6.9,14,movie,tt3957212
Midnight Diner,2014.0,"Comedy,Drama",7.5,2859,movie,tt3958276
The After Party,2018.0,"Comedy,Music",5.8,5076,movie,tt3960240
Héroes,2015.0,Comedy,3.3,120,movie,tt3960728
Shutter,2014.0,"Drama,Family,Thriller",6.3,119,movie,tt3960994
The Woods,2014.0,Thriller,5.7,12,movie,tt3961536
The Black Prince,2017.0,"Drama,History",5.8,1141,movie,tt3962984
Marauders,2016.0,"Action,Adventure,Crime",5.5,24962,movie,tt3963816
Vroomiz,2012.0,"Adventure,Animation,Family",5.8,57,tvSeries,tt3964988
Okja,2017.0,"Action,Adventure,Drama",7.3,143040,movie,tt3967856
Illang: The Wolf Brigade,2018.0,"Action,Drama,Sci-Fi",6.0,6135,movie,tt3967878
The Nineties,2013.0,Comedy,4.4,234,tvSeries,tt3969212
Hole in the Wall,2014.0,Horror,4.2,75,movie,tt3969512
The Incident,2015.0,"Drama,Thriller",4.7,308,movie,tt3970806
The Perfect Dictatorship,2014.0,"Comedy,Drama",7.2,6768,movie,tt3970854
Frequency,2014.0,Sci-Fi,6.3,40,movie,tt3971092
The Surrounding Game,2018.0,"Documentary,Drama,History",6.6,394,movie,tt3973724
The Debt Collector,2026.0,"Action,Crime,Thriller",5.6,1315,movie,tt39749953
Rebirth,2020.0,Horror,2.6,265,movie,tt3976044
The Monster,2016.0,"Drama,Fantasy,Horror",5.4,21060,movie,tt3976144
Full Out,2015.0,"Biography,Drama,Family",6.3,3240,movie,tt3977462
4th Man Out,2015.0,"Comedy,Drama",6.7,11503,movie,tt3978720
Revenge,2016.0,"Action,Thriller",4.9,88,movie,tt3982768
A Good Wife,2013.0,Romance,7.6,39,tvSeries,tt3983112
Only,2019.0,"Drama,Romance,Sci-Fi",5.1,4143,movie,tt3984356
Canvas,2017.0,"Drama,Romance",5.7,25,movie,tt3986332
Tig,2015.0,"Biography,Documentary",7.4,2987,movie,tt3986532
Fuller House,2016.0,"Comedy,Drama,Family",6.7,31535,tvSeries,tt3986586
The Endless,2017.0,"Horror,Mystery,Sci-Fi",6.5,58064,movie,tt3986820
Rumble,2016.0,Action,3.8,349,movie,tt3991302
The Hurt Business,2016.0,"Documentary,Sport",6.4,994,movie,tt3993350
All Day and a Night,2020.0,Drama,6.0,4906,movie,tt3993886
The Fear,2025.0,"Drama,Horror,Mystery",8.4,14,tvSeries,tt39954367
Connected,2016.0,"Drama,Romance",9.2,8,movie,tt3996638
Hostages,2026.0,Crime,7.5,52,tvSeries,tt40018423
Deliha,2014.0,Comedy,4.6,5736,movie,tt4003066
Marseille,2016.0,Drama,6.9,5961,tvSeries,tt4003966
Colonia,2015.0,"Biography,Drama,History",7.0,60022,movie,tt4005402
Jeremy Scott: The People's Designer,2015.0,"Biography,Documentary",6.5,428,movie,tt4005668
The Challenge,1973.0,"Crime,Drama",7.8,9,movie,tt4006206
Hurricane Bianca,2016.0,"Comedy,Drama",5.9,7516,movie,tt4007248
The Influence,2019.0,Horror,4.6,4576,movie,tt4008566
Black,2015.0,"Action,Crime,Drama",7.0,4775,movie,tt4008758
Losers,2014.0,Short,3.0,11,tvSeries,tt4012388
The Midas Touch,2020.0,"Comedy,Horror",4.1,2660,movie,tt4016294
Supergirl,2015.0,"Action,Adventure,Drama",6.2,135916,tvSeries,tt4016454
Why Me?,2015.0,"Drama,Thriller",7.5,2847,movie,tt4016994
Welcome 2 Karachi,2015.0,"Comedy,War",4.4,1616,movie,tt4023852
Entangled,2014.0,Drama,7.5,73,movie,tt4023856
Made in China,2014.0,Drama,6.6,98,movie,tt4023930
Cursed,2017.0,Comedy,6.5,14,movie,tt4024312
Deep,2015.0,"Action,Crime,Drama",6.9,375,tvMiniSeries,tt4025156
Suburra,2015.0,"Action,Crime,Drama",7.4,23354,movie,tt4025514
The Hollow,2013.0,Horror,6.6,46,movie,tt4026982
The Innocents,2021.0,"Drama,Fantasy,Horror",7.0,30381,movie,tt4028464
The Bye Bye Man,2017.0,"Drama,Fantasy,Horror",4.3,27912,movie,tt4030600
Rats,2016.0,"Documentary,Horror",6.5,1637,movie,tt4033926
Alone,2017.0,Drama,7.0,28,movie,tt4034112
The Next Skin,2016.0,"Drama,Mystery,Thriller",6.1,2237,movie,tt4034208
Swiss Army Man,2016.0,"Comedy,Drama,Fantasy",6.9,142466,movie,tt4034354
The Boss's Daughter,2015.0,"Comedy,Drama,Romance",5.4,852,movie,tt4040042
Tokyo Trial,2016.0,"Drama,History",7.3,2199,tvMiniSeries,tt4040530
Mumbai Delhi Mumbai,2014.0,"Comedy,Romance",5.7,414,movie,tt4045666
Band of Robbers,2015.0,"Adventure,Comedy,Crime",6.0,4784,movie,tt4048668
Lego Friends,2013.0,Animation,5.4,316,tvSeries,tt4049416
Lovesick,2014.0,Comedy,8.0,24188,tvSeries,tt4051832
One Day,2013.0,"Drama,Family",6.2,32,movie,tt4051858
He's Out There,2018.0,"Horror,Thriller",5.3,10520,movie,tt4052050
Lucifer,2016.0,"Crime,Drama,Fantasy",8.0,396861,tvSeries,tt4052886
Dog Eat Dog,2016.0,"Action,Crime,Thriller",4.8,10564,movie,tt4054654
Hjørdis,2015.0,"Comedy,Drama,Family",7.2,728,tvMiniSeries,tt4057466
Operações Especiais,2015.0,"Action,Crime",6.3,1814,movie,tt4058210
A Perfect Man,2015.0,"Drama,Thriller",6.8,5453,movie,tt4058500
Headshot,2026.0,Drama,8.0,109,tvSeries,tt40598757
Bleach,2014.0,Comedy,8.2,21,tvMovie,tt4060470
Blackway,2015.0,"Action,Mystery,Thriller",5.3,11426,movie,tt4061010
Love,2016.0,"Comedy,Drama,Romance",7.6,48821,tvSeries,tt4061080
Kid Kulafu,2015.0,"Biography,Drama,Sport",6.6,750,movie,tt4061876
Green Room,2015.0,"Horror,Thriller",6.9,155329,movie,tt4062536
Rakkhosh,2026.0,"Action,Romance,Thriller",4.6,664,movie,tt40632937
The Island,2015.0,"Drama,Mystery,Reality-TV",6.0,498,tvSeries,tt4063608
What a Wonderful Family!,2016.0,"Comedy,Drama",6.8,1355,movie,tt4065842
Us and Them,2015.0,"Documentary,Drama,News",8.1,17,movie,tt4070374
Penelope,2013.0,"Drama,Romance",5.5,9,tvSeries,tt4070664
The Model,2016.0,Thriller,5.7,4450,movie,tt4074364
Somewhere Only We Know,2015.0,"Drama,Romance",5.1,819,movie,tt4074958
We Are Young. We Are Strong.,2014.0,"Crime,Drama,History",7.0,2413,movie,tt4076058
"Bon Cop, Bad Cop",2026.0,"Comedy,Crime",6.9,121,tvSeries,tt40761508
The Heyday of the Insensitive Bastards,2015.0,"Comedy,Drama",4.3,1974,movie,tt4076926
City of Joy,2016.0,"Crime,Documentary,Drama",7.7,691,movie,tt4078252
Daemonium,2026.0,Horror,6.9,21,movie,tt40794408
Summertime,2015.0,"Drama,Romance",6.7,6372,movie,tt4080768
Chosen,2016.0,"Drama,War",5.4,1192,movie,tt4082524
Patient Seventeen,2017.0,"Documentary,Mystery",3.8,784,movie,tt4083682
Billy Elliot,2014.0,"Comedy,Drama,Musical",8.4,2281,movie,tt4085696
Charming,2018.0,"Adventure,Animation,Comedy",5.6,4322,movie,tt4086018
Rainbow,2015.0,"Comedy,Drama",7.8,4901,movie,tt4088588
Family Business,2026.0,Comedy,4.6,298,movie,tt40887190
Ugly,2026.0,Drama,4.6,167,tvSeries,tt40887908
Rocky,2008.0,Romance,6.3,181,movie,tt4089614
Ultras,2026.0,Sport,7.4,15,tvSeries,tt40933424
Twin Peaks,2017.0,"Crime,Drama,Horror",8.5,91461,tvSeries,tt4093826
Crazy Ex-Girlfriend,2015.0,"Comedy,Musical",7.9,24340,tvSeries,tt4094300
When Love Happens,2014.0,Romance,4.8,148,movie,tt4094916
Hoff the Record,2015.0,Comedy,6.9,444,tvSeries,tt4095622
The Binding,2016.0,"Drama,Horror,Thriller",3.7,1131,movie,tt4096750
The End,2026.0,"Comedy,Talk-Show",6.8,33,tvMiniSeries,tt41018224
City of God: 10 Years Later,2013.0,Documentary,6.4,1591,movie,tt4103686
Dad's Army,2016.0,"Comedy,War",5.2,8922,movie,tt4104054
Life,2014.0,Drama,7.8,32,movie,tt4105212
War,2014.0,Drama,6.6,295,movie,tt4105466
Deep,2017.0,"Adventure,Animation,Comedy",4.2,1740,movie,tt4105584
London Spy,2015.0,"Crime,Drama,Mystery",7.4,10952,tvMiniSeries,tt4108134
Asperger's Are Us,2016.0,"Comedy,Documentary,Drama",6.5,881,movie,tt4109268
Superlopez,2018.0,"Action,Comedy,Sci-Fi",5.4,4591,movie,tt4110388
Dil Dhadakne Do,2015.0,"Comedy,Drama,Romance",7.1,22323,movie,tt4110568
Westside,2015.0,"Comedy,Crime,Drama",8.0,855,tvSeries,tt4113078
The Master,2014.0,Documentary,8.0,184,movie,tt4117096
Cloudy with a Chance of Meatballs,2017.0,"Adventure,Animation,Comedy",3.6,997,tvSeries,tt4123482
For Grace,2015.0,"Biography,Documentary,Family",7.3,872,movie,tt4125856
After,2019.0,"Drama,Romance",5.3,77291,movie,tt4126476
Chewing Gum,2013.0,"Drama,Romance",3.2,17,movie,tt4128750
Jagga Jasoos,2017.0,"Adventure,Comedy,Musical",6.4,14043,movie,tt4129428
White Girl,2016.0,"Crime,Drama",5.7,12536,movie,tt4129870
Hip-Hop Evolution,2016.0,"Documentary,Music",8.4,6805,tvSeries,tt4130418
Lucifer,2014.0,Drama,6.7,305,movie,tt4131206
West Coast,2016.0,Drama,5.8,815,movie,tt4131240
Undercover,2015.0,"Crime,Drama,Thriller",6.3,142,tvMovie,tt4131470
Between,2015.0,"Drama,Mystery,Sci-Fi",6.0,11123,tvSeries,tt4132692
Psycho,2026.0,"Drama,Thriller",5.9,49,movie,tt41334106
The Homecoming,2015.0,"Comedy,Drama",6.6,74,movie,tt4134782
Forget Me Not,2014.0,"Adventure,Drama",5.9,72,movie,tt4134856
The Giant,2016.0,"Drama,Sport",6.5,1223,movie,tt4135076
The Seven Five,2014.0,"Biography,Crime,Documentary",7.6,6745,movie,tt4136056
The Ministry of Time,2015.0,"Adventure,Comedy,Fantasy",8.2,6178,tvSeries,tt4136774
A Family Affair,2015.0,"Biography,Documentary,Music",8.1,97,movie,tt4137808
Monster High: Haunted,2015.0,"Animation,Family",6.6,1524,tvMovie,tt4137924
Glowing Embers,2013.0,Documentary,5.5,14,movie,tt4138428
Bleach,2022.0,"Horror,Thriller",2.6,193,movie,tt4139336
Polar,2019.0,"Action,Crime,Thriller",6.3,108409,movie,tt4139588
Spark,2013.0,Documentary,7.2,22,movie,tt4141314
Jake's Buccaneer Blast,2014.0,Animation,5.6,26,tvSeries,tt4141822
Democrats,2014.0,Documentary,7.4,386,movie,tt4143306
Deidra & Laney Rob a Train,2017.0,"Comedy,Crime,Drama",6.0,2189,movie,tt4144332
How to Change the World,2015.0,"Adventure,Biography,Documentary",7.5,1352,movie,tt4144504
The Lizzie Borden Chronicles,2015.0,"Biography,Crime,Drama",6.9,4746,tvMiniSeries,tt4145760
Rampage: President Down,2016.0,"Action,Crime,Thriller",4.7,3895,movie,tt4146622
PJ Masks,2015.0,"Action,Adventure,Animation",5.3,2126,tvSeries,tt4148744
Life Story,2014.0,"Documentary,Family",9.0,2484,tvMiniSeries,tt4150884
The Plan,2014.0,Documentary,7.8,7,movie,tt4152032
Avengers: Infinity War,2018.0,"Action,Adventure,Sci-Fi",8.4,1403926,movie,tt4154756
The Family,2013.0,"Comedy,Crime,Drama",7.0,29,movie,tt4155318
Animal Crackers,2017.0,"Adventure,Animation,Comedy",5.8,4583,movie,tt4155534
The Apostate,2015.0,Comedy,5.7,766,movie,tt4156152
Opening Night,2016.0,"Comedy,Musical",5.9,2940,movie,tt4156972
Iris,2014.0,"Biography,Documentary,History",7.1,4779,movie,tt4157220
For Here or to Go?,2015.0,"Comedy,Drama",6.7,670,movie,tt4157510
Free Fire,2016.0,"Action,Comedy,Crime",6.3,53938,movie,tt4158096
3 Generations,2015.0,Drama,6.0,7354,movie,tt4158624
Other People,2016.0,"Comedy,Drama",6.8,13089,movie,tt4158876
Dark Matter,2015.0,"Adventure,Drama,Mystery",7.5,48294,tvSeries,tt4159076
The Match,2026.0,"Documentary,History,Sport",8.3,330,movie,tt41593328
Olmo & the Seagull,2015.0,"Documentary,Drama,Romance",7.2,729,movie,tt4160256
Richie Rich,2015.0,Comedy,3.4,1668,tvSeries,tt4160920
Naked,2014.0,"Biography,Documentary",4.9,256,movie,tt4160964
Desire,2026.0,"Drama,Thriller",4.4,3063,movie,tt41617470
Prince,2015.0,Drama,6.4,1495,movie,tt4161932
The Eichmann Show,2015.0,"Drama,History",6.5,5235,tvMovie,tt4163668
Snow Day,2014.0,"Action,Documentary,Drama",9.1,34,movie,tt4163946
I Called Him Morgan,2016.0,"Documentary,Drama,History",7.3,2062,movie,tt4170344
That Thing Called Tadhana,2014.0,"Comedy,Drama,Romance",7.3,1290,movie,tt4170436
The Crime,2014.0,"Action,Crime",6.3,886,tvSeries,tt4173216
Delirium,2017.0,"Drama,Music",7.0,12,movie,tt4173294
The Chosen,2015.0,"Horror,Thriller",3.6,2222,movie,tt4175888
Look Who's Back,2015.0,"Comedy,Drama,Fantasy",7.0,54473,movie,tt4176826
VS.,2018.0,"Drama,Music",5.9,564,movie,tt4177018
Elliot the Littlest Reindeer,2018.0,"Animation,Comedy,Family",5.0,1452,movie,tt4177856
The Gift,2015.0,"Drama,Mystery,Thriller",7.0,187285,movie,tt4178092
Tunnel,2014.0,"Horror,Thriller",4.1,378,movie,tt4178118
The Last Kingdom,2015.0,"Action,Drama,History",8.5,192258,tvSeries,tt4179452
Otherhood,2019.0,Comedy,6.1,13552,movie,tt4180560
Special Correspondents,2016.0,Comedy,5.9,27695,movie,tt4181052
Shooter,2016.0,"Action,Drama",7.5,45598,tvSeries,tt4181172
Warda,2014.0,"Horror,Thriller",4.2,481,movie,tt4183910
Trip to Bhangarh: Asia's Most Haunted Place,2014.0,"Comedy,Drama,Horror",2.6,342,movie,tt4187650
Ordinary World,2016.0,"Comedy,Drama,Music",5.5,3464,movie,tt4189494
Zed Plus,2014.0,"Comedy,Drama",6.4,564,movie,tt4190220
Forget Me Not,2015.0,"Drama,Romance",6.7,929,movie,tt4192636
Glitch,2015.0,"Drama,Horror,Sci-Fi",7.2,23543,tvSeries,tt4192782
The Promise,2017.0,"Comedy,Drama,Romance",8.7,94,movie,tt4192918
Telling Tales,2015.0,"Comedy,Fantasy,Romance",7.3,17505,movie,tt4195278
Danger Mouse,2015.0,"Action,Adventure,Animation",7.1,899,tvSeries,tt4196822
Mr. Church,2016.0,"Comedy,Drama",7.6,34692,movie,tt4196848
Mirai,2026.0,Drama,5.0,7,movie,tt41986879
Haunters: The Art of the Scare,2017.0,"Documentary,Horror",6.5,1150,movie,tt4201990
The Love Affair,2015.0,"Drama,Romance",6.3,326,movie,tt4202506
The End,2014.0,"Horror,Thriller",6.3,41,movie,tt4202974
The Liar,2014.0,Drama,6.3,46,movie,tt4203216
White Lines,2020.0,"Biography,Drama,Thriller",6.2,43,movie,tt4203666
Born in Gaza,2014.0,Documentary,7.7,2967,movie,tt4205416
The Frankenstein Chronicles,2015.0,"Crime,Drama,Fantasy",7.2,13128,tvSeries,tt4206804
Colony,2016.0,"Action,Adventure,Drama",7.3,41992,tvSeries,tt4209256
Zak Storm,2016.0,"Action,Adventure,Animation",7.1,392,tvSeries,tt4209752
Molly's Game,2017.0,"Biography,Crime,Drama",7.4,205609,movie,tt4209788
Popples,2015.0,"Animation,Family",6.4,88,tvSeries,tt4210022
The Confirmation,2016.0,"Adventure,Comedy,Drama",6.4,7553,movie,tt4210080
Toro,2016.0,"Action,Crime,Drama",5.9,3627,movie,tt4213806
Barbie in Princess Power,2015.0,"Animation,Family,Fantasy",5.3,1625,tvMovie,tt4215332
Ares,2016.0,"Drama,Sci-Fi,Thriller",6.2,4708,movie,tt4216902
Kung Fu Yoga,2017.0,"Action,Adventure,Comedy",5.2,12452,movie,tt4217392
Gollu Aur Pappu,2014.0,Comedy,3.6,142,movie,tt4219300
Tiger,2018.0,Drama,4.9,879,movie,tt4224754
The Babysitter,2017.0,"Comedy,Horror",6.4,124457,movie,tt4225622
Hero,2015.0,"Crime,Drama",6.3,652,movie,tt4226970
Into the Wild,2014.0,Documentary,8.5,131,tvSeries,tt4228738
Bugs,2014.0,"Comedy,Horror,Sci-Fi",3.4,109,movie,tt4228850
Adventure Club,2017.0,"Adventure,Family",5.0,366,movie,tt4229578
Once Again,2018.0,"Drama,Romance",6.9,1331,movie,tt4232066
Conjuring Spirit,2014.0,"Comedy,Horror",5.4,150,movie,tt4234744
Three,2014.0,Drama,5.5,24,tvSeries,tt4238824
Misaeng,2014.0,Drama,8.5,3429,tvSeries,tt4240730
Move,2014.0,Drama,6.8,34,movie,tt4241024
Addicted to Life,2014.0,Documentary,6.3,170,movie,tt4242982
Hostiles,2015.0,"Drama,Thriller",6.1,40,movie,tt4243168
Fireworks,2015.0,"Comedy,Crime,Drama",4.2,284,movie,tt4247046
Bon Bini Holland,2015.0,Comedy,5.5,1593,movie,tt4247144
Flowers,2015.0,"Horror,Mystery,Thriller",5.3,545,movie,tt4248930
The Magicians,2015.0,"Drama,Fantasy,Mystery",7.6,60694,tvSeries,tt4254242
Monty Python: The Meaning of Live,2014.0,Documentary,7.6,911,tvMovie,tt4256544
The Lost Husband,2020.0,"Drama,Romance",6.1,6870,movie,tt4257940
Russell Madness,2015.0,"Family,Sport",4.3,801,movie,tt4257950
2307: Winter's Dream,2016.0,Sci-Fi,3.7,1779,movie,tt4261326
The Returned,2026.0,Drama,7.5,14,tvMiniSeries,tt42628114
The Witch,2015.0,"Drama,Fantasy,Horror",7.0,358452,movie,tt4263482
Krisha,2015.0,Drama,7.1,10954,movie,tt4266638
Stink!,2015.0,Documentary,7.2,335,movie,tt4266660
The Forest,2005.0,"Adventure,Horror",6.4,14,movie,tt4268738
Seven in Heaven,2018.0,"Drama,Horror,Mystery",5.4,3173,movie,tt4269118
Red Christmas,2014.0,Horror,5.1,67,movie,tt4270254
Alone,2015.0,"Drama,Horror,Mystery",3.8,1991,movie,tt4271730
The Master,2015.0,"Action,History",5.3,92,movie,tt4273106
Free Rein,2014.0,Documentary,8.6,15,tvSeries,tt4273196
Under the Shadow,2016.0,"Drama,Fantasy,Horror",6.8,32894,movie,tt4273292
Blown Away,2014.0,Documentary,8.0,6,movie,tt4275128
The Founder,2016.0,"Biography,Drama",7.2,208448,movie,tt4276820
Bitch,2017.0,"Adventure,Comedy,Drama",6.2,23,movie,tt4277692
Trophy,2026.0,,7.7,15,movie,tt42778136
Call My Agent!,2015.0,"Comedy,Drama",8.3,18890,tvSeries,tt4277922
Eh Janam Tumhare Lekhe,2015.0,Biography,8.6,444,movie,tt4280824
Terrifier,2016.0,Horror,5.5,97630,movie,tt4281724
Versailles,2009.0,"Biography,Drama,History",7.8,139,tvMiniSeries,tt4282318
Possessed,2026.0,Horror,6.2,24,movie,tt42834196
"What Happened, Miss Simone?",2015.0,"Biography,Documentary,Music",7.6,15489,movie,tt4284010
Peace Haven,2016.0,"Comedy,Drama,Fantasy",6.1,80,movie,tt4287114
The Circle,2017.0,"Drama,Mystery,Sci-Fi",5.4,105942,movie,tt4287320
The Warning,2015.0,Horror,3.2,139,movie,tt4287350
The Crew,2014.0,Talk-Show,6.4,22,tvMiniSeries,tt4288944
Minute to Win It,2013.0,Game-Show,7.9,12,tvSeries,tt4290756
Evolution,2015.0,"Drama,Horror,Mystery",5.9,8099,movie,tt4291590
Siddhant,2015.0,Drama,6.4,25,movie,tt4292228
Chef's Table,2015.0,"Biography,Documentary",8.5,17757,tvSeries,tt4295140
Last Night,2014.0,Comedy,4.8,279,movie,tt4299406
By the Sea,2016.0,"Crime,Drama",6.3,113,movie,tt4301034
Kis Kisko Pyaar Karoon,2015.0,"Comedy,Romance",5.6,7160,movie,tt4302956
The Fierce Wife,2010.0,Drama,7.2,157,tvSeries,tt4304720
Lovesong,2016.0,"Drama,Romance",6.3,5663,movie,tt4305148
Summertime,2006.0,Comedy,8.5,14,movie,tt4308718
For Love or Money,2014.0,Romance,5.3,301,movie,tt4311466
Vitti Dandu,2014.0,"Drama,History",7.4,74,movie,tt4317854
Khalnayak,2004.0,Action,6.6,20,movie,tt4319640
The Basement,2015.0,Horror,5.4,91,movie,tt4319842
Resurrection: Ertugrul,2014.0,"Action,Adventure,Drama",7.9,42722,tvSeries,tt4320258
Jackpot,2015.0,"Comedy,Drama",6.5,125,movie,tt4320966
Survivors Guide To Prison,2018.0,Documentary,7.1,1258,movie,tt4323370
I'm No Longer Here,2019.0,"Drama,Music",7.3,10555,movie,tt4323594
Çarsi Pazar,2015.0,Comedy,5.3,2142,movie,tt4324242
Running Man,2014.0,Reality-TV,5.5,325,tvSeries,tt4325992
Lady Bloodfight,2016.0,"Action,Crime,Drama",5.6,3665,movie,tt4327752
Merlin,2012.0,Fantasy,5.0,54,tvMiniSeries,tt4327780
Taramani,2017.0,"Drama,Romance",7.4,1987,movie,tt4328934
Love Jacked,2018.0,"Comedy,Romance",5.9,2521,movie,tt4329242
Alive and Kicking,2016.0,"Documentary,History,Music",7.2,536,movie,tt4329394
Black Hawk Down,1997.0,Documentary,7.9,34948,movie,tt4330758
Black Hawk Down,2006.0,"Documentary,War",6.8,40,movie,tt4330768
Triple Threat,2026.0,"Documentary,Drama",4.9,20,movie,tt43311780
Fractured,2019.0,"Drama,Mystery,Thriller",6.5,116161,movie,tt4332232
Hunterrr,2015.0,"Comedy,Romance",7.0,7306,movie,tt4333674
The Bad Batch,2016.0,"Action,Horror,Mystery",5.2,38185,movie,tt4334266
Eddie - Strongman,2015.0,Documentary,7.4,1259,movie,tt4334636
My Sassy Girl,2026.0,Drama,7.3,25,tvMiniSeries,tt43349199
My Birthday Song,2018.0,Thriller,5.6,314,movie,tt4335954
Hawaizaada,2015.0,"Biography,Drama",5.5,2228,movie,tt4338154
Filinta,2014.0,"Crime,History",6.6,3064,tvSeries,tt4338234
Invisible,2022.0,Documentary,7.7,21,movie,tt4338862
Alaska Is a Drag,2017.0,Drama,6.6,595,movie,tt4341390
The Memory of Water,2015.0,"Drama,Romance",6.1,820,movie,tt4341864
Outback Truckers,2012.0,"Documentary,Reality-TV",7.3,353,tvSeries,tt4345548
Heidi,2015.0,"Adventure,Animation,Drama",7.3,426,tvSeries,tt4346362
Bombay Talkies,2014.0,"Biography,Drama,Family",7.7,49,movie,tt4351628
Lifeline,2026.0,,6.9,53,tvMovie,tt43518575
The Great Train Robbery,2026.0,Western,8.0,7,movie,tt43529354
A Beautiful Life,2014.0,Drama,6.7,22,tvSeries,tt4353306
Dharam Sankat Mein,2015.0,Comedy,6.3,2588,movie,tt4354740
Paranormal Survivor,2015.0,"Documentary,Horror",6.3,722,tvSeries,tt4355188
Albert Pinto Ko Gussa Kyun Aata Hai?,2019.0,Drama,5.2,1616,movie,tt4355838
Manu,2026.0,,8.1,211,movie,tt43558417
The Crow,2026.0,"Mystery,Romance",4.2,102,tvSeries,tt43562869
The Healer,2016.0,"Comedy,Drama,Family",6.4,9483,movie,tt4356480
High Society,2026.0,Drama,8.0,117,tvMiniSeries,tt43598944
Glitch,2026.0,Sci-Fi,9.1,16,movie,tt43630534
The Day My Butt Went Psycho!,2013.0,"Action,Adventure,Animation",2.6,897,tvSeries,tt4363582
Manhunt,2026.0,"Crime,Drama",6.6,16,movie,tt43637757
Sand Storm,2016.0,Drama,6.8,4056,movie,tt4365518
Ghost House,2017.0,"Horror,Thriller",4.7,4946,movie,tt4365566
Lavender,2026.0,Drama,8.1,12,tvSeries,tt43655962
Evolution,2026.0,"Documentary,History",8.5,148,tvMiniSeries,tt43672301
A Very Secret Service,2015.0,Comedy,7.7,4167,tvSeries,tt4367560
The Five,2016.0,"Crime,Drama,Mystery",7.5,13212,tvMiniSeries,tt4370528
The Innocents,2016.0,"Drama,History",7.3,12338,movie,tt4370784
Laws of Attraction,2026.0,Drama,7.4,9,tvMiniSeries,tt43711830
Detour,2016.0,"Action,Thriller",6.2,6895,movie,tt4372390
Clair Obscur,2016.0,Drama,6.4,3300,movie,tt4373956
The Club,2015.0,"Drama,Mystery,Thriller",7.2,12720,movie,tt4375438
Maynard,2017.0,Documentary,7.1,49,movie,tt4375446
Crazy Beautiful You,2015.0,"Comedy,Drama,Romance",6.9,1096,movie,tt4377918
Rattle the Cage,2015.0,"Crime,Drama,Thriller",6.7,1671,movie,tt4377952
Babylon Berlin,2017.0,"Crime,Drama,History",8.4,33777,tvSeries,tt4378376
Slam,2016.0,"Comedy,Drama,Romance",6.1,1489,movie,tt4379536
Three,2016.0,"Action,Crime,Thriller",5.9,2282,movie,tt4379728
Office Girls,2011.0,Romance,7.0,246,tvMiniSeries,tt4381290
Hot Girls Wanted,2015.0,Documentary,6.1,19197,movie,tt4382552
Extraction,2015.0,"Action,Thriller",4.1,12505,movie,tt4382872
I'm Leaving Now,2018.0,Documentary,6.6,131,movie,tt4384500
20th Century Women,2016.0,"Comedy,Drama",7.3,52792,movie,tt4385888
Being Mrs Elliot,2014.0,"Comedy,Romance",7.3,22,movie,tt4387222
The Trap,2018.0,Drama,6.8,23,movie,tt4388128
Ladies First,2014.0,Romance,3.8,34,movie,tt4389410
Haunted,2015.0,Horror,5.0,5,tvMovie,tt4392362
13 Cameras,2015.0,"Crime,Horror,Thriller",5.2,6850,movie,tt4392454
Time Out,2015.0,"Drama,Family,Music",6.0,508,movie,tt4396648
Supergirl,2016.0,"Documentary,Sport",6.4,157,movie,tt4397094
Cities of Last Things,2018.0,"Crime,Drama,Sci-Fi",6.3,2312,movie,tt4397342
FirstBorn,2016.0,Horror,4.8,2071,movie,tt4399590
Fitoor,2016.0,"Drama,Romance",5.5,7077,movie,tt4399594
The Lodgers,2017.0,"Drama,Horror,Mystery",5.1,10162,movie,tt4399952
The Ballad of Lefty Brown,2017.0,"Action,Drama,Western",6.3,8798,movie,tt4400994
Operation Ouch,2012.0,"Adventure,Animation,Biography",7.8,227,tvSeries,tt4401960
Running Man,2015.0,"Action,Comedy,Documentary",2.4,161,movie,tt4412218
My Big Night,2015.0,"Comedy,Romance",6.1,5111,movie,tt4412362
Two Lovers and a Bear,2016.0,"Adventure,Drama,Romance",6.0,2320,movie,tt4412528
Abzurdah,2015.0,"Biography,Drama,Romance",5.4,2439,movie,tt4413338
Dog Eat Dog,2015.0,"Drama,Thriller",5.8,17,movie,tt4416360
Milk,2015.0,"Documentary,Family",7.0,32,movie,tt4418698
Apaches,2017.0,"Drama,Thriller",7.0,360,tvSeries,tt4418844
Holidays,2016.0,"Comedy,Fantasy,Horror",5.1,12401,movie,tt4419364
The Gift,2017.0,Drama,6.4,31,movie,tt4420962
Containment,2016.0,Drama,7.1,11903,tvSeries,tt4421578
Limitless,2015.0,"Comedy,Crime,Drama",7.6,75366,tvSeries,tt4422836
Grass,2017.0,Comedy,4.5,61,movie,tt4424930
Hush,2020.0,Drama,3.6,19,movie,tt4425262
Feel Good,2015.0,Romance,7.0,34,movie,tt4425414
Silver Spoon,2014.0,"Crime,Drama",7.4,2159,tvSeries,tt4426042
Arctic Dogs,2019.0,"Adventure,Animation,Comedy",4.9,2550,movie,tt4426464
The Family,2016.0,"Drama,Mystery,Thriller",7.5,5564,tvSeries,tt4428038
Quantico,2015.0,"Crime,Drama,Mystery",6.7,66198,tvSeries,tt4428122
The Crew,2015.0,"Action,Crime,Drama",6.3,5631,movie,tt4428728
The Challenge,2016.0,Documentary,9.2,20,movie,tt4428892
Pyaar Ka Punchnama 2,2015.0,"Comedy,Drama,Romance",7.2,17688,movie,tt4430136
Drishyam,2015.0,"Crime,Drama,Mystery",8.2,110557,movie,tt4430212
Ice Guardians,2016.0,"Documentary,Sport",7.4,1957,movie,tt4431208
The Oath,2016.0,"Crime,Drama,Thriller",6.4,2614,movie,tt4433890
Udta Punjab,2016.0,"Crime,Drama",7.7,34440,movie,tt4434004
Shot in the Dark,2021.0,"Drama,Horror",3.5,192,movie,tt4435664
Officer Downe,2016.0,"Action,Comedy,Sci-Fi",4.3,2392,movie,tt4439102
Breaking Free,2015.0,"Crime,Documentary,History",6.6,42,movie,tt4440690
Hangman,2015.0,"Crime,Horror,Thriller",4.7,2996,movie,tt4441422
Desolation,2016.0,"Horror,Thriller",4.2,894,movie,tt4444798
Once Upon a Time in London,2019.0,"Crime,History",5.2,8475,movie,tt4444956
Undercover,2015.0,Comedy,5.8,140,tvSeries,tt4445104
Porto,2016.0,"Drama,Romance",6.0,2461,movie,tt4446472
Doubt,2017.0,Drama,5.9,2157,tvSeries,tt4447390
"Liar, Liar, Vampire",2015.0,"Comedy,Family",5.7,1307,tvMovie,tt4448304
Kocan Kadar Konus,2015.0,"Comedy,Drama,Fantasy",6.1,5968,movie,tt4450706
Quartet,2015.0,"Drama,History,Romance",5.8,75,tvMovie,tt4450716
Masoom,2014.0,Drama,6.2,9,movie,tt4451308
Cristina,1989.0,"Comedy,Musical",5.8,7,tvSeries,tt4453604
The Sunshine Makers,2015.0,"Documentary,History",7.0,1597,movie,tt4456270
Brothers James: Retribution,2023.0,"Drama,Western",7.5,40,movie,tt4460424
Run,2017.0,Thriller,5.0,123,movie,tt4460430
Chronically Metropolitan,2016.0,"Comedy,Drama",5.0,1625,movie,tt4460854
Warrior,2015.0,"Action,Crime,Drama",3.9,30,tvMovie,tt4465080
Sahara,2017.0,"Adventure,Animation,Comedy",5.5,3504,movie,tt4466894
Jailbirds,2015.0,Drama,6.2,422,movie,tt4466928
Blind Date,2015.0,"Comedy,Romance",6.6,7412,movie,tt4466936
Hero,2015.0,"Action,Drama,Musical",3.6,3114,movie,tt4467202
Katti Batti,2015.0,"Comedy,Drama,Romance",4.7,3410,movie,tt4467262
Target,2014.0,"Action,Crime",7.5,15,movie,tt4469396
The Hollow,2015.0,Horror,3.6,2291,tvMovie,tt4472596
The Player,2015.0,"Action,Crime,Drama",6.9,7823,tvSeries,tt4474310
Cuckoo,2015.0,Comedy,5.9,31,tvMovie,tt4474326
Up North,2016.0,Comedy,5.6,31,tvSeries,tt4481062
Star Men,2016.0,"Biography,Documentary,History",6.6,122,movie,tt4481310
Twirlywoos,2015.0,"Animation,Family",7.3,245,tvSeries,tt4481920
Earth's Natural Wonders,2015.0,Documentary,7.6,261,tvSeries,tt4483562
Danny Says,2015.0,"Biography,Documentary,History",6.8,886,movie,tt4485246
Shimla Mirchi,2020.0,"Comedy,Romance",4.7,1911,movie,tt4486148
You're My Boss,2015.0,"Comedy,Romance",6.3,376,movie,tt4489160
The Island,1978.0,Drama,6.2,23,tvMovie,tt4489216
The Seventies,2015.0,"Documentary,History",8.2,1655,tvMiniSeries,tt4491456
National Parks Adventure,2015.0,Documentary,6.3,222,tvMovie,tt4493490
Right Here Right Now,2016.0,"Comedy,Drama,Romance",5.6,546,movie,tt4494706
Interrogation,2016.0,"Action,Thriller",5.0,2020,movie,tt4497338
Gehenna: Where Death Lives,2016.0,"Horror,Mystery,Thriller",4.9,2845,movie,tt4499228
Pyaar Tune Kya Kiya,2014.0,"Drama,Romance",7.7,110,tvSeries,tt4499570
The Method,2019.0,"Action,Drama,Thriller",7.6,17,movie,tt4503190
Emelie,2015.0,"Horror,Mystery,Thriller",5.4,15841,movie,tt4503598
Containment,2015.0,"Documentary,Sci-Fi",6.4,53,movie,tt4503606
Dream/Killer,2015.0,"Crime,Documentary",7.4,2233,movie,tt4504438
Shortcut Safari,2016.0,"Adventure,Drama,Mystery",6.5,82,movie,tt4505006
Prescription Thugs,2015.0,Documentary,6.9,2265,movie,tt4505666
LoliRock,2014.0,"Action,Adventure,Animation",7.6,959,tvSeries,tt4506998
Iyore,2015.0,Drama,7.5,29,movie,tt4512896
Gour Hari Dastaan: The Freedom File,2015.0,"Biography,Drama",7.3,620,movie,tt4513812
Albion: The Enchanted Stallion,2016.0,"Action,Adventure,Comedy",5.3,1688,movie,tt4518260
Mara,2014.0,"Biography,Documentary,Drama",7.9,8,movie,tt4520490
Marseille,2016.0,"Comedy,Drama",5.0,535,movie,tt4523050
Adrishya,2015.0,Thriller,3.7,11,movie,tt4524050
Locked Up,2015.0,"Crime,Drama,Thriller",7.8,30854,tvSeries,tt4524056
Invisible,2015.0,Drama,6.7,26,movie,tt4524202
American Warfighter,2018.0,"Action,Drama,Romance",3.9,1329,movie,tt4524418
Scales: Mermaids Are Real,2017.0,"Adventure,Family,Fantasy",4.1,1063,movie,tt4526136
Gbomo Gbomo Express,2015.0,Crime,5.2,59,movie,tt4527090
Mercenary,2016.0,"Drama,Sport",6.5,789,movie,tt4530968
Cabin Fever,2015.0,Reality-TV,7.1,42,tvSeries,tt4535486
Dilwale,2015.0,"Action,Comedy,Drama",5.1,42404,movie,tt4535650
Manhunt,2017.0,"Action,Crime,Thriller",5.3,3962,movie,tt4537986
Paradox,2016.0,"Action,Drama,Sci-Fi",4.6,3400,movie,tt4540434
Remember Me,2015.0,"Crime,Drama,Thriller",5.3,48,tvMovie,tt4542814
World at Your Feet,2014.0,Drama,4.9,9,tvSeries,tt4544590
My Honor Was Loyalty,2016.0,"Drama,War",4.3,1244,movie,tt4544696
The Chosen,2016.0,"Drama,History,Thriller",6.6,910,movie,tt4547514
Bully,2019.0,Drama,7.9,40,movie,tt4549796
Nocturnal Animals,2016.0,"Drama,Thriller",7.4,341781,movie,tt4550098
Mine,2009.0,Drama,6.3,10,tvMiniSeries,tt4550790
Happy Go Lucky,2014.0,Comedy,6.4,238,movie,tt4553434
Girl from Nowhere,2016.0,"Drama,Thriller",4.2,633,movie,tt4554186
Milada,2017.0,"Biography,Drama,History",6.3,1514,movie,tt4554212
Knightfall,2017.0,"Action,Adventure,Drama",6.8,23480,tvSeries,tt4555364
Back to the 90s,2015.0,"Comedy,Fantasy,Music",6.5,652,movie,tt4556700
Yes or No 2.5,2015.0,"Comedy,Romance",5.2,232,movie,tt4556738
Elstree 1976,2015.0,"Documentary,Sci-Fi",5.9,1616,movie,tt4558042
Mile 22,2018.0,"Action,Crime,Thriller",6.1,94542,movie,tt4560436
Jackpot,1980.0,Drama,7.0,9,tvMovie,tt4561114
The Distinguished Citizen,2016.0,"Comedy,Drama",7.5,14475,movie,tt4562518
Fauda,2015.0,"Action,Crime,Drama",8.3,43849,tvSeries,tt4565380
Fartsa,2015.0,"Crime,Drama",6.6,257,tvSeries,tt4567218
Residue,2015.0,"Drama,Horror,Mystery",6.0,2770,tvMiniSeries,tt4568372
Chhota Bheem,2008.0,"Action,Adventure,Animation",5.0,1661,tvSeries,tt4570986
For the Love of Spock,2016.0,"Biography,Documentary",7.6,5118,movie,tt4572820
Stranger Things,2016.0,"Drama,Fantasy,Horror",8.6,1732950,tvSeries,tt4574334
Beneath the Leaves,2019.0,Thriller,4.5,1682,movie,tt4574654
2036 Origin Unknown,2018.0,"Action,Sci-Fi,Thriller",4.3,10097,movie,tt4575328
Christopher Robin,2018.0,"Adventure,Comedy,Drama",7.2,91573,movie,tt4575576
Merlí,2015.0,"Comedy,Drama,Romance",8.6,11345,tvSeries,tt4580372
The Witch Files,2018.0,"Horror,Thriller",4.5,1122,movie,tt4580550
She,2015.0,Thriller,5.2,23,tvMiniSeries,tt4580904
Aftermath,2017.0,"Drama,Mystery,Thriller",5.7,28805,movie,tt4581576
Solo,2008.0,Documentary,8.7,12,movie,tt4585862
Luna Petunia,2016.0,"Animation,Family,Fantasy",7.0,82,tvSeries,tt4588068
Break,2020.0,"Crime,Drama,Sport",4.9,303,movie,tt4590390
Bunk'd,2015.0,"Comedy,Drama,Family",5.5,5335,tvSeries,tt4591680
Nobel,2016.0,"Drama,Thriller,War",8.0,7178,tvMiniSeries,tt4591834
Love Me or Leave Me,2012.0,Romance,6.6,32,tvSeries,tt4592090
The Get Down,2016.0,"Drama,Music,Musical",8.2,24728,tvMiniSeries,tt4592410
Highway,2014.0,Drama,5.8,176,movie,tt4594050
The Forest,2018.0,Drama,5.9,288,movie,tt4594124
Blood Money,2017.0,"Drama,Horror,Mystery",4.0,588,movie,tt4594286
Darc,2018.0,"Action,Thriller",5.8,4758,movie,tt4594836
Point Blank,2016.0,"Crime,Drama",6.8,1055,tvMovie,tt4595360
The Walls of the Moon,2015.0,"Action,Drama,Mystery",5.9,565,movie,tt4596784
Kaakan,2015.0,Romance,8.2,455,movie,tt4602608
Doctor Foster: A Woman Scorned,2015.0,"Drama,Mystery,Thriller",7.6,24042,tvSeries,tt4602768
The Silence,2015.0,Drama,7.3,333,movie,tt4603640
Baby,2017.0,Drama,9.3,10,movie,tt4604666
Bobby,2016.0,"Biography,Documentary,Sport",7.1,581,movie,tt4606514
Arctic Heart,2016.0,"Comedy,Drama,Romance",5.2,1220,movie,tt4607228
Still,2014.0,Horror,7.8,12,tvSeries,tt4608714
Ishqedarriyaan,2015.0,Romance,4.9,201,movie,tt4610308
The Resistance Banker,2018.0,"Biography,Drama,War",6.9,11775,movie,tt4610378
Devil's Gate,2017.0,"Horror,Sci-Fi,Thriller",5.2,7434,movie,tt4610748
H2O: Mermaid Adventures,2015.0,"Adventure,Animation,Comedy",5.3,363,tvSeries,tt4610750
Simon,2013.0,Horror,4.3,13,movie,tt4613176
The Sound of Your Heart,2016.0,Comedy,8.1,2036,tvSeries,tt4613520
The Year of Happiness and Love,2009.0,Drama,5.8,23,tvSeries,tt4620672
Broken,2016.0,"Drama,Thriller",5.0,391,movie,tt4621398
Boy Missing,2016.0,"Crime,Drama,Mystery",6.4,10154,movie,tt4621630
Hunters of the South Seas,2015.0,Documentary,8.2,75,tvSeries,tt4622718
Death Note,2015.0,"Crime,Drama,Fantasy",7.0,2269,tvMiniSeries,tt4623604
Wolves,2016.0,"Comedy,Drama,Family",5.7,1466,movie,tt4623856
Be Somebody,2018.0,"Action,Crime",8.6,23,movie,tt4625030
Ottaal,2014.0,Drama,8.2,750,movie,tt4625196
Next,2015.0,Documentary,8.0,15,movie,tt4627100
Shepherds and Butchers,2016.0,"Crime,Drama,Mystery",6.8,3318,movie,tt4627352
The Breakup Playlist,2015.0,"Drama,Music,Romance",6.5,387,movie,tt4628812
Money Talks,2006.0,Adult,6.7,54,tvSeries,tt4629638
Retribution,2015.0,Thriller,5.6,24,movie,tt4630092
The Unknown Girl,2016.0,"Crime,Drama,Mystery",6.5,11072,movie,tt4630550
Our Lovers,2016.0,"Comedy,Drama,Romance",6.7,5044,movie,tt4631532
The Dancer,2016.0,"Biography,Drama,History",6.5,2968,movie,tt4632440
The Charnel House,2016.0,"Horror,Mystery,Thriller",4.3,1448,movie,tt4633662
Shot Caller,2017.0,"Crime,Drama,Thriller",7.3,115221,movie,tt4633690
Spider-Man: Into the Spider-Verse,2018.0,"Action,Adventure,Animation",8.4,812376,movie,tt4633694
Master of None,2015.0,"Comedy,Drama",8.2,79056,tvSeries,tt4635276
The OA,2016.0,"Drama,Fantasy,Mystery",7.8,128686,tvSeries,tt4635282
Wrong No.,2015.0,"Comedy,Romance",6.5,1983,movie,tt4635548
The Chosen Ones,2015.0,Drama,6.7,2196,movie,tt4636042
The Fourth Direction,2015.0,"Drama,History",6.6,320,movie,tt4636068
Uncorked,2015.0,Documentary,7.7,74,tvSeries,tt4640050
Journey to Greenland,2016.0,"Comedy,Drama",6.3,1458,movie,tt4641248
365 Days,2015.0,"Drama,Romance",2.3,298,movie,tt4641602
Riot,2015.0,Action,5.2,4187,movie,tt4642044
The Violin Player,2015.0,"Drama,Music",6.8,433,movie,tt4643520
I Am Bolt,2016.0,"Biography,Documentary,Sport",7.1,4106,movie,tt4647900
Cleverman,2016.0,"Drama,Fantasy,Sci-Fi",6.4,3712,tvSeries,tt4649420
Stranger,2015.0,Drama,6.9,44,movie,tt4649646
Summertime,2016.0,Drama,6.2,1887,movie,tt4650414
Much Ado About Nothing,2016.0,"Crime,Drama",6.4,747,movie,tt4650738
Unnatural Selection,2015.0,Reality-TV,8.1,12,tvSeries,tt4650778
Green Eggs and Ham,2019.0,"Adventure,Animation,Comedy",8.1,3693,tvSeries,tt4651448
Camera Store,2017.0,Drama,5.6,1599,movie,tt4651666
Enter the Warriors Gate,2016.0,"Action,Adventure,Comedy",5.4,6139,movie,tt4652532
A Family Affair,2015.0,Documentary,7.1,659,movie,tt4653186
Easy,2017.0,Comedy,6.6,862,movie,tt4653492
The Drowning,2016.0,"Drama,Mystery,Thriller",4.5,3433,movie,tt4653586
Alone,2015.0,Drama,5.1,54,movie,tt4653938
Grandmother's Farm Part 2,2015.0,"Comedy,Horror,Thriller",5.1,80,movie,tt4658908
The Day Will Come,2016.0,Drama,7.9,6688,movie,tt4659056
Brave New Jersey,2016.0,"Comedy,History",5.3,737,movie,tt4660172
Invisible,2015.0,"Drama,Thriller",5.4,150,movie,tt4660248
The Bad Education Movie,2015.0,Comedy,5.8,7891,movie,tt4660980
Wake Up,2015.0,Drama,7.6,409,tvSeries,tt4663630
Christine,2016.0,"Biography,Drama",6.9,18073,movie,tt4666726
Siren,2016.0,"Horror,Mystery,Thriller",5.3,8379,movie,tt4667854
Slasher,2016.0,"Crime,Drama,Horror",6.8,19073,tvSeries,tt4667888
Kevin Hart: What Now?,2016.0,"Comedy,Documentary",6.0,10334,movie,tt4669186
Loving,2016.0,"Biography,Drama,Romance",7.0,38716,movie,tt4669986
U-Turn,2008.0,Romance,6.4,42,tvMiniSeries,tt4671770
Walk with Me,2016.0,"Drama,Romance,War",6.5,464,movie,tt4675926
A Mighty Team,2016.0,"Comedy,Sport",5.5,882,movie,tt4676238
Our House,2015.0,Documentary,5.5,17,movie,tt4676506
The Innocents,2015.0,Horror,5.2,482,movie,tt4677348
Virunga: Gorillas in Peril,2015.0,Documentary,7.0,46,tvMovie,tt4677816
Woodshock,2017.0,"Drama,Fantasy,Mystery",4.2,2603,movie,tt4677924
Documentary Now!,2015.0,Comedy,8.1,8810,tvSeries,tt4677934
Judge Singh LLB,2015.0,Drama,7.3,249,movie,tt4678200
I'll Sleep When I'm Dead,2016.0,Documentary,6.6,1489,movie,tt4679136
Unfriended,2015.0,Comedy,4.7,27,tvSeries,tt4680034
Planetarium,2016.0,"Drama,Fantasy,Mystery",4.6,4145,movie,tt4680196
Club of Crows,2015.0,"Comedy,Drama,Sport",8.2,7165,tvSeries,tt4680240
Forged in Fire,2015.0,"Game-Show,Reality-TV",8.2,5100,tvSeries,tt4680444
Lavender,2016.0,"Adventure,Drama,Horror",5.4,9496,movie,tt4680980
Harold and Lillian: A Hollywood Love Story,2015.0,"Biography,Documentary",7.9,971,movie,tt4683668
Much Loved,2015.0,Drama,6.1,3371,movie,tt4685750
The Con is On,2018.0,"Comedy,Crime",3.8,8857,movie,tt4685806
Love Beats Rhymes,2017.0,"Drama,Musical",5.4,1244,movie,tt4686108
Zero,2022.0,Thriller,4.4,102,movie,tt4686238
Teresa,2015.0,Biography,6.6,97,tvMovie,tt4686550
Frontier,2016.0,"Adventure,Drama,History",7.1,26765,tvSeries,tt4686698
The Death of Stalin,2017.0,"Comedy,Drama,History",7.3,127999,movie,tt4686844
In the Tall Grass,2019.0,"Horror,Mystery,Sci-Fi",5.5,74958,movie,tt4687108
PhotoCopy,2016.0,Romance,6.4,85,movie,tt4687508
Railroad Tigers,2016.0,"Action,Adventure,Comedy",5.8,5389,movie,tt4687848
Shuddhi,2017.0,"Crime,Drama,Thriller",7.8,414,movie,tt4688446
OtherLife,2017.0,"Crime,Drama,Mystery",6.2,18087,movie,tt4693358
Pink,2018.0,"Comedy,Drama",6.2,18,movie,tt4694510
It Comes at Night,2017.0,"Drama,Horror,Mystery",6.1,111825,movie,tt4695012
Nails,2017.0,"Horror,Mystery",4.7,2987,movie,tt4695098
Full Out,2016.0,Drama,7.8,11,tvMiniSeries,tt4695288
Love on the Spectrum,2017.0,Documentary,8.3,15,movie,tt4696180
People You May Know,2016.0,"Comedy,Drama",5.6,1026,movie,tt4696310
Fronteras,2015.0,,9.0,7,tvMiniSeries,tt4696680
Neruda,2016.0,"Biography,Crime,Drama",6.8,11532,movie,tt4698584
Hunt for the Wilderpeople,2016.0,"Adventure,Comedy,Drama",7.8,155699,movie,tt4698684
The Bridge,2015.0,"Drama,Romance",6.5,1797,tvMovie,tt4698718
Gurgaon,2017.0,"Crime,Thriller",6.4,2646,movie,tt4699202
We Need to Talk,2016.0,"Comedy,Romance",5.8,2317,movie,tt4699534
Rebellion,2016.0,"Drama,History,War",7.2,5016,tvSeries,tt4699982
Birthmarked,2018.0,Comedy,5.7,3826,movie,tt4702826
6 Days,2017.0,"Action,Drama,History",6.2,27183,movie,tt4703048
Sadqay Tumhare,2014.0,Romance,7.5,733,tvSeries,tt4708708
The Long Dumb Road,2018.0,Comedy,6.1,3666,movie,tt4712076
Love Is Blind,2019.0,"Comedy,Drama",5.1,980,movie,tt4712086
The Young Offenders,2016.0,"Adventure,Comedy,Crime",7.1,13975,movie,tt4714568
Personal Shopper,2016.0,"Drama,Mystery,Thriller",6.1,46098,movie,tt4714782
Kings,2015.0,"Crime,Drama",6.6,16,tvMovie,tt4714856
Money,2016.0,"Crime,Mystery,Thriller",5.5,3164,movie,tt4715356
Beat Bugs,2016.0,"Adventure,Animation,Comedy",7.5,622,tvSeries,tt4716268
Cops and Robbers,2017.0,"Action,Thriller",4.1,626,movie,tt4717208
MFKZ,2017.0,"Action,Animation,Comedy",6.7,5874,movie,tt4717402
Bushwick,2017.0,"Action,Thriller",5.2,14951,movie,tt4720702
Outside the Wire,2007.0,"Documentary,War",6.3,8,tvSeries,tt4720972
The Exception,2016.0,"Drama,History,Romance",6.8,17131,movie,tt4721124
The Good Catholic,2017.0,"Comedy,Drama",5.3,1003,movie,tt4721404
I Am Sun Mu,2015.0,"Animation,Biography,Documentary",7.1,242,movie,tt4722674
Lavender,2015.0,Drama,5.8,60,movie,tt4722786
Spotlight,2015.0,"Comedy,Drama,Music",5.5,16,tvSeries,tt4725774
Ali Baba and the Seven Dwarfs,2015.0,"Adventure,Comedy",5.6,22359,movie,tt4728338
Is It Wrong to Try to Pick Up Girls in a Dungeon?,2015.0,"Action,Adventure,Animation",7.4,14002,tvSeries,tt4728568
Klaus,2019.0,"Adventure,Animation,Comedy",8.2,241669,movie,tt4729430
Divines,2016.0,"Crime,Drama",7.3,11090,movie,tt4730986
Brotherhood,2015.0,Comedy,4.0,551,tvSeries,tt4732076
The Great Hack,2019.0,"Biography,Documentary,History",7.0,25919,movie,tt4736550
Bon Cop Bad Cop 2,2017.0,"Action,Comedy,Crime",6.6,4716,movie,tt4738174
A Champion Heart,2018.0,Family,6.1,492,movie,tt4738912
Cheese in the Trap,2016.0,"Comedy,Romance",7.2,5490,tvSeries,tt4741110
The Fear,2015.0,"Drama,War",5.5,290,movie,tt4741354
The Call,2014.0,Thriller,7.0,10,movie,tt4741754
War Machine,2017.0,"Comedy,Drama,War",6.0,53548,movie,tt4758646
New Money,2015.0,Biography,5.5,18,tvSeries,tt4759938
Truth or Dare,2015.0,Drama,7.7,13,tvSeries,tt4760028
42 Grams,2017.0,"Biography,Documentary,Drama",7.0,454,movie,tt4760186
The World It Is,2015.0,Drama,6.7,68,movie,tt4760900
Hero,2006.0,"Action,Musical,Romance",6.3,210,movie,tt4760998
Conspiracy,2015.0,"Documentary,History",6.2,431,tvSeries,tt4761054
The Legacy of a Whitetail Deer Hunter,2018.0,"Comedy,Drama",5.5,4506,movie,tt4762824
Robocar Poli,2011.0,"Adventure,Animation,Comedy",5.7,275,tvSeries,tt4763642
The Awakening of Motti Wolkenbruch,2018.0,"Comedy,Drama",6.6,5310,movie,tt4766630
High Society,2015.0,"Drama,Romance",6.7,839,tvSeries,tt4768948
The Promise,2015.0,"Action,Crime,Drama",7.4,263,tvSeries,tt4769014
In This Corner of the World,2016.0,"Animation,Drama,History",7.8,14098,movie,tt4769824
The Do-Over,2016.0,"Action,Adventure,Comedy",5.7,57867,movie,tt4769836
The Fury of a Patient Man,2016.0,"Crime,Drama,Thriller",6.7,13184,movie,tt4771896
Devil's Bride,2016.0,"Drama,History",6.0,1452,movie,tt4771956
Click,2013.0,Family,9.3,33,tvSeries,tt4773864
The Promise,2016.0,"Action,Adventure,Drama",6.1,180547,movie,tt4776998
Love,2015.0,"Drama,Romance",7.0,96,movie,tt4777250
The Blind Christ,2016.0,"Drama,Mystery",5.8,320,movie,tt4778424
Llama Llama,2018.0,"Adventure,Animation,Family",6.4,343,tvSeries,tt4781350
Menorca,2016.0,Drama,4.3,304,movie,tt4785662
Lady-Like,2017.0,"Comedy,Romance",4.8,8619,movie,tt4786132
Eli,2015.0,Comedy,4.5,214,movie,tt4786638
The Crown,2016.0,"Biography,Drama,History",8.6,284203,tvSeries,tt4786824
The Guardian Brothers,2015.0,"Animation,Comedy,Family",5.5,2374,movie,tt4788934
Lady Dynamite,2016.0,Comedy,7.4,4264,tvSeries,tt4789300
Terrace House: Boys & Girls in the City,2015.0,"Drama,Reality-TV",8.0,1995,tvSeries,tt4790546
Atelier,2015.0,"Comedy,Drama",7.2,1108,tvMiniSeries,tt4790548
The Break,2016.0,"Crime,Drama,Thriller",7.6,7011,tvSeries,tt4792480
How to Be a Latin Lover,2017.0,"Comedy,Drama",6.0,19190,movie,tt4795124
Sister Cities,2016.0,Drama,6.6,1643,tvMovie,tt4795692
Kill Hitler! The Luck of the Devil,2015.0,"Documentary,History",6.5,426,tvMovie,tt4795796
Larceny,2017.0,"Action,Thriller",3.5,1284,movie,tt4797160
Mindhorn,2016.0,"Action,Adventure,Comedy",6.3,14532,movie,tt4799064
Oh My Ghost,2015.0,"Comedy,Drama,Fantasy",7.9,6353,tvSeries,tt4799574
In Search of Fellini,2017.0,"Adventure,Biography,Drama",6.2,2927,movie,tt4801232
Tiger,2015.0,"Action,Crime,Romance",4.9,163,movie,tt4801682
Alone,2015.0,"Documentary,Game-Show,Reality-TV",8.4,9387,tvSeries,tt4803766
Heroes Wanted,2016.0,"Action,Comedy",4.6,2235,movie,tt4806012
Pekak,2015.0,"Drama,Romance,Thriller",6.2,175,movie,tt4810104
Here Alone,2016.0,"Drama,Horror,Sci-Fi",5.6,8586,movie,tt4814760
Time Trap,2017.0,"Action,Adventure,Mystery",6.2,50545,movie,tt4815122
Dragons: Race to the Edge,2015.0,"Action,Adventure,Animation",8.2,11510,tvSeries,tt4816058
Lens,2016.0,"Drama,Mystery,Thriller",6.6,1333,movie,tt4818776
Waiting,2015.0,"Comedy,Drama",7.2,1969,movie,tt4818930
Monkey Up,2016.0,"Comedy,Family,Fantasy",3.7,479,movie,tt4820278
The Competition,2016.0,Documentary,6.9,421,movie,tt4823592
Blackbear,2019.0,"Drama,Sport",4.4,864,movie,tt4824256
Hush,2015.0,Documentary,6.0,27,movie,tt4828062
Rebecca,2016.0,"Drama,Romance",5.8,25,movie,tt4828926
The Cakemaker,2017.0,"Drama,Romance",7.3,5557,movie,tt4830786
Yunus Emre,2015.0,"Biography,History",8.3,3462,tvSeries,tt4833638
Yu-Gi-Oh!,1998.0,"Adventure,Animation,Comedy",7.7,2496,tvSeries,tt4834194
A Series of Unfortunate Events,2017.0,"Adventure,Comedy,Drama",7.7,73293,tvSeries,tt4834206
Radiopetti,2017.0,Drama,7.2,208,movie,tt4834712
Cursed,2015.0,Thriller,5.9,64,tvMiniSeries,tt4835442
Face 2 Face,2016.0,Drama,6.8,1371,movie,tt4835940
Psychokinesis,2015.0,Adventure,6.5,16,movie,tt4838572
We Bare Bears,2014.0,"Adventure,Animation,Comedy",7.8,23148,tvSeries,tt4839610
The Bomb,2015.0,Documentary,7.6,441,tvMovie,tt4840922
Beauty and the Bestie,2015.0,"Action,Comedy,Drama",5.0,435,movie,tt4842270
My Tattoo Addiction,2012.0,Documentary,4.2,15,tvSeries,tt4842406
The Most Hated Woman in America,2017.0,"Biography,Drama,History",6.1,7963,movie,tt4842646
Speech & Debate,2017.0,"Comedy,Drama",5.9,1506,movie,tt4843344
Remember Me,2016.0,Comedy,4.7,143,movie,tt4843358
A Babysitter's Guide to Monster Hunting,2020.0,"Comedy,Family,Fantasy",5.4,5506,movie,tt4844150
Retribution,2017.0,"Drama,Fantasy,Romance",5.2,93,movie,tt4845094
Good Time,2017.0,"Crime,Drama,Thriller",7.3,158505,movie,tt4846232
Into the Inferno,2016.0,Documentary,7.2,10950,movie,tt4846318
Africa,2011.0,"Crime,Drama",5.2,493,movie,tt4847140
Mad World,2014.0,"Action,Drama",8.4,18,tvSeries,tt4850420
Batman: The Killing Joke,2016.0,"Action,Animation,Crime",6.4,66442,movie,tt4853102
Bill Nye: Science Guy,2017.0,Documentary,6.8,1334,movie,tt4853154
Stories by Rabindranath Tagore,2015.0,Drama,8.6,1572,tvSeries,tt4853764
XOXO,2016.0,"Drama,Music",5.3,7518,movie,tt4855748
Halo: The Fall of Reach,2015.0,"Action,Adventure,Animation",5.7,3712,tvMiniSeries,tt4856322
The Invisible Guest,2016.0,"Crime,Drama,Mystery",8.0,216543,movie,tt4857264
Hotel Transylvania: The Series,2017.0,"Animation,Comedy,Family",5.6,1038,tvSeries,tt4858114
Then Came You,2018.0,"Comedy,Drama,Romance",6.9,14977,movie,tt4859168
Friend Request,2015.0,Horror,5.9,31,movie,tt4859526
Project Mc²,2015.0,"Comedy,Drama,Family",6.3,1813,tvSeries,tt4861760
Baaghi,2016.0,"Action,Drama,Romance",5.4,11907,movie,tt4864932
Highly Strung,2015.0,"Documentary,History,Music",7.0,71,movie,tt4867094
Swiped,2018.0,"Comedy,Romance",2.8,12492,movie,tt4867110
Road to Yesterday,2015.0,"Drama,Romance,Thriller",6.0,267,movie,tt4871120
The Perfect Match,2016.0,"Comedy,Romance",5.0,4625,movie,tt4871980
The Student,2016.0,Drama,6.9,6484,movie,tt4874206
The Chosen One,2006.0,Family,9.2,24,tvMovie,tt4874948
The 24 Hour War,2016.0,"Documentary,History,Sport",7.2,2399,movie,tt4875844
Rosemary's Baby,2015.0,Comedy,7.3,22,movie,tt4876464
Wynonna Earp,2016.0,"Action,Drama,Fantasy",7.4,26697,tvSeries,tt4878326
Dumplin',2018.0,"Comedy,Drama",6.5,40554,movie,tt4878482
Stateless,2020.0,Drama,7.5,12165,tvMiniSeries,tt4878488
Thithi,2015.0,Drama,8.0,2938,movie,tt4881362
First They Killed My Father,2017.0,"Biography,Drama,History",7.2,22411,movie,tt4882376
Erased,2016.0,"Drama,Mystery,Sci-Fi",6.4,1053,movie,tt4882964
Botched Up Bodies,2013.0,Biography,6.5,112,tvSeries,tt4883194
Temple,2016.0,"Animation,Horror,Thriller",4.2,11,tvSeries,tt4893546
Calendar Girls,2015.0,Drama,4.2,1004,movie,tt4897908
The Yard,2016.0,Drama,6.0,568,movie,tt4898530
Temple,2017.0,"Adventure,Drama,Horror",3.7,5347,movie,tt4898730
Colony,2015.0,Documentary,7.5,126,movie,tt4899104
Keith Richards: Under the Influence,2015.0,"Documentary,Music",7.1,3865,movie,tt4900018
Kapoor & Sons,2016.0,"Comedy,Drama,Family",7.7,34093,movie,tt4900716
Rebirth,2016.0,Thriller,5.0,6155,movie,tt4902716
Hannibal,1972.0,Drama,4.3,7,movie,tt4905870
All Hallows' Eve,2016.0,Family,5.0,826,movie,tt4906686
Baadshaho,2017.0,"Action,Adventure,Thriller",4.9,5617,movie,tt4906960
Azhar,2016.0,"Biography,Drama,Sport",5.7,6243,movie,tt4906984
Mountain,2016.0,Drama,6.0,204,movie,tt4907864
Winter on Fire: Ukraine's Fight for Freedom,2015.0,"Documentary,History",8.3,21589,movie,tt4908644
Broken,2017.0,Drama,4.4,11,movie,tt4909364
Rangoon,2017.0,"Action,Drama,History",5.6,5344,movie,tt4909752
Losers,2015.0,Drama,7.3,932,movie,tt4909982
Entanglement,2015.0,Drama,5.3,177,movie,tt4910994
Bitcoin Heist,2016.0,"Action,Comedy",5.7,833,movie,tt4911780
White Island,2016.0,Comedy,4.2,305,movie,tt4911876
Goldstone,2016.0,"Action,Crime,Mystery",6.6,6798,movie,tt4911996
The Age of Shadows,2016.0,"Action,History,Thriller",7.1,12147,movie,tt4914580
Cave,2016.0,"Adventure,Crime,Horror",4.2,2484,movie,tt4915318
Mountain,2015.0,Drama,6.4,292,movie,tt4917622
Genius of the Ancient World,2015.0,"Documentary,History",7.3,723,tvMiniSeries,tt4919360
Little Men,2016.0,Drama,6.7,8210,movie,tt4919484
3%,2016.0,"Action,Drama,Sci-Fi",7.2,30446,tvSeries,tt4922804
Siren,2015.0,"Drama,Mystery,Romance",7.2,88,tvMiniSeries,tt4923036
Christmas in the Smokies,2015.0,"Drama,Family,Romance",5.9,2018,movie,tt4923846
One More Shot,1984.0,Action,4.6,9,movie,tt4924218
The Invisible Guardian,2017.0,"Crime,Mystery,Thriller",6.4,19480,movie,tt4924942
Vegas Baby,2016.0,Documentary,6.3,136,movie,tt4925028
Lady Bird,2017.0,"Comedy,Drama",7.4,367910,movie,tt4925292
We Are Family,2016.0,Comedy,6.1,1340,movie,tt4926822
Mercy,2016.0,"Drama,Mystery",6.2,180,movie,tt4930176
Belief: The Possession of Janet Moses,2015.0,"Crime,Documentary,Drama",5.7,733,movie,tt4930242
Miss Sharon Jones!,2015.0,"Documentary,Music",7.3,726,movie,tt4935480
The Darkness,2016.0,Thriller,5.5,680,movie,tt4935746
Mascots,2016.0,Comedy,5.8,8695,movie,tt4936176
Sex Doll,2016.0,"Drama,Romance,Thriller",4.6,2412,movie,tt4937564
Bordertown,2016.0,"Crime,Drama,Mystery",7.6,13356,tvSeries,tt4937942
Silicon Cowboys,2016.0,"Documentary,History",6.9,2248,movie,tt4938484
Secret,2015.0,Drama,5.6,322,movie,tt4938820
Mars,2016.0,"Adventure,Drama,Sci-Fi",7.4,15644,tvSeries,tt4939064
One of Us,2015.0,Drama,6.2,226,movie,tt4939866
The 101-Year-Old Man Who Skipped Out on the Bill and Disappeared,2016.0,"Adventure,Comedy,Crime",6.3,7093,movie,tt4940370
Duck Duck Goose,2018.0,"Adventure,Animation,Comedy",5.8,4653,movie,tt4940416
Mirza's Lady,2016.0,"Action,Drama,Fantasy",4.6,1972,movie,tt4940456
The Basement,2017.0,Horror,3.1,563,movie,tt4942478
The Worthy,2016.0,"Action,Sci-Fi,Thriller",5.1,2345,movie,tt4943218
The Ottoman Lieutenant,2017.0,"Drama,History,War",6.4,27257,movie,tt4943322
Saheb Bibi Golaam,2016.0,"Action,Crime,Drama",6.5,737,movie,tt4943558
Manto,2015.0,"Biography,Drama",8.2,1280,movie,tt4943992
Heneral Luna,2015.0,"Action,Biography,History",7.3,2835,movie,tt4944352
Everyday I Love You,2015.0,"Drama,Romance",7.0,584,movie,tt4944460
Cathedral of the Sea,2018.0,"Drama,History",7.5,5749,tvSeries,tt4944694
Dope,2017.0,Thriller,7.4,30,tvSeries,tt4949518
The Command,2018.0,"Action,Adventure,Drama",6.6,23980,movie,tt4951982
Brothers,2015.0,Documentary,7.4,83,movie,tt4952376
Good Kids,2016.0,Drama,5.1,67,movie,tt4954458
Barbie in Rock 'N Royals,2015.0,"Animation,Family,Music",6.0,1842,movie,tt4955162
Great News,2017.0,Comedy,7.0,8886,tvSeries,tt4955480
The Good Place,2016.0,"Comedy,Drama,Fantasy",8.2,224257,tvSeries,tt4955642
We Are Family,2015.0,"Comedy,Drama,Family",5.5,38,movie,tt4956994
Beauties of the Night,2016.0,Documentary,7.3,679,movie,tt4958426
Everybody Knows,2018.0,"Crime,Drama,Mystery",6.9,40584,movie,tt4964788
I Remember You,2017.0,"Drama,Horror,Mystery",6.1,5621,movie,tt4966532
Dabbe 6: The Return,2015.0,Horror,5.5,3733,movie,tt4967920
Greenleaf,2016.0,Drama,7.5,6660,tvSeries,tt4971144
Bombairiya,2019.0,"Comedy,Crime,Drama",4.6,509,movie,tt4971258
Await Further Instructions,2018.0,"Horror,Mystery,Sci-Fi",4.9,10406,movie,tt4971408
Very Big Shot,2015.0,"Action,Crime,Drama",6.9,1585,movie,tt4971824
Don't Think Twice,2016.0,"Comedy,Drama",6.7,18805,movie,tt4972062
Flaked,2016.0,"Comedy,Drama,Romance",7.2,13198,tvSeries,tt4973548
Kara Bela,2015.0,"Action,Adventure,Comedy",6.7,10479,movie,tt4974684
Moonlight,2016.0,Drama,7.4,355344,movie,tt4975722
Secret City,2016.0,"Mystery,Thriller",7.4,11016,tvSeries,tt4976512
Viceroy's House,2017.0,"Biography,Drama,History",6.7,8980,movie,tt4977530
Bad Seeds,2016.0,"Crime,Drama",4.7,11,movie,tt4979222
Middle School: The Worst Years of My Life,2016.0,"Comedy,Family",6.1,11201,movie,tt4981636
The Forest,2016.0,"Drama,Fantasy,Horror",6.4,376,movie,tt4982356
Second 20s,2015.0,Drama,7.5,417,tvSeries,tt4984004
Faraar,2015.0,Action,5.5,361,movie,tt4984868
The Titan,2018.0,"Drama,Mystery,Romance",4.8,35593,movie,tt4986098
Big Bear,2017.0,Comedy,5.2,1649,movie,tt4986754
Game,2015.0,Romance,7.8,10,movie,tt4990024
You Are My Sunday,2016.0,"Comedy,Drama",7.7,2134,movie,tt4990516
Anohana: The Flower We Saw That Day,2015.0,"Adventure,Drama,Fantasy",7.2,502,tvMovie,tt4990696
Tramps,2016.0,"Adventure,Romance",6.5,6744,movie,tt4991512
The Deep,2015.0,"Action,Adventure,Animation",7.8,1163,tvSeries,tt4991910
Compulsion,2016.0,"Drama,Fantasy,Horror",3.9,1995,movie,tt4992060
Die Ontwaking,2015.0,"Crime,Horror,Thriller",4.2,176,movie,tt4993990
My Mother's Wound,2016.0,"Drama,Mystery",7.3,4520,movie,tt4994736
The Red Sea Diving Resort,2019.0,"Drama,History,Thriller",6.6,35457,movie,tt4995776
The Square,2017.0,"Comedy,Drama",7.1,83411,movie,tt4995790
Lovesick,2016.0,"Drama,Romance",4.9,336,movie,tt4996022
Vaya,2016.0,Drama,7.0,131,movie,tt4996954
The Ranch,2016.0,"Comedy,Western",7.5,45861,tvSeries,tt4998212
Remember Me,2019.0,"Comedy,Romance",5.8,563,movie,tt4999290
French Toast,2015.0,Romance,5.7,277,movie,tt5000984
Barça Dreams,2015.0,"Documentary,Sport",7.3,1187,movie,tt5001576
Braven,2018.0,"Action,Thriller",5.9,43876,movie,tt5001754
Justin Timberlake + the Tennessee Kids,2016.0,"Documentary,Music",7.6,2428,movie,tt5001772
Ibiza,2015.0,Comedy,4.1,64,movie,tt5007828
Residue,2017.0,"Action,Horror,Thriller",5.4,1269,movie,tt5009286
Elite,2017.0,Action,3.6,404,movie,tt5010982
Save Our Shelter,2015.0,Family,7.4,46,tvSeries,tt5011296
Abby Sen,2015.0,"Comedy,Drama,Sci-Fi",5.9,414,movie,tt5012994
Change in the Air,2018.0,Drama,5.8,865,movie,tt5013782
The Monster of Mangatiti,2015.0,"Biography,Crime,Documentary",6.2,840,tvMovie,tt5016760
Handsome Devil,2016.0,"Comedy,Drama,Sport",7.0,18919,movie,tt5016946
Tiger,2016.0,Action,7.1,78,movie,tt5017192
The Minimighty Kids,2008.0,"Animation,Comedy",6.0,117,tvSeries,tt5017444
Kill Ratio,2016.0,Action,4.1,1020,movie,tt5020372
Ice Fantasy,2016.0,"Adventure,Fantasy,War",6.7,707,tvSeries,tt5022298
Hush,2016.0,"Horror,Thriller",6.6,171590,movie,tt5022702
The Last Word,2017.0,"Comedy,Drama",6.6,10223,movie,tt5023260
Lost & Found Music Studios,2015.0,"Family,Music",6.6,743,tvSeries,tt5023972
Needhi Singh,2016.0,"Action,Drama,Thriller",5.4,115,movie,tt5026484
Spartacus,2005.0,Animation,8.0,45,tvSeries,tt5028076
Mary Poppins Returns,2018.0,"Adventure,Comedy,Family",6.6,101729,movie,tt5028340
The Family,2015.0,Drama,8.6,76,movie,tt5029482
Toro,2015.0,Drama,6.4,76,movie,tt5029622
Into the Forest,2016.0,"Drama,Horror",5.6,754,movie,tt5029642
Little Boxes,2016.0,"Comedy,Drama",5.9,2290,movie,tt5030402
Soul to Keep,2018.0,"Horror,Thriller",4.3,1235,movie,tt5031658
Razia Sultan,2015.0,"Action,Biography,Drama",6.3,200,tvSeries,tt5032360
Charlie's Angels,2019.0,"Action,Adventure,Comedy",5.0,85619,movie,tt5033998
Our Souls at Night,2017.0,"Drama,Romance",6.9,16906,movie,tt5034266
Adam Ruins Everything,2015.0,"Comedy,Documentary,History",8.0,7862,tvSeries,tt5034326
The Assignment,2016.0,"Action,Crime,Thriller",4.7,10002,movie,tt5034474
Hayat Öpücügü,2015.0,"Comedy,Drama,Romance",5.9,1509,movie,tt5036442
The CEO,2016.0,"Drama,Mystery,Thriller",5.7,139,movie,tt5036924
Drunk Parents,2019.0,Comedy,4.0,8381,movie,tt5037840
Crashing,2017.0,"Comedy,Drama",7.6,9269,tvSeries,tt5037914
Case,2015.0,"Crime,Drama,Mystery",7.1,2972,tvSeries,tt5038858
Legend Quest,2017.0,"Action,Adventure,Animation",7.3,631,tvSeries,tt5038900
Dismissed,2017.0,"Drama,Horror,Thriller",5.7,8265,movie,tt5039994
ThirTEEN Terrors,2014.0,"Horror,Mystery,Thriller",6.8,376,tvSeries,tt5040974
Cannabis,2016.0,"Crime,Drama,Thriller",6.8,661,tvSeries,tt5046422
Mantra,2017.0,"Drama,Family",5.3,240,movie,tt5046500
Desolation,2017.0,"Drama,Horror,Thriller",4.5,1427,movie,tt5047400
Loev,2015.0,"Crime,Drama",5.9,2949,movie,tt5050788
I Am Vengeance,2016.0,"Crime,Thriller",5.5,29,movie,tt5051218
Taken,2017.0,"Action,Drama,Thriller",6.6,12570,tvSeries,tt5052460
Operator,2016.0,"Comedy,Drama",6.0,2117,movie,tt5052524
Singles Villa,2015.0,Romance,7.4,37,tvSeries,tt5053036
Final Destination,2013.0,Documentary,6.4,105,movie,tt5056454
Historia de un clan,2015.0,"Biography,Crime,Drama",7.7,1097,tvMiniSeries,tt5056538
Hold the Dark,2018.0,"Action,Crime,Drama",5.6,43571,movie,tt5057140
Last,2015.0,"Crime,Drama,Thriller",7.4,244,tvSeries,tt5057310
Undercover,2016.0,"Drama,Thriller",6.8,2494,tvMiniSeries,tt5057932
I Am the Pretty Thing That Lives in the House,2016.0,"Drama,Horror,Mystery",4.6,18381,movie,tt5059406
Tamasha,2015.0,"Comedy,Romance",7.7,49,tvMovie,tt5062666
Fifty,2015.0,"Drama,Romance",6.0,296,movie,tt5065500
Cannon Busters,2019.0,"Animation,Fantasy",6.6,1548,tvSeries,tt5066664
As Good as It Gets,2015.0,"Comedy,Drama,Romance",4.7,16,tvSeries,tt5067106
Kaleidoscope,2015.0,Drama,7.1,85,tvSeries,tt5067456
Candyflip,2017.0,"Fantasy,Mystery,Thriller",5.1,140,movie,tt5069058
Mango Dreams,2016.0,"Adventure,Drama",7.4,577,movie,tt5069158
First Kill,2014.0,Crime,8.5,25,tvSeries,tt5069494
Ozark,2017.0,"Crime,Drama,Thriller",8.4,397840,tvSeries,tt5071412
Borderline,2016.0,"Biography,Comedy,Documentary",7.2,28,movie,tt5072958
God Knows Where I Am,2016.0,"Biography,Documentary,Drama",7.2,1159,movie,tt5073020
Undercover,2016.0,"Action,Crime,Thriller",8.4,31,tvSeries,tt5073268
Below Her Mouth,2016.0,"Drama,Romance",5.5,16388,movie,tt5073620
Dangal,2016.0,"Action,Biography,Drama",8.3,247299,movie,tt5074352
Saadey CM Saab,2016.0,"Comedy,Family",5.4,108,movie,tt5074552
Murder Maps,2015.0,"Crime,History",7.5,699,tvSeries,tt5075360
Lommbock,2017.0,Comedy,6.6,4310,movie,tt5075584
Trash Fire,2016.0,"Comedy,Drama,Horror",5.8,3483,movie,tt5076792
Cezanne et Moi,2016.0,"Biography,Drama",6.1,1528,movie,tt5078354
Casablancas: The Man Who Loved Women,2016.0,Documentary,6.2,389,movie,tt5078372
Froning: The Fittest Man in History,2015.0,Documentary,6.6,1317,movie,tt5079382
What the Jatt!!,2015.0,Comedy,5.0,56,movie,tt5080254
The Invitation,2016.0,"Comedy,Drama",5.4,144,movie,tt5080356
Deuces,2016.0,"Action,Crime,Drama",5.8,1164,movie,tt5081606
Nila,2016.0,"Drama,Romance",6.7,294,movie,tt5082662
Amar Akbar Anthony,2015.0,"Comedy,Crime,Drama",6.7,3051,movie,tt5082670
The Fear of 13,2015.0,"Biography,Crime,Documentary",7.6,7821,movie,tt5083702
Welcome to the Family,2015.0,"Comedy,Drama",5.6,29,tvMovie,tt5085694
Wildling,2018.0,"Drama,Fantasy,Horror",5.5,14928,movie,tt5085924
Dogs,2016.0,"Drama,Thriller",7.0,3390,movie,tt5088794
Freak Show,2017.0,"Comedy,Drama",6.5,4475,movie,tt5089534
100 Meters,2016.0,"Biography,Comedy,Drama",7.5,7530,movie,tt5089786
Above All Things,2018.0,Drama,6.3,117,movie,tt5089932
Together,2015.0,Comedy,6.5,267,tvSeries,tt5091820
Goyo: The Boy General,2018.0,"Action,Biography,History",6.5,1152,movie,tt5094192
Ant-Man and the Wasp,2018.0,"Action,Adventure,Comedy",7.0,504518,movie,tt5095030
Disappearance,2019.0,"Mystery,Romance,Thriller",3.4,253,movie,tt5096246
Love Wedding Repeat,2020.0,"Comedy,Romance",5.6,23431,movie,tt5096470
Lucifer,2017.0,Horror,6.1,12,movie,tt5096524
21,2016.0,Horror,7.6,33,movie,tt5097012
Chewing Gum,2015.0,Comedy,7.7,11731,tvSeries,tt5097050
Iris,2022.0,"Drama,Thriller",7.2,19,movie,tt5099490
Brotherhood,2015.0,"Documentary,Drama",5.2,27,movie,tt5104002
The Heaven None Missed,2015.0,"Drama,Romance",7.4,2422,movie,tt5104080
The Lost Brother,2015.0,"Comedy,Drama",6.4,144,tvMovie,tt5106368
Starting Over Again,2015.0,Documentary,8.3,16,movie,tt5108234
Lucifer,2016.0,"Horror,Thriller",7.0,79,movie,tt5108516
My Scientology Movie,2015.0,Documentary,6.6,14303,movie,tt5111874
Super Dark Times,2017.0,"Crime,Drama,Thriller",6.6,27737,movie,tt5112578
The Secret Life of Pets 2,2019.0,"Adventure,Animation,Comedy",6.4,79758,movie,tt5113040
The Keeping Hours,2017.0,"Drama,Fantasy,Horror",6.4,4697,movie,tt5114154
Legion,2017.0,"Action,Sci-Fi,Thriller",8.1,104463,tvSeries,tt5114356
Dügün Dernek 2: Sünnet,2015.0,Comedy,6.3,12572,movie,tt5114588
The Rebound,2016.0,"Documentary,Sport",8.6,64,movie,tt5116230
The Secret,2016.0,"Biography,Drama,Thriller",7.1,4298,tvMiniSeries,tt5116280
True to the Game,2017.0,"Crime,Thriller",5.4,954,movie,tt5116504
Unchained: The Untold Story of Freestyle Motocross,2016.0,Documentary,7.8,341,movie,tt5116896
Notes on Blindness,2016.0,"Documentary,Drama",7.0,2264,movie,tt5117222
Frat Star,2017.0,"Comedy,Drama",3.5,815,movie,tt5117484
Peter Rabbit,2018.0,"Adventure,Animation,Comedy",6.6,53979,movie,tt5117670
Oh My God,2015.0,Comedy,4.2,175,movie,tt5119546
Red Christmas,2016.0,"Horror,Thriller",4.3,2522,movie,tt5120400
The Bar,2017.0,Thriller,6.3,30338,movie,tt5121816
Tini: The New Life of Violetta,2016.0,"Adventure,Family,Music",5.4,1514,movie,tt5122374
The Fear,2015.0,Horror,7.0,27,tvSeries,tt5125534
The Pirates of Somalia,2017.0,"Biography,Drama",6.7,12138,movie,tt5126922
Weeds on Fire,2016.0,"Biography,Drama,Sport",6.7,509,movie,tt5128712
Shelter,2016.0,Documentary,7.2,37,movie,tt5130764
The Method,2015.0,"Crime,Drama,Thriller",7.2,3913,tvSeries,tt5135336
Good Luck Chuck,2016.0,Comedy,6.5,46,movie,tt5138210
Russian Doll,2016.0,"Crime,Drama,Mystery",3.8,449,movie,tt5138866
The Beginning of Life,2016.0,"Documentary,Family",7.4,1050,movie,tt5140248
Jagat,2015.0,"Crime,Drama",6.9,199,movie,tt5143450
Burlesque: Heart of the Glitter Tribe,2017.0,Documentary,6.1,188,movie,tt5143770
Justice,2017.0,"Drama,Western",4.1,1458,movie,tt5143890
Circle,2016.0,"Documentary,Family",7.4,10,movie,tt5144638
The Eighties,2016.0,"Documentary,History",8.2,1703,tvMiniSeries,tt5144776
Familiye,2017.0,Drama,6.4,740,movie,tt5145414
Headshot,2016.0,"Action,Crime,Drama",6.3,17624,movie,tt5147214
50/50,2015.0,"Adventure,Reality-TV",7.7,8,tvSeries,tt5148614
Age Gap Love,2014.0,"Documentary,Romance",6.1,88,tvSeries,tt5149506
Retribution,2016.0,"Drama,Mystery,Thriller",7.0,9269,tvMiniSeries,tt5149528
Tony Robbins: I Am Not Your Guru,2016.0,Documentary,6.6,4873,movie,tt5151716
Jacob's Ladder,2014.0,"Biography,Documentary,History",6.8,8,movie,tt5152604
First Love,2019.0,Drama,6.8,50,movie,tt5155360
Zoo,2013.0,"Comedy,Family",8.9,13,tvSeries,tt5155648
The Discovery,2017.0,"Drama,Romance,Sci-Fi",6.2,40964,movie,tt5155780
Cardboard Gangsters,2017.0,"Crime,Drama",6.4,3514,movie,tt5156274
Miss Rose,2012.0,"Comedy,Romance",6.4,86,tvSeries,tt5156528
The Plan,2015.0,Thriller,7.3,89,movie,tt5156652
Force 2,2016.0,"Action,Thriller",6.2,6484,movie,tt5156746
The Climb,2017.0,"Comedy,Drama,Romance",6.9,9036,movie,tt5157682
Zoé: Panoramas,2017.0,"Documentary,Music",7.0,90,movie,tt5158844
Nibunan,2017.0,"Action,Crime,Thriller",6.5,1147,movie,tt5159408
The Pass,2016.0,"Drama,Romance",6.5,4948,movie,tt5160154
Mean Dreams,2016.0,"Drama,Thriller",6.3,5336,movie,tt5160928
The Family,2017.0,"Documentary,Drama",7.6,174,movie,tt5161028
Blessed Benefit,2016.0,"Comedy,Drama",6.5,805,movie,tt5161784
6-5=2,2014.0,Horror,4.5,283,movie,tt5162476
Oh My God,2017.0,Drama,6.4,18,movie,tt5162904
Jeremiah Tower: The Last Magnificent,2016.0,"Biography,Documentary",6.6,568,movie,tt5163286
In Darkness,2018.0,"Mystery,Thriller",5.8,15517,movie,tt5164184
The Land,2016.0,Drama,6.4,1999,movie,tt5164412
Rustom,2016.0,"Crime,Drama,Thriller",7.0,31733,movie,tt5165344
Rainbow Time,2016.0,"Comedy,Drama",5.9,846,movie,tt5167174
The Hunt,2015.0,"Documentary,Family",9.2,4653,tvMiniSeries,tt5167198
"I, Daniel Blake",2016.0,Drama,7.8,68769,movie,tt5168192
Single,2015.0,"Comedy,Romance",6.7,869,movie,tt5169582
Behind Enemy Lines,2001.0,Drama,7.2,49,tvSeries,tt5170230
Vagabond,2015.0,Adventure,8.1,9,tvSeries,tt5171534
Buster's Mal Heart,2016.0,"Crime,Drama,Mystery",6.1,12187,movie,tt5173032
Holy Camp!,2017.0,Musical,6.2,5028,movie,tt5176252
The Doll,2017.0,"Fantasy,Horror,Sci-Fi",2.3,781,movie,tt5176832
Life in the Doghouse,2018.0,Documentary,8.4,813,movie,tt5178264
Jericho,2016.0,"Drama,Western",6.8,1695,tvSeries,tt5178604
Arthur,2015.0,"Comedy,Crime,Drama",8.4,27,tvMiniSeries,tt5180052
The Witcher,2019.0,"Action,Adventure,Drama",7.8,624312,tvSeries,tt5180504
Secrets of Great British Castles,2015.0,"Documentary,History",7.7,1366,tvSeries,tt5181284
Reply 1988,2015.0,"Comedy,Drama,Family",9.0,19863,tvSeries,tt5182866
Making a Murderer,2015.0,"Crime,Documentary",8.5,108917,tvSeries,tt5189670
Happy Hunting,2017.0,"Drama,Horror,Western",5.1,3009,movie,tt5189770
Mohawk,2017.0,"Action,Drama,History",4.7,1805,movie,tt5189828
68 Kill,2017.0,"Comedy,Crime,Thriller",6.1,7232,movie,tt5189894
The Break,2016.0,Drama,6.8,228,tvSeries,tt5191128
Dedemin Fisi,2016.0,"Comedy,Family",5.6,4356,movie,tt5191238
Dawn of the Croods,2015.0,"Adventure,Animation,Comedy",5.9,1105,tvSeries,tt5193172
Wanted,2016.0,"Action,Crime,Drama",7.6,7117,tvSeries,tt5193358
Brotherhood,2016.0,"Crime,Drama,Thriller",6.0,4533,movie,tt5193784
Grand Hotel,2016.0,"Comedy,Drama",6.3,747,movie,tt5195390
Wakefield,2016.0,Drama,6.3,19487,movie,tt5195412
Amateur,2016.0,Thriller,5.3,158,movie,tt5196660
Van Helsing,2016.0,"Action,Drama,Fantasy",6.3,26665,tvSeries,tt5197820
Tabula Rasa,2017.0,"Drama,Horror,Thriller",7.9,12017,tvMiniSeries,tt5197860
Ho Mann Jahaan,2015.0,"Drama,Music,Musical",7.0,1945,movie,tt5200814
Delirium,2015.0,"Drama,Horror,Sci-Fi",6.2,31,movie,tt5203722
A Plastic Ocean,2016.0,Documentary,7.9,3387,movie,tt5203824
Another Forever,2016.0,Drama,5.2,562,movie,tt5204636
Strange Weather,2016.0,Drama,6.0,2008,movie,tt5205210
The Willoughbys,2020.0,"Adventure,Animation,Comedy",6.4,23816,movie,tt5206260
X: Past Is Present,2015.0,"Drama,Mystery,Romance",5.2,773,movie,tt5207116
Hostages,2017.0,"Crime,Drama,History",6.1,2140,movie,tt5207262
Cargo,2017.0,Drama,6.8,100,movie,tt5207838
Enemy,2015.0,"Drama,Fantasy,Mystery",5.8,23,movie,tt5207964
Kickboxer: Retaliation,2018.0,"Action,Drama",5.0,6837,movie,tt5208950
The C Word,2016.0,Documentary,7.6,488,movie,tt5212792
Imposters,2017.0,"Comedy,Crime,Drama",7.8,16534,tvSeries,tt5212822
Oasis: Supersonic,2016.0,"Biography,Documentary,Music",7.8,14008,movie,tt5213534
Jessica Darling's It List,2016.0,Family,5.5,1255,movie,tt5213744
Bad Blood,2015.0,"Crime,Reality-TV",7.1,36,tvSeries,tt5219012
Class Rank,2017.0,"Comedy,Drama,Family",6.5,1898,movie,tt5219972
Spotlight,1968.0,Music,6.6,10,tvSeries,tt5220054
Hotel Transylvania 3: Summer Vacation,2018.0,"Adventure,Animation,Comedy",6.3,101966,movie,tt5220122
Aquarius,2016.0,Drama,7.4,22286,movie,tt5221584
White Fang,2018.0,"Adventure,Animation,Drama",6.9,4526,movie,tt5222768
Dangal,1977.0,Action,3.9,19,movie,tt5224274
The Eyes of My Mother,2016.0,"Drama,Horror,Thriller",6.2,15951,movie,tt5225338
Tremors,2018.0,"Comedy,Horror",7.6,764,tvMovie,tt5226220
A Second Chance,2015.0,"Drama,Romance",7.1,500,movie,tt5226380
Beiimaan Love,2016.0,"Drama,Romance,Thriller",2.9,596,movie,tt5227468
The End,2016.0,Drama,5.5,336,movie,tt5231798
A Touch of Green,2015.0,"Drama,War",8.4,499,tvSeries,tt5231950
The Murder Detectives,2015.0,"Crime,Documentary",7.7,260,tvMiniSeries,tt5232348
Bromance,2015.0,Drama,7.8,541,tvSeries,tt5232464
Lost in Space,2018.0,"Adventure,Drama,Family",7.3,114448,tvSeries,tt5232792
Before the Summer Crowds,2015.0,Drama,5.4,688,movie,tt5233554
The Death and Life of Marsha P. Johnson,2017.0,"Biography,Documentary",7.2,3383,movie,tt5233558
Juana Brava,2015.0,Drama,6.3,34,tvMiniSeries,tt5235318
Marco Polo: One Hundred Eyes,2015.0,"Action,Drama,History",7.7,12383,tvMovie,tt5235348
Wild Alaska,2012.0,Documentary,7.1,25,movie,tt5235694
A Flying Jatt,2016.0,"Action,Adventure,Comedy",3.2,6451,movie,tt5235880
Word Party,2016.0,"Animation,Family",5.5,435,tvSeries,tt5235950
Kalki,2015.0,"Action,Thriller",7.6,48,movie,tt5236238
Bob's Broken Sleigh,2015.0,"Adventure,Animation,Family",4.7,257,tvMovie,tt5236758
Assimilate,2019.0,"Horror,Sci-Fi,Thriller",5.3,6839,movie,tt5238904
Rita,2018.0,Documentary,8.3,48,movie,tt5239560
Heal,2017.0,Documentary,7.0,3181,movie,tt5239942
God Eater,2015.0,"Action,Animation,Sci-Fi",6.9,2612,tvSeries,tt5240222
Brahman Naman,2016.0,Comedy,5.5,2182,movie,tt5240748
Enlighten Us,2016.0,Documentary,6.2,652,movie,tt5241010
Conspiracy,2014.0,Drama,5.0,11,movie,tt5241834
The Story of God with Morgan Freeman,2016.0,"Adventure,Documentary,History",7.8,5615,tvSeries,tt5242220
You Can Tutu,2017.0,Family,4.4,195,movie,tt5242920
Riding Faith,2020.0,Family,4.6,301,movie,tt5244812
How It Ends,2018.0,"Action,Drama,Horror",5.1,64134,movie,tt5246700
Erased,2016.0,"Animation,Crime,Drama",8.4,76559,tvMiniSeries,tt5249462
The Bachelors,2017.0,"Comedy,Drama,Romance",6.8,6280,movie,tt5253282
Dream Factory,2017.0,"Drama,Family",6.5,154,movie,tt5254636
He Even Has Your Eyes,2016.0,Comedy,6.2,3451,movie,tt5256722
The Wedding Party,2016.0,"Comedy,Romance",5.0,243,movie,tt5260026
Bad Rap,2016.0,"Documentary,Music",6.5,222,movie,tt5264178
The Untamed,2016.0,"Drama,Horror,Mystery",6.1,7821,movie,tt5265960
Rogue Warfare,2019.0,"Action,War",3.0,1653,movie,tt5266668
Step Sisters,2018.0,Comedy,5.5,5126,movie,tt5267472
Sword Master,2016.0,"Action,Drama",6.0,2774,movie,tt5269396
Ten Years,2015.0,Drama,6.9,1979,movie,tt5269560
Marcella,2016.0,"Crime,Drama,Mystery",7.3,41373,tvSeries,tt5269594
Submission,2019.0,Horror,6.6,38,movie,tt5270732
Chappaquiddick,2017.0,"Biography,Drama,History",6.4,15523,movie,tt5270948
The Christmas Project,2016.0,"Comedy,Family",5.6,602,movie,tt5271120
The Free Man,2016.0,"Action,Documentary,Sport",6.3,77,movie,tt5271264
Refugee,2003.0,Documentary,7.3,24,movie,tt5271690
Raising the Bar,2016.0,"Drama,Family,Sport",5.5,1907,movie,tt5274066
Lo and Behold: Reveries of the Connected World,2016.0,Documentary,7.0,13927,movie,tt5275828
Norman Lear: Just Another Version of You,2016.0,"Biography,Documentary,History",7.3,509,movie,tt5275866
Chelsea Does,2016.0,"Documentary,Talk-Show",7.4,2664,tvSeries,tt5275894
The Bad Kids,2016.0,Documentary,7.0,693,movie,tt5278458
Audrie & Daisy,2016.0,"Crime,Documentary",7.2,7533,movie,tt5278460
Holy Hell,2016.0,"Documentary,Drama",7.0,6598,movie,tt5278464
Newtown,2016.0,"Documentary,History",6.9,1762,movie,tt5278578
Sky Ladder: The Art of Cai Guo-Qiang,2016.0,Documentary,7.3,1741,movie,tt5278930
When Two Worlds Collide,2016.0,Documentary,7.5,585,movie,tt5278932
Yankee,2020.0,Drama,6.6,20,movie,tt5280532
Girls und Panzer der Film,2015.0,"Action,Animation,Comedy",7.4,1059,movie,tt5284414
Don't Crack Under Pressure,2015.0,"Documentary,Sport",6.5,358,movie,tt5284552
Dancing Quietly,2016.0,"Comedy,Drama",6.2,426,movie,tt5287914
Zero,2016.0,"Fantasy,Horror,Mystery",6.3,631,movie,tt5288552
Kyaa Kool Hain Hum 3,2016.0,Comedy,2.0,4714,movie,tt5290620
Internet Famous,2016.0,Comedy,3.5,1266,movie,tt5291862
Catfight,2016.0,"Action,Comedy,Drama",5.9,7654,movie,tt5294198
Eli,2019.0,"Drama,Horror,Mystery",5.8,45640,movie,tt5294518
Crashing,2016.0,Comedy,7.6,29586,tvSeries,tt5295524
Designated Survivor,2016.0,"Action,Drama,Mystery",7.4,116529,tvSeries,tt5296406
Sweetheart,2013.0,"Drama,Romance",5.4,10,movie,tt5296890
Zindagi Kitni Haseen Hay,2016.0,"Adventure,Drama,Romance",5.6,830,movie,tt5297578
What Happens to My Family,2015.0,Comedy,7.4,845,tvSeries,tt5301950
Uncertain Glory,2017.0,Drama,6.2,1091,movie,tt5304874
A Grand Night In: The Story of Aardman,2015.0,"Documentary,History",7.5,873,tvMovie,tt5304980
Set It Up,2018.0,"Comedy,Romance",6.5,77539,movie,tt5304992
93 Days,2016.0,Drama,6.1,1887,movie,tt5305246
The Rain,1976.0,"Musical,Romance",7.9,14,movie,tt5311420
Sairat,2016.0,"Drama,Romance",8.3,16564,movie,tt5312232
Aerials,2016.0,"Drama,Sci-Fi,Thriller",1.5,435,movie,tt5314138
Osmosis,2015.0,"Drama,Sci-Fi,Thriller",6.7,58,tvSeries,tt5315156
Close,2019.0,"Action,Drama,Thriller",5.7,28990,movie,tt5316540
Franca: Chaos and Creation,2016.0,"Biography,Documentary",7.5,790,movie,tt5317286
The Little Prince,2015.0,Documentary,8.0,5,movie,tt5317732
People You May Know,2017.0,"Comedy,Drama,Romance",5.5,1730,movie,tt5318534
The Cuba Libre Story,2015.0,"Documentary,History",7.6,2275,tvMiniSeries,tt5319838
Degrassi: Next Class,2016.0,"Drama,Romance",6.8,4147,tvSeries,tt5320160
Mom,2015.0,Drama,6.6,15,tvSeries,tt5321476
House of Z,2017.0,Documentary,6.8,526,movie,tt5321568
Poshter Girl,2016.0,Comedy,6.7,403,movie,tt5323386
Solo,2016.0,Comedy,5.6,303,movie,tt5324364
The Arbitration,2016.0,Comedy,8.3,15,movie,tt5326466
One Last Thing,2018.0,Drama,6.4,678,movie,tt5327410
Forgotten in California,2020.0,Documentary,7.8,26,movie,tt5329934
Theater of Life,2016.0,Documentary,6.7,294,movie,tt5331878
Bromance,2016.0,"Comedy,Drama,Romance",6.0,839,movie,tt5332158
Signal,2016.0,"Crime,Drama,Fantasy",8.4,12511,tvSeries,tt5332206
Power Rangers Ninja Steel,2017.0,"Action,Adventure,Comedy",5.7,1541,tvSeries,tt5335606
Reckoning,2017.0,"Crime,Drama",7.1,12,movie,tt5335830
Charité,2017.0,"Drama,History,Sci-Fi",7.8,4077,tvSeries,tt5337806
Sur Sapata,2019.0,"Comedy,Drama,Sport",7.2,59,movie,tt5338082
One Day at a Time,2017.0,"Comedy,Drama",8.1,20130,tvSeries,tt5339440
Mike Epps: Don't Take It Personal,2015.0,Comedy,4.5,364,movie,tt5339586
Shot in the Dark,2017.0,Documentary,7.5,149,movie,tt5341032
Always Be My Maybe,2016.0,Romance,6.5,466,movie,tt5341036
Aurora,2016.0,Horror,5.2,28,movie,tt5341128
Moh Maya Money,2016.0,"Crime,Drama,Thriller",5.8,483,movie,tt5343678
Mobile Suit Gundam: Iron-Blooded Orphans,2015.0,"Action,Animation,Drama",7.9,2768,tvSeries,tt5344382
Sniper: Special Ops,2016.0,"Action,Thriller,War",3.0,4046,movie,tt5344794
Under Arrest,1993.0,"Crime,Reality-TV",7.4,354,tvSeries,tt5345002
Cooked,2016.0,Documentary,8.0,3295,tvMiniSeries,tt5347906
Barry,2018.0,"Action,Comedy,Crime",8.3,145337,tvSeries,tt5348176
Ma Chu Ka,2017.0,"Crime,Mystery,Thriller",5.0,104,movie,tt5349672
Tales by Light,2015.0,Documentary,8.2,2125,tvSeries,tt5350276
Jonathan,2016.0,"Drama,Mystery,Romance",6.4,1319,movie,tt5350358
Born in Syria,2016.0,Documentary,7.7,388,movie,tt5356680
One Night Stand,2016.0,"Drama,Romance",3.2,1584,movie,tt5358948
The Hurricane Heist,2018.0,"Action,Adventure,Crime",5.2,23860,movie,tt5360952
White Nights,2015.0,"Drama,Mystery",6.4,13,movie,tt5363068
The Last O.G.,2018.0,Comedy,7.0,4248,tvSeries,tt5363912
Disenchantment,2018.0,"Action,Adventure,Animation",7.2,81036,tvSeries,tt5363918
Balu Mahi,2017.0,"Adventure,Drama,Romance",5.9,664,movie,tt5370442
Sicilian Ghost Story,2017.0,"Crime,Drama,Fantasy",6.5,2508,movie,tt5375434
U Turn,2016.0,"Crime,Horror,Mystery",7.4,4510,movie,tt5377564
The Killer,2017.0,"Drama,Western",6.0,3089,movie,tt5379294
Spark,2016.0,Drama,4.8,26,tvSeries,tt5396410
Lifeline,2016.0,"Crime,Drama,Fantasy",6.2,334,tvSeries,tt5396928
Anon,2018.0,"Crime,Mystery,Sci-Fi",6.1,52372,movie,tt5397194
Feminists: What Were They Thinking?,2018.0,Documentary,7.1,2601,movie,tt5419676
Riverdale,2017.0,"Crime,Drama,Mystery",6.4,167074,tvSeries,tt5420376
Walking Out,2017.0,"Adventure,Drama,Mystery",5.8,7093,movie,tt5420886
Anne with an E,2017.0,"Drama,Family",8.6,82910,tvSeries,tt5421602
Voice,2012.0,Talk-Show,5.6,11,tvSeries,tt5423424
Nails,2016.0,"Comedy,Crime",5.2,17,movie,tt5430840
The Black Room,2017.0,"Comedy,Horror",3.4,3193,movie,tt5431600
The Traffickers,2016.0,"Crime,Documentary,Reality-TV",7.2,258,tvSeries,tt5432424
Broken,2016.0,Drama,6.3,44,tvMovie,tt5432616
Little Sister,2016.0,"Comedy,Drama",6.3,3969,movie,tt5434870
Gilmore Girls: A Year in the Life,2016.0,"Comedy,Drama",7.4,50749,tvMiniSeries,tt5435008
Barakah Meets Barakah,2016.0,"Comedy,Romance",6.2,2007,movie,tt5435084
The Secret,2016.0,"Drama,Mystery,Romance",5.1,122,movie,tt5436486
Life,2017.0,"Horror,Sci-Fi,Thriller",6.6,279646,movie,tt5442430
24 Hours to Live,2017.0,"Action,Sci-Fi,Thriller",5.8,17517,movie,tt5442456
The Tenth Man,2016.0,"Comedy,Drama,Romance",5.8,1353,movie,tt5446610
The Workshop,2016.0,Reality-TV,7.9,12,tvSeries,tt5447282
Our House,2016.0,Comedy,6.6,30,tvMiniSeries,tt5451040
Godless,2016.0,Drama,6.1,760,movie,tt5451054
The Motive,2017.0,"Comedy,Crime,Drama",6.5,7085,movie,tt5451244
Sweetheart,2016.0,Romance,6.3,77,movie,tt5454506
Love Is Blind,2016.0,"Comedy,Romance",5.7,81,movie,tt5454690
Judwaa 2,2017.0,"Action,Comedy,Romance",3.7,12906,movie,tt5456546
Chupan Chupai,2017.0,"Comedy,Crime",5.4,292,movie,tt5457656
The Night Shift,2016.0,Horror,2.4,174,movie,tt5458888
Search Party,2016.0,"Comedy,Crime,Drama",7.6,15802,tvSeries,tt5460226
Kaabil,2017.0,"Action,Crime,Drama",7.2,33574,movie,tt5460276
Bodyguard,2016.0,"Action,Drama,Thriller",5.9,5365,movie,tt5460508
The Clapper,2017.0,"Comedy,Drama",5.2,9056,movie,tt5461956
Skin,2015.0,Documentary,6.8,7,movie,tt5462668
Kong: King of the Apes,2016.0,"Action,Adventure,Animation",5.7,474,tvSeries,tt5462936
Tiger,2007.0,"Action,Drama,Thriller",6.7,94,movie,tt5465496
Kaal,2007.0,Drama,5.6,23,movie,tt5465512
Dramaworld,2016.0,"Comedy,Drama,Fantasy",7.3,2008,tvSeries,tt5468694
The Brawler,2019.0,"Biography,Crime,Drama",4.9,690,movie,tt5471472
Magnus,2016.0,"Biography,Documentary,Sport",7.1,3022,movie,tt5471480
Muzaffarnagar Baaqi Hai,2015.0,Documentary,4.1,1581,movie,tt5473696
Superstar,2011.0,Comedy,5.4,20,movie,tt5473848
Half Girlfriend,2017.0,"Drama,Romance",4.7,8787,movie,tt5474042
School Life,2016.0,Documentary,7.3,355,movie,tt5475022
12 Years Promise,2014.0,"Comedy,Drama,Romance",7.2,222,tvSeries,tt5476252
Strike a Pose,2016.0,"Documentary,Music",7.2,1879,movie,tt5477402
Barry,2016.0,"Biography,Drama",6.0,8146,movie,tt5477566
Hostiles,2017.0,"Drama,Western",7.2,108665,movie,tt5478478
Wolf,2014.0,News,3.7,35,tvSeries,tt5478540
Hero,2012.0,"Action,Crime,Drama",5.7,21,tvMiniSeries,tt5478658
Amar,2017.0,"Drama,Romance",5.1,5364,movie,tt5479616
The Code,2014.0,"Action,Adventure,Sci-Fi",8.6,8,movie,tt5481128
Sinister Circle,2016.0,"Fantasy,Horror",4.6,395,movie,tt5481608
Takers,2016.0,Crime,8.2,20,tvMovie,tt5487758
The Set Up,2016.0,"Action,Thriller",6.1,16,movie,tt5489010
Pandora,2024.0,"Horror,Thriller",3.6,34,movie,tt5490720
Planet Earth II,2016.0,"Documentary,Family",9.4,176529,tvMiniSeries,tt5491994
Cargo,2017.0,Drama,6.4,524,movie,tt5492502
The Little Mermaid,2018.0,"Adventure,Drama,Fantasy",4.3,9938,movie,tt5493944
Alone,2015.0,"Crime,Drama,Fantasy",5.4,103,movie,tt5494382
Bugs,2016.0,Documentary,6.8,252,movie,tt5497906
Unbridled,2017.0,Drama,6.2,150,movie,tt5498056
Monkey Twins,2016.0,"Action,Comedy,Romance",6.8,34,movie,tt5499864
The Redeemed and the Dominant: Fittest on Earth,2016.0,"Documentary,Sport",7.1,1657,movie,tt5503594
Gypsy,2017.0,"Drama,Thriller",6.7,20157,tvSeries,tt5503718
Lo más sencillo es complicarlo todo,2018.0,Comedy,3.8,779,movie,tt5507934
Forget Me Not,2016.0,Documentary,7.2,16,movie,tt5512456
Be Somebody,2016.0,"Comedy,Drama,Romance",5.6,4504,movie,tt5512872
Autohead,2016.0,"Crime,Horror",6.0,427,movie,tt5513098
My Stupid Boss,2016.0,Comedy,7.1,2021,movie,tt5514296
March Comes in Like a Lion,2017.0,"Drama,Sport",6.6,410,movie,tt5514632
Jackpot,2016.0,"Action,Crime,Drama",4.2,21,movie,tt5515434
Godless,2017.0,"Action,Drama,Western",8.2,92250,tvMiniSeries,tt5516154
Ghost Stories,2017.0,"Drama,Horror,Mystery",6.4,40384,movie,tt5516328
Hope Springs Eternal,2018.0,"Comedy,Drama",4.9,610,movie,tt5516404
Boss,2011.0,"Action,Drama",6.8,82,movie,tt5516898
7 Years,2016.0,Drama,6.7,5559,movie,tt5517438
"Houston, We Have a Problem!",2016.0,,7.8,3868,movie,tt5518022
Bright,2017.0,"Action,Fantasy,Thriller",6.3,210841,movie,tt5519340
Good Morning Call,2016.0,"Comedy,Romance",7.4,4123,tvSeries,tt5520732
Panic Room,2016.0,"Action,Drama,Mystery",5.7,110,movie,tt5521836
The Nutcracker and the Four Realms,2018.0,"Adventure,Family,Fantasy",5.6,40862,movie,tt5523010
Tyson,2016.0,"Action,Drama",5.0,47,movie,tt5523590
The Brave,2019.0,"Action,Crime,Thriller",5.2,1172,movie,tt5524630
National Bird,2016.0,Documentary,7.0,748,movie,tt5525310
Pink,2016.0,"Comedy,Drama",1.7,175,movie,tt5525360
Forever Pure,2016.0,Documentary,7.4,875,movie,tt5529828
Frequency,2016.0,"Drama,Fantasy,Mystery",7.4,15009,tvSeries,tt5531470
Gelo,2016.0,Drama,7.0,83,movie,tt5532844
Peter and the Farm,2016.0,"Biography,Documentary",7.1,909,movie,tt5535814
Küçük Esnaf,2016.0,Comedy,5.6,5096,movie,tt5535942
Man with a Plan,2016.0,Comedy,7.0,12573,tvSeries,tt5536400
Private Life,2018.0,"Comedy,Drama",7.2,23943,movie,tt5536610
The Meyerowitz Stories,2017.0,"Comedy,Drama",6.9,57054,movie,tt5536736
Susanne Bartsch: On Top,2017.0,"Biography,Documentary",6.9,208,movie,tt5537600
My Entire High School Sinking Into the Sea,2016.0,"Action,Animation,Comedy",6.2,1316,movie,tt5538568
The Polka King,2017.0,"Biography,Comedy,Drama",6.0,12843,movie,tt5539052
You Get Me,2017.0,"Crime,Drama,Mystery",4.7,15319,movie,tt5539054
Pachamama,2018.0,"Adventure,Animation,Family",6.8,1100,movie,tt5541002
To the Bone,2017.0,Drama,6.7,59886,movie,tt5541240
Guru,2016.0,"Action,Comedy,Drama",5.6,95,movie,tt5541492
What the Health,2017.0,Documentary,7.2,31160,movie,tt5541848
Game,2016.0,"Action,Mystery,Thriller",5.7,206,movie,tt5543690
My Little Baby,2016.0,"Comedy,Drama",6.4,143,tvSeries,tt5546516
The African Doctor,2016.0,"Biography,Comedy,Drama",7.0,12305,movie,tt5555502
The Dreamer,2016.0,Drama,5.1,80,movie,tt5559356
Bromance,2016.0,"Comedy,Short",7.2,19,tvSeries,tt5560470
Easy,2016.0,"Comedy,Drama",6.9,16304,tvSeries,tt5562056
Jewel's Catch One,2016.0,Documentary,7.5,138,movie,tt5562172
60 Days In,2016.0,"Crime,Documentary,Reality-TV",7.6,3676,tvSeries,tt5564124
Friends from College,2017.0,"Comedy,Drama",6.9,25034,tvSeries,tt5565334
A Futile and Stupid Gesture,2018.0,"Biography,Comedy",6.7,19009,movie,tt5566790
Mantostaan,2017.0,"Drama,History",5.5,120,movie,tt5569160
Much Ado About Nothing,2011.0,"Comedy,Romance",8.5,1365,movie,tt5569310
National Treasure,2016.0,Drama,7.3,3566,tvMiniSeries,tt5571524
Pink,2016.0,"Crime,Drama,Thriller",8.0,52631,movie,tt5571734
Bombshell,2016.0,Drama,5.9,95,tvMovie,tt5574792
Clinical,2017.0,"Horror,Thriller",5.1,9827,movie,tt5577742
Once Again,2016.0,"Drama,Family,Romance",5.9,148,movie,tt5578722
Maniac,2018.0,"Comedy,Drama,Sci-Fi",7.6,93921,tvMiniSeries,tt5580146
Amateur,2018.0,"Drama,Sport",5.9,5670,movie,tt5580392
Santa Clarita Diet,2017.0,"Comedy,Horror",7.8,83996,tvSeries,tt5580540
Voltron: Legendary Defender,2016.0,"Action,Adventure,Animation",8.0,11017,tvSeries,tt5580664
Saawan,2016.0,"Drama,Thriller",7.4,321,movie,tt5580778
Fanatic,2016.0,Comedy,6.7,52,movie,tt5580902
DC Super Hero Girls,2015.0,"Action,Adventure,Animation",6.3,996,tvSeries,tt5582302
Run,2016.0,"Action,Drama,Romance",5.5,106,movie,tt5584506
Ugly,2017.0,Drama,5.1,112,movie,tt5584852
Fierce,2016.0,Documentary,8.2,45,tvSeries,tt5585772
The Maus,2017.0,"Drama,Fantasy,Horror",4.4,4865,movie,tt5586362
Revisions,2016.0,"Comedy,Drama",7.7,24,movie,tt5586830
Chris Brown: Welcome To My Life,2017.0,Documentary,5.6,1160,movie,tt5588850
Extracurricular,2018.0,"Drama,Horror,Thriller",5.0,1221,movie,tt5589212
Challenger,2016.0,"Action,Fantasy,Music",8.7,21,tvSeries,tt5593922
Juana Inés,2016.0,"Biography,History",7.6,559,tvMiniSeries,tt5593998
No Tomorrow,2016.0,"Comedy,Drama,Romance",7.2,5556,tvSeries,tt5595688
The Bomb,2016.0,Documentary,6.6,629,movie,tt5596034
In the Shadow of Iris,2016.0,"Drama,Thriller",6.1,4945,movie,tt5598110
Command and Control,2016.0,"Documentary,History",7.3,1067,movie,tt5598206
Team Foxcatcher,2016.0,"Biography,Crime,Documentary",7.2,7727,movie,tt5598216
Polaroid,2019.0,"Drama,Horror,Mystery",5.2,19340,movie,tt5598292
Shadow of Truth,2016.0,"Crime,Documentary",8.0,1626,tvMiniSeries,tt5599272
Laal Rang,2016.0,"Comedy,Crime,Drama",7.8,5478,movie,tt5600714
Blurred Lines: Inside the Art World,2017.0,Documentary,6.4,479,movie,tt5602204
True and the Rainbow Kingdom,2017.0,"Adventure,Animation,Comedy",7.1,654,tvSeries,tt5607658
On Body and Soul,2017.0,"Drama,Fantasy,Mystery",7.5,31740,movie,tt5607714
Ultimate Beastmaster,2017.0,"Game-Show,Reality-TV",7.2,2984,tvSeries,tt5607970
Bir Baba Hindu,2016.0,Comedy,2.6,2810,movie,tt5608972
The Promise,2016.0,Documentary,8.8,10,movie,tt5609150
Dragonheart: Battle for the Heartfire,2017.0,"Action,Adventure,Drama",5.3,3232,movie,tt5610626
Joker,2016.0,"Comedy,Drama",8.3,3873,movie,tt5611648
Walk Away from Love,2017.0,Romance,6.8,140,movie,tt5612182
Black Snow,2017.0,"Crime,Drama,Mystery",6.2,6344,movie,tt5614612
Dear Dad,2016.0,"Drama,Family",6.2,486,movie,tt5615116
Siren,2018.0,"Drama,Fantasy,Horror",7.0,17368,tvSeries,tt5615700
The End,2016.0,Action,4.5,9,movie,tt5616684
Airplane Mode,2019.0,Comedy,1.9,5300,movie,tt5617916
Manhunt,2017.0,"Biography,Crime,Drama",8.1,67420,tvSeries,tt5618256
Flowers,2016.0,"Comedy,Drama",8.0,7484,tvSeries,tt5619658
Pinky Malinky,2018.0,"Animation,Comedy,Family",5.9,1574,tvSeries,tt5621544
Redemption,2020.0,"Crime,Drama,Thriller",5.9,145,movie,tt5621712
The Chosen,2017.0,"Biography,Drama,History",9.1,71217,tvSeries,tt5622316
New Money,2017.0,"Crime,Drama,Thriller",5.8,110,movie,tt5622520
Submission,2016.0,"Drama,Mystery,Romance",5.3,2420,tvMiniSeries,tt5625066
14 Minutes from Earth,2016.0,Documentary,5.7,186,movie,tt5626716
Still,2015.0,"Horror,Sci-Fi",8.3,9,tvSeries,tt5627892
Veerappan,2016.0,"Action,Biography,Crime",5.3,975,movie,tt5632164
Kaleidoscope,2016.0,Thriller,5.8,1221,movie,tt5634088
God's Own Country,2017.0,"Drama,Romance",7.6,42118,movie,tt5635086
El Vato,2016.0,"Comedy,Drama,Music",7.0,144,tvSeries,tt5635260
Love.com,2017.0,"Comedy,Romance",5.7,841,movie,tt5635808
Target,2010.0,Crime,7.0,12,movie,tt5636160
The NSU-Complex,2016.0,Documentary,6.4,365,tvMovie,tt5636536
The Rap Game,2016.0,Reality-TV,6.1,189,tvSeries,tt5637842
The Ritual,2017.0,"Horror,Mystery,Thriller",6.4,147469,movie,tt5638642
Jonathan,2018.0,"Drama,Mystery,Sci-Fi",5.9,7081,movie,tt5639446
Lucha: Playing the Impossible,2016.0,"Documentary,Sport",7.1,71,movie,tt5639784
Social Animals,2018.0,Comedy,5.3,2032,movie,tt5639898
The Mist,2017.0,"Drama,Horror,Mystery",5.4,30763,tvSeries,tt5639976
ARQ,2016.0,"Action,Sci-Fi,Thriller",6.3,44506,movie,tt5640450
Refugee,2018.0,Documentary,7.3,67,movie,tt5642914
Pick of the Litter,2018.0,Documentary,7.6,1752,movie,tt5644050
The King,2017.0,"Action,Crime,Drama",6.8,2768,movie,tt5644740
#Roxy,2018.0,"Comedy,Romance",4.9,397,movie,tt5646082
The Runner,2016.0,Action,5.9,83,tvSeries,tt5647076
The Family,2016.0,"Drama,Short",6.6,14,tvMiniSeries,tt5647440
Friends,2016.0,Comedy,7.7,46,movie,tt5648016
Growing Up Coy,2016.0,Documentary,6.2,403,movie,tt5648966
The Florida Project,2017.0,Drama,7.6,148976,movie,tt5649144
Connected,2016.0,Documentary,7.4,19,movie,tt5649336
Ride Upon the Storm,2017.0,Drama,7.6,1871,tvSeries,tt5651032
Travelers,2016.0,"Drama,Mystery,Sci-Fi",8.0,73083,tvSeries,tt5651844
The Crew,2016.0,"Action,Adventure,Drama",6.6,6646,movie,tt5653294
Bad Day for the Cut,2017.0,"Crime,Drama,Mystery",6.5,9147,movie,tt5653514
Saturday Church,2017.0,"Drama,Fantasy,Music",6.4,1295,movie,tt5654600
Becoming,2015.0,Documentary,2.2,15,tvSeries,tt5654778
Domino,2015.0,Comedy,7.4,41,tvSeries,tt5656176
Elizabeth at 90: A Family Tribute,2016.0,Documentary,7.9,247,tvMovie,tt5656876
Victorious,2020.0,Documentary,6.7,17,movie,tt5656894
Viking Destiny,2018.0,"Action,Adventure,Fantasy",4.4,1280,movie,tt5657280
Mute,2016.0,Drama,7.9,49,movie,tt5662758
Hide and Seek,2016.0,"Mystery,Thriller",5.9,739,movie,tt5662906
Psycho Raman,2016.0,"Crime,Drama,Thriller",7.3,17576,movie,tt5662932
Silvana Sin Lana,2016.0,"Comedy,Drama,Romance",7.3,420,tvSeries,tt5663544
Lady Altagracia,2016.0,"Drama,Romance",7.2,829,tvSeries,tt5663590
The River Thief,2016.0,"Action,Adventure,Crime",5.2,534,movie,tt5664502
Goosebumps 2: Haunted Halloween,2018.0,"Adventure,Comedy,Fantasy",5.6,26809,movie,tt5664636
Sun Dogs,2017.0,"Comedy,Drama",6.3,2742,movie,tt5665452
The Little Hours,2017.0,"Comedy,Romance",5.8,28980,movie,tt5666304
Undercover,2016.0,"Comedy,Crime",4.0,502,movie,tt5667060
Silent,2015.0,Drama,6.5,71,movie,tt5667506
Black Site Delta,2017.0,"Action,Thriller",3.9,1091,movie,tt5667516
The Yard,2016.0,Reality-TV,8.4,18,tvSeries,tt5667572
Wet Hot American Summer: Ten Years Later,2017.0,Comedy,6.8,10573,tvMiniSeries,tt5669272
Watership Down,2018.0,"Action,Adventure,Animation",7.3,7693,tvMiniSeries,tt5670764
Chelsea,2016.0,"Comedy,Talk-Show",6.4,2246,tvSeries,tt5672036
Indian Horse,2017.0,"Drama,Sport",7.3,2883,movie,tt5672286
Genius,2017.0,"Biography,Drama,History",8.2,21256,tvSeries,tt5673782
72 Dangerous Places to Live,2016.0,Documentary,6.2,530,tvMiniSeries,tt5674272
Agent,2017.0,"Action,Sci-Fi,Thriller",3.5,1846,movie,tt5674368
Roots,2016.0,Drama,7.5,21,movie,tt5674574
Something Huge,2017.0,Comedy,4.3,536,movie,tt5674698
Cable Girls,2017.0,"Drama,History",7.5,17964,tvSeries,tt5674718
"Can't Cope, Won't Cope",2016.0,"Comedy,Drama",7.3,995,tvSeries,tt5674872
Another Miss Oh,2016.0,"Comedy,Fantasy,Romance",7.7,2985,tvSeries,tt5679572
Darr Sabko Lagta Hai,2015.0,Horror,6.0,84,tvSeries,tt5680206
Once Again,2016.0,"Drama,Fantasy,Romance",7.2,9,tvSeries,tt5684826
Sustainable,2016.0,"Documentary,History,News",7.3,608,movie,tt5684868
Blood Will Tell,2019.0,"Drama,Mystery,Thriller",6.1,983,movie,tt5687236
Alex Strangelove,2018.0,"Comedy,Drama,Romance",6.3,20785,movie,tt5688996
Dear My Friends,2016.0,"Comedy,Drama",8.2,585,tvSeries,tt5689030
Mom,2017.0,"Crime,Drama,Thriller",7.2,13428,movie,tt5690142
The Windsors,2016.0,Comedy,7.2,3771,tvSeries,tt5692740
The Giant,2017.0,"Drama,History",6.6,4813,movie,tt5693136
Running for Grace,2018.0,"Family,Romance",6.2,2006,movie,tt5696326
Coach Snoop,2016.0,"Documentary,Reality-TV,Sport",6.8,702,tvSeries,tt5697642
Lucknow Central,2017.0,"Action,Drama,Music",6.2,3203,movie,tt5697870
Toon,2016.0,Comedy,7.5,1135,tvSeries,tt5698140
Euphoria,2017.0,"Adventure,Drama,Mystery",5.7,5127,movie,tt5698320
1898: Our Last Men in the Philippines,2016.0,"Drama,History,War",6.5,3843,movie,tt5698568
Train to Busan,2016.0,"Action,Horror,Thriller",7.6,313645,movie,tt5700672
Sardaarji 2,2016.0,"Adventure,Comedy",5.2,857,movie,tt5701172
Heartthrob,2017.0,"Drama,Romance,Thriller",5.4,2784,movie,tt5701718
God Bless the Broken Road,2018.0,"Drama,Family,Romance",5.8,1381,movie,tt5702446
Girlboss,2017.0,Comedy,6.9,20915,tvSeries,tt5706996
Mother,2016.0,"Drama,Horror,Thriller",5.6,1616,movie,tt5707304
Dear White People,2017.0,"Comedy,Drama",6.3,27509,tvSeries,tt5707802
A Yellow Bird,2016.0,Drama,5.4,251,movie,tt5709164
Naledi: A Baby Elephant's Tale,2016.0,Documentary,7.6,420,movie,tt5709762
Mercy,2016.0,"Drama,Mystery,Thriller",4.2,3866,movie,tt5710042
I Don't Feel at Home in This World Anymore,2017.0,"Comedy,Crime,Drama",6.9,68068,movie,tt5710514
Layla M.,2016.0,Drama,6.6,2163,movie,tt5712152
Madaari,2016.0,"Drama,Thriller",7.6,16372,movie,tt5713232
Let's Dance,2019.0,"Drama,Music,Romance",6.4,96,movie,tt5714320
Project Marathwada,2016.0,Drama,6.6,106,movie,tt5714802
The Killing of a Sacred Deer,2017.0,"Drama,Horror,Mystery",7.0,218221,movie,tt5715874
Thumper,2017.0,"Crime,Drama,Thriller",5.8,3119,movie,tt5716380
Where's the Money,2017.0,"Comedy,Crime",5.1,2400,movie,tt5716848
Winsanity,2016.0,Game-Show,6.3,97,tvSeries,tt5717302
Small Crimes,2017.0,"Crime,Drama,Thriller",5.8,9526,movie,tt5717492
9,2016.0,Comedy,6.3,262,movie,tt5719388
Marlon,2017.0,Comedy,6.9,5150,tvSeries,tt5720168
The Worst Witch,2017.0,"Family,Fantasy",7.1,3938,tvSeries,tt5721172
The Last Resort,2016.0,Documentary,6.5,95,movie,tt5721728
Capital in the Twenty-First Century,2019.0,Documentary,7.3,3252,movie,tt5723056
Wheelman,2017.0,"Action,Thriller",6.4,23969,movie,tt5723286
Ethirmarai,2018.0,"Crime,Thriller",6.5,30,movie,tt5725010
Uncut Gems,2019.0,"Crime,Drama,Thriller",7.4,361076,movie,tt5727208
Sour Grapes,2016.0,"Crime,Documentary",7.2,6491,movie,tt5728684
Memoir of a Murderer,2017.0,"Action,Crime,Mystery",7.2,15616,movie,tt5729348
Kiss Me First,2018.0,"Drama,Mystery,Sci-Fi",6.2,4415,tvMiniSeries,tt5730690
The Perfect Day,2017.0,"Action,Drama",2.9,158,movie,tt5730898
Hans Zimmer Live in Prague,2017.0,"Documentary,Music",9.1,3305,tvMovie,tt5732482
For Grace,2016.0,"Drama,Family",7.2,15,movie,tt5732790
Terra,2015.0,Documentary,8.3,2061,tvMovie,tt5733210
God Wars,2017.0,"Action,Adventure,Fantasy",2.6,920,movie,tt5734548
Master,2016.0,"Action,Crime",6.6,2982,movie,tt5735464
The Nineties,2017.0,"Documentary,History",8.1,1486,tvMiniSeries,tt5737432
For the Win,2017.0,Sport,5.5,25,tvSeries,tt5740316
Coin Heist,2017.0,"Crime,Drama,Romance",4.8,3120,movie,tt5740806
Bully,2018.0,Comedy,5.8,767,movie,tt5741008
Jailbreak,2017.0,"Action,Comedy",5.4,1711,movie,tt5741304
Warrior,2019.0,"Action,Crime,Drama",8.4,54197,tvSeries,tt5743796
25 Kille,2016.0,"Comedy,Drama",5.7,123,movie,tt5743858
Chef,2017.0,"Comedy,Drama,Family",5.7,2872,movie,tt5745450
House Arrest,2016.0,"Animation,Comedy,Drama",5.6,45,movie,tt5748506
The Bachelor,2016.0,"Comedy,Romance",4.9,1487,movie,tt5748648
Small Town Crime,2017.0,"Action,Crime,Drama",6.6,13396,movie,tt5751998
Shorgul,2016.0,Drama,5.7,353,movie,tt5752374
Dark,2017.0,"Crime,Drama,Mystery",8.7,559233,tvSeries,tt5753856
The Beast,2019.0,"Horror,Mystery,Thriller",3.5,131,movie,tt5754414
The Unmarried Wife,2016.0,"Drama,Romance",6.1,252,movie,tt5755796
Barcelona: A Love Untold,2016.0,"Drama,Romance",6.7,998,movie,tt5755912
The Players,2017.0,Drama,6.3,11,tvMovie,tt5758172
Funny Boy,1961.0,"Comedy,Musical",7.8,11,tvMovie,tt5758520
Home: Adventures with Tip & Oh,2016.0,"Adventure,Animation,Comedy",6.3,762,tvSeries,tt5759196
Get Shorty,2017.0,"Comedy,Crime",8.2,9400,tvSeries,tt5761496
Lakshya,2015.0,Crime,8.3,8,tvSeries,tt5762426
Between Worlds,2016.0,Drama,7.2,65,movie,tt5762836
Cinderella and the Four Knights,2016.0,"Comedy,Romance",7.4,6645,tvSeries,tt5764414
Thieves of the Wood,2018.0,"Adventure,Drama,History",6.8,3010,tvSeries,tt5766086
"Bring It On, Ghost",2016.0,"Comedy,Fantasy,Horror",7.6,4344,tvSeries,tt5768840
The Dancer,2016.0,War,8.8,8,movie,tt5770556
The Lovers,2017.0,"Comedy,Drama,Romance",6.1,4508,movie,tt5770620
GLOW,2017.0,"Comedy,Drama,Sport",8.0,55077,tvSeries,tt5770786
Sick Note,2017.0,"Comedy,Crime",6.7,9607,tvSeries,tt5770788
Desolate,2018.0,Drama,5.1,512,movie,tt5770836
QB1: Beyond the Lights,2017.0,"Documentary,Sport",7.7,1028,tvSeries,tt5771332
Studio 54,2018.0,"Documentary,History,Music",7.0,3925,movie,tt5773986
Dolphin Kick,2019.0,Adventure,4.6,388,movie,tt5774054
Truckbhar Swapna,2018.0,Drama,5.8,26,movie,tt5774888
Sadie's Last Days on Earth,2016.0,Comedy,5.4,517,movie,tt5777802
Theo Who Lived,2016.0,Documentary,6.9,124,movie,tt5777992
Blockbuster,2017.0,"Comedy,Crime",6.0,538,movie,tt5778384
Julie's Greenroom,2017.0,"Comedy,Family,Musical",8.1,383,tvSeries,tt5779222
Wanted,2016.0,"Drama,Thriller",6.8,110,tvSeries,tt5779344
An Interview with God,2018.0,"Drama,Mystery",5.8,5077,movie,tt5779372
The First Wives Club,2016.0,Comedy,6.3,33,tvMovie,tt5780226
A Scandall,2016.0,Thriller,3.1,174,movie,tt5780570
Not Alone,2017.0,"Crime,Drama,Thriller",7.3,42,movie,tt5781440
Bad Blood,2017.0,Thriller,4.5,234,movie,tt5782040
The Hunt,2016.0,"Action,Adventure,Drama",5.3,282,movie,tt5783112
When We First Met,2018.0,"Comedy,Fantasy,Romance",6.4,57552,movie,tt5783956
Hypersomnia,2016.0,"Fantasy,Horror,Mystery",4.8,1346,movie,tt5786588
Rocco,2016.0,Documentary,5.7,4505,movie,tt5788462
My Happy Family,2017.0,Drama,7.4,4521,movie,tt5791536
III Smoking Barrels,2017.0,Drama,6.6,135,movie,tt5791986
Uncovered,2016.0,"Adventure,Animation,Comedy",8.4,15,tvSeries,tt5792188
Take the 10,2017.0,Comedy,4.8,3532,movie,tt5792472
Insatiable,1969.0,Drama,6.6,237,movie,tt5793194
Gemini,2017.0,"Crime,Drama,Mystery",5.4,5968,movie,tt5795086
Broken,2017.0,Documentary,8.2,7,movie,tt5795094
Room for Rent,2017.0,"Comedy,Mystery,Thriller",5.4,631,movie,tt5796156
Roxanne Roxanne,2017.0,"Biography,Drama,Music",6.2,3945,movie,tt5796838
The Indian Detective,2017.0,"Comedy,Crime,Drama",6.5,3671,tvMiniSeries,tt5797220
Aftermath,2016.0,"Adventure,Sci-Fi,Thriller",4.9,4666,tvSeries,tt5797772
For the Birds,2016.0,"Comedy,Drama,Romance",7.7,456,movie,tt5799756
The Trial,2018.0,Drama,6.9,21,movie,tt5799948
Opening Night,2017.0,Comedy,5.6,11,movie,tt5803374
Sherlock Holmes,2013.0,Drama,7.7,11,tvSeries,tt5803428
I Am Not Your Negro,2016.0,"Documentary,History",7.9,24944,movie,tt5804038
Let There Be Light,2017.0,Drama,4.8,3569,movie,tt5804314
Budhia Singh: Born to Run,2016.0,"Biography,Drama,Sport",7.5,1727,movie,tt5805252
Tread,2019.0,"Crime,Documentary",7.2,3973,movie,tt5807330
Handsome: A Netflix Mystery Movie,2017.0,"Comedy,Mystery",5.2,5474,movie,tt5809020
Deadly Detention,2017.0,"Comedy,Drama,Horror",3.4,1699,movie,tt5810368
The Arbitration,2016.0,Drama,5.6,145,movie,tt5811182
A Witches' Ball,2017.0,"Adventure,Comedy,Family",5.0,489,movie,tt5814408
Zoom,2016.0,"Comedy,Drama,Romance",5.6,152,movie,tt5815346
72 Cutest Animals,2016.0,Documentary,5.7,561,tvMiniSeries,tt5815824
Band Aid,2017.0,"Comedy,Drama,Music",6.6,6235,movie,tt5816374
After,2021.0,"Comedy,Drama",6.9,17,tvSeries,tt5816462
Nasha Natasha,2020.0,"Biography,Documentary,Music",6.5,346,movie,tt5818722
100% Hotter,2016.0,Reality-TV,4.5,908,tvSeries,tt5819414
City in the Sky,2016.0,Documentary,7.9,262,tvMiniSeries,tt5820022
Couples Counseling,2016.0,Comedy,5.6,343,movie,tt5820146
Sei,2018.0,Thriller,4.4,91,movie,tt5820544
The Rehearsal,2016.0,Drama,5.7,333,movie,tt5820812
Manolo: The Boy Who Made Shoes for Lizards,2017.0,"Biography,Documentary,Drama",6.4,587,movie,tt5821256
Deep,2016.0,"Action,Drama",6.6,27,tvMiniSeries,tt5824350
Burning Sands,2017.0,Drama,6.0,3242,movie,tt5826432
Catching Feelings,2017.0,"Comedy,Drama,Romance",5.7,634,movie,tt5827360
Unknown Origins,2020.0,"Action,Crime,Drama",6.1,8112,movie,tt5827790
Rainbow Ruby,2016.0,"Adventure,Animation,Comedy",6.2,160,tvSeries,tt5828144
Fun Mom Dinner,2017.0,Comedy,5.3,6858,movie,tt5829040
Shikari,2016.0,"Action,Crime,Drama",7.1,3063,movie,tt5830022
The Feels,2017.0,"Comedy,Romance",5.1,2377,movie,tt5831402
Udaan,1989.0,Drama,8.0,36,tvSeries,tt5831438
Metro,2016.0,"Action,Crime,Thriller",7.1,943,movie,tt5833302
Dum,2016.0,Action,4.1,24,movie,tt5833824
Shikari,2001.0,"Action,Drama,Romance",6.7,35,movie,tt5834840
Weeds,1976.0,"Drama,Romance",7.2,52,movie,tt5836444
An Upper Egyptian,2014.0,"Action,Comedy,Drama",3.2,399,movie,tt5837152
One Day,2015.0,Thriller,4.9,10,movie,tt5837458
Crime Time,2017.0,Thriller,6.3,112,tvSeries,tt5838200
Paranoid,2016.0,"Crime,Drama,Mystery",6.6,11520,tvMiniSeries,tt5839454
Genius of the Modern World,2016.0,"Biography,Documentary,History",7.6,1153,tvMiniSeries,tt5840122
The Competition,2018.0,"Comedy,Romance",4.5,1463,movie,tt5841344
Dracula,2016.0,"Adventure,Comedy,Fantasy",3.6,1014,movie,tt5842802
Refresh Man,2016.0,"Drama,Romance",7.6,352,tvSeries,tt5842808
Kings,2017.0,"Crime,Drama,Romance",5.1,4055,movie,tt5843850
Detour,2017.0,Thriller,5.9,69,tvMovie,tt5845946
The Saint,2016.0,Drama,6.4,751,movie,tt5846676
Bigger Fatter Liar,2017.0,"Adventure,Comedy,Family",4.0,1208,movie,tt5846744
Ask the StoryBots,2016.0,"Adventure,Animation,Comedy",8.5,1230,tvSeries,tt5846856
Walk. Ride. Rodeo.,2019.0,"Biography,Drama,Sport",6.5,3244,movie,tt5848416
Savage Dog,2017.0,"Action,Drama",5.0,4076,movie,tt5851014
Gnome Alone,2017.0,"Adventure,Animation,Comedy",5.6,4622,movie,tt5851786
It's Fine,2016.0,Comedy,6.3,35,tvSeries,tt5851908
Bachelor Girls,2016.0,Documentary,7.2,88,tvMovie,tt5852292
Grand Hotel,2015.0,"Crime,Drama,Mystery",8.2,2383,tvSeries,tt5857914
Bala Loca,2016.0,"Crime,Drama",7.9,289,tvMiniSeries,tt5858812
The Women Who Kill Lions,2016.0,Documentary,3.9,191,tvMovie,tt5859338
Inconceivable,2016.0,Drama,8.8,93,tvSeries,tt5859832
Who's the One,2011.0,Romance,8.0,29,tvSeries,tt5862130
Veronica,2017.0,"Horror,Mystery",6.2,54177,movie,tt5862312
Uppity: The Willy T. Ribbs Story,2020.0,"Documentary,Sport",7.8,934,movie,tt5862338
Last Chance U,2016.0,"Documentary,Sport",8.4,8046,tvSeries,tt5863126
The Laundromat,2019.0,"Comedy,Crime,Drama",6.3,58535,movie,tt5865326
Paquita Salas,2016.0,Comedy,8.0,4763,tvSeries,tt5866074
Final Shot,2018.0,"Drama,Thriller",3.8,1365,movie,tt5867226
Incomplete,2017.0,Drama,5.5,187,movie,tt5868150
Atomic Puppet,2016.0,"Action,Adventure,Animation",5.7,263,tvSeries,tt5869342
Rock My Heart,2017.0,Drama,6.5,1337,movie,tt5870322
Karkar,2007.0,"Comedy,Drama,Family",3.5,786,movie,tt5870646
Strong Island,2017.0,"Crime,Documentary",6.4,4362,movie,tt5873150
The Student,2017.0,"Crime,Thriller",4.5,835,movie,tt5873672
Rudy Habibie,2016.0,"Biography,Drama,Romance",7.5,1104,movie,tt5874502
World of Winx,2016.0,"Action,Animation,Comedy",6.6,1108,tvSeries,tt5874596
Sometimes,2016.0,Drama,7.2,1040,movie,tt5877882
Spotlight,2001.0,Comedy,8.2,367,tvSeries,tt5879414
Kartini: Princess of Java,2017.0,"Biography,Drama,Family",7.5,776,movie,tt5882416
Fearless,2016.0,Documentary,7.2,374,tvSeries,tt5883700
First Kill,2017.0,"Action,Thriller",5.0,13054,movie,tt5884234
The Super,2017.0,"Horror,Mystery,Thriller",5.2,21839,movie,tt5884784
Disjointed,2017.0,Comedy,6.8,12444,tvSeries,tt5884792
I Am Vengeance,2018.0,Action,4.4,1711,movie,tt5885106
Playing with Fire,1986.0,Drama,3.5,10,tvMovie,tt5886212
The Runner,2021.0,"Crime,Drama,Mystery",4.2,345,movie,tt5886520
Hangman,2018.0,Thriller,6.3,33,movie,tt5887624
Regatta,2015.0,"Action,Crime,Drama",4.5,229,movie,tt5888866
Love Station,2016.0,"Drama,Romance",8.0,79,movie,tt5889406
Ordinary People,2016.0,Drama,7.3,1053,movie,tt5891626
Sandy Wexler,2017.0,"Comedy,Drama,Music",5.3,20767,movie,tt5893332
The Incident,2016.0,Comedy,8.1,15,tvSeries,tt5893918
Cyborg 009: Call of Justice,2016.0,"Action,Animation,Sci-Fi",5.9,447,tvSeries,tt5894272
Kuromukuro,2016.0,"Action,Animation,Sci-Fi",7.1,1646,tvSeries,tt5895314
Cuties,2020.0,Horror,1.5,423,movie,tt5896778
Line Walker,2016.0,"Action,Crime,Mystery",6.0,1774,movie,tt5896962
Mob Psycho 100,2016.0,"Action,Animation,Comedy",8.5,70688,tvSeries,tt5897304
The Investigator: A British Crime Story,2016.0,"Crime,Documentary",5.7,1764,tvSeries,tt5900164
The Reconquest,2016.0,Drama,6.6,1092,movie,tt5900208
Les Misérables,2018.0,"Drama,Romance",7.8,10660,tvMiniSeries,tt5900600
Dying to Tell,2018.0,Documentary,6.8,416,movie,tt5900870
Taken,2016.0,"Crime,Documentary",7.8,23,tvSeries,tt5902924
Hunting Season,2017.0,Drama,6.2,567,movie,tt5903232
Sprinter,2018.0,"Drama,Sport",6.1,610,movie,tt5903926
Vikingane,2016.0,"Comedy,History",7.7,24221,tvSeries,tt5905354
Lifeline,2011.0,Drama,5.8,23,movie,tt5907728
Iceman,2017.0,"Adventure,Drama,Thriller",6.4,3616,movie,tt5907748
Inconceivable,2016.0,"Drama,Thriller",5.0,290,movie,tt5910170
Tunnel,2016.0,"Drama,Thriller",6.8,12301,movie,tt5910280
Mahi NRI,2017.0,"Comedy,Drama",6.6,149,movie,tt5910902
Dangal,2013.0,Action,5.1,32,movie,tt5911540
Wolves,2022.0,"Crime,Drama,Mystery",4.8,394,movie,tt5911600
Kim's Convenience,2016.0,Comedy,8.2,29209,tvSeries,tt5912064
Blue Jay,2016.0,"Drama,Romance",7.2,23222,movie,tt5912454
No Game No Life: Zero,2017.0,"Adventure,Animation,Drama",7.3,5492,movie,tt5914996
A Week in Watts,2018.0,Documentary,6.2,209,movie,tt5916158
Skylanders Academy,2016.0,"Action,Adventure,Animation",6.8,1324,tvSeries,tt5916218
Jindua,2017.0,Family,6.2,365,movie,tt5917052
We Can Be Heroes,2017.0,Adventure,7.2,22,movie,tt5917344
I Am Not Madame Bovary,2016.0,"Comedy,Drama",6.9,2680,movie,tt5918090
Manhunt,2023.0,"Action,Thriller",3.4,83,movie,tt5919216
Heroine,2016.0,"Comedy,Drama",5.6,25,movie,tt5921576
High Society,2016.0,Romance,5.6,1284,tvSeries,tt5923410
Mom,2024.0,"Drama,Thriller",4.6,650,movie,tt5923662
CIA: Comrade in America,2017.0,"Action,Adventure,Romance",6.4,3831,movie,tt5925772
Darra,2016.0,Drama,5.2,53,movie,tt5926848
Wildlife,2018.0,Drama,6.8,33983,movie,tt5929754
Before the Flood,2016.0,"Documentary,News",8.1,29762,movie,tt5929776
Bobby Sands: 66 Days,2016.0,"Biography,Documentary,History",7.2,697,movie,tt5931144
The Professor and the Madman,2019.0,"Biography,Drama,History",7.2,55519,movie,tt5932728
Broken,2018.0,"Crime,Drama",5.2,192,movie,tt5932800
Voyeur,2016.0,Thriller,8.3,12,tvSeries,tt5932928
How to Win the US Presidency,2016.0,Documentary,6.3,142,movie,tt5933588
Mostly Sunny,2016.0,Documentary,5.4,783,movie,tt5935072
Emma' (Mother),2016.0,"Biography,Drama",6.8,184,movie,tt5935682
BuyBust,2018.0,"Action,Crime,Thriller",5.7,2279,movie,tt5938084
The Cult That Stole Children: Inside the Family,2016.0,Documentary,6.3,372,movie,tt5939770
Jinn,2016.0,"Drama,Fantasy,Horror",6.7,20,movie,tt5942108
The Challenge,2016.0,Documentary,6.2,436,movie,tt5943708
Truth or Dare,2016.0,"Drama,Romance",6.3,24,movie,tt5944422
Dear Zindagi,2016.0,"Drama,Romance",7.4,47856,movie,tt5946128
The Heaven None Missed 2,2017.0,"Drama,Romance",6.8,511,movie,tt5946936
We Have Always Lived in the Castle,2018.0,"Drama,Horror,Mystery",5.6,11281,movie,tt5952138
The Ivory Game,2016.0,Documentary,7.8,3660,movie,tt5952266
Amanda Knox,2016.0,"Crime,Documentary",6.9,27678,movie,tt5952332
The B-Side,2016.0,Documentary,6.7,884,movie,tt5952468
The Spy,2019.0,"Biography,Drama,History",7.9,58247,tvMiniSeries,tt5952634
Okafor's Law,2016.0,"Comedy,Drama,Romance",5.3,72,movie,tt5955112
Hitler's Olympics,2016.0,"Documentary,History,Sport",6.6,266,tvMovie,tt5955482
The Guest,2016.0,"Crime,Thriller",4.5,39,movie,tt5955834
Love Off the Cuff,2017.0,"Comedy,Drama,Romance",6.5,1190,movie,tt5956006
Battlefield Recovery,2016.0,"Adventure,Reality-TV",6.4,149,tvSeries,tt5959046
Room for Rent,2016.0,Horror,5.0,59,movie,tt5959904
Mission Control: The Unsung Heroes of Apollo,2017.0,"Documentary,History",7.5,1746,movie,tt5959952
Janaan,2016.0,"Drama,Musical,Romance",6.8,1589,movie,tt5960464
The Fix,2018.0,"Comedy,Talk-Show",7.0,2237,tvSeries,tt5960546
Innocent,2018.0,"Crime,Drama,Mystery",7.4,6341,tvSeries,tt5963958
White Gold,2010.0,History,6.8,9,movie,tt5964246
The K2,2016.0,"Drama,Romance,Thriller",7.7,12995,tvSeries,tt5966882
The Angel,2018.0,"Action,Biography,Drama",6.7,16751,movie,tt5968274
Singularity,2018.0,"Comedy,Sci-Fi",4.5,50,tvMovie,tt5969004
The Little Mermaid,2023.0,"Adventure,Family,Fantasy",7.2,180064,movie,tt5971474
Fearless,2017.0,"Crime,Drama,Mystery",7.5,5983,tvMiniSeries,tt5973164
In Between,2016.0,Drama,7.3,3265,movie,tt5974388
The Women's Balcony,2016.0,"Comedy,Drama",6.6,910,movie,tt5974460
One of Us,2017.0,"Drama,Mystery,Thriller",4.2,740,movie,tt5974626
Scream Park,2017.0,Horror,6.4,11,tvMiniSeries,tt5975548
Bhouri,2016.0,Drama,6.6,672,movie,tt5978194
The Wedding Party,2016.0,"Comedy,Romance",5.9,722,movie,tt5978822
7:19,2016.0,"Drama,History",5.8,721,movie,tt5979312
Bleach,2018.0,"Action,Adventure,Fantasy",6.3,14064,movie,tt5979872
Wrong Side Raju,2016.0,"Drama,Thriller",7.7,1178,movie,tt5979920
Anchor and Hope,2017.0,"Comedy,Drama,Romance",6.3,1255,movie,tt5981304
Tikli and Laxmi Bomb,2017.0,Drama,7.0,7180,movie,tt5983262
The Good Place,2018.0,Drama,6.2,269,movie,tt5984694
Zero,2006.0,"Horror,Thriller",7.6,31,movie,tt5984828
High Society,2017.0,Comedy,5.3,1654,movie,tt5985052
The Beast,2016.0,Thriller,6.0,86,movie,tt5985140
A Chaster Marriage,2016.0,"Comedy,Romance",5.4,1170,movie,tt5985820
I'm Sorry,2017.0,Comedy,8.0,6747,tvSeries,tt5987254
Bad Match,2017.0,"Crime,Horror,Mystery",5.6,5303,movie,tt5990066
The Incredible Jessica James,2017.0,Comedy,6.5,9295,movie,tt5990342
The Trap,2019.0,Comedy,4.3,2105,movie,tt5990444
Cheer Squad,2016.0,Reality-TV,7.2,191,tvSeries,tt5993744
At First Light,2018.0,"Drama,Sci-Fi,Thriller",5.6,4914,movie,tt5994166
Tomorrow with You,2017.0,"Drama,Fantasy,Romance",7.4,1696,tvSeries,tt5994346
The Trial,2014.0,Drama,5.2,14,movie,tt5994472
Tiger,2017.0,"Action,Drama,Thriller",6.7,1180,movie,tt5995602
Jab Harry Met Sejal,2017.0,"Comedy,Drama,Romance",5.1,24472,movie,tt5997666
S Storm,2016.0,"Action,Crime",5.2,873,movie,tt5998744
Flimflam,2016.0,"Comedy,Family",5.5,2074,movie,tt5999382
Deep Water,2016.0,"Crime,Drama,Mystery",6.8,4041,tvMiniSeries,tt6001964
Losing Sight of Shore,2017.0,"Adventure,Documentary,Sport",7.4,721,movie,tt6004848
Wedding Unplanned,2017.0,"Comedy,Drama",6.1,4291,movie,tt6009140
Guru,2017.0,"Action,Drama,Sport",7.5,1036,movie,tt6010240
White Gold,2017.0,Comedy,7.3,14226,tvSeries,tt6010920
The Doll,2016.0,"Horror,Thriller",5.1,1104,movie,tt6011480
All the Devil's Men,2018.0,"Action,Thriller",5.2,3924,movie,tt6012244
What Still Remains,2018.0,"Drama,Thriller",4.7,2317,movie,tt6013156
Chasing the Dragon,2017.0,"Action,Biography,Crime",6.7,4970,movie,tt6015328
China Salesman,2017.0,"Action,Adventure,Thriller",2.6,2261,movie,tt6015706
Bottersnikes & Gumbles,2015.0,"Adventure,Animation,Comedy",5.3,70,tvSeries,tt6015820
The Edge of Democracy,2019.0,"Documentary,History",7.3,16651,movie,tt6016744
The Darkest Dawn,2016.0,Sci-Fi,4.1,2202,movie,tt6017594
Rakkhosh,2019.0,Horror,4.7,219,movie,tt6018556
Pedal the World,2015.0,Documentary,5.0,1143,movie,tt6020164
Bill Nye Saves the World,2017.0,"Comedy,Talk-Show",4.0,7479,tvSeries,tt6021260
Dystopia,2018.0,Sci-Fi,2.5,574,movie,tt6022174
All Light Will End,2018.0,"Horror,Mystery",3.8,1627,movie,tt6023386
Game Winning Hit,2009.0,"Drama,Sport",5.7,112,tvSeries,tt6026194
Freaks,2017.0,"Comedy,Horror",5.2,33,movie,tt6028328
Evening Shadows,2018.0,"Drama,Music,Romance",7.2,647,movie,tt6028796
Bathtubs Over Broadway,2018.0,"Comedy,Documentary,Music",7.6,1307,movie,tt6029778
Polar,2019.0,"Comedy,Drama",7.1,109,movie,tt6032076
American Anarchist,2016.0,Documentary,5.9,1841,movie,tt6032170
Man to Man,2017.0,"Action,Drama,Thriller",7.3,2099,tvSeries,tt6032762
Tik Tok,2016.0,"Action,Crime,Mystery",5.5,733,movie,tt6033150
Detention Letter,2017.0,"Action,Crime,Thriller",4.6,685,movie,tt6034164
The Magic Pill,2017.0,Documentary,7.2,2374,movie,tt6035294
Kulipari,2016.0,"Action,Adventure,Animation",6.7,364,tvSeries,tt6035850
Slam,2018.0,Drama,6.1,218,movie,tt6037866
Zapped,2016.0,"Comedy,Fantasy",6.8,1738,tvSeries,tt6038226
Crazyhead,2016.0,"Comedy,Horror,Sci-Fi",7.2,5774,tvMiniSeries,tt6038584
Don't Look Down,2016.0,Documentary,7.2,132,movie,tt6039512
Tokyo Idols,2017.0,"Documentary,Music",6.9,1383,movie,tt6039532
Mad World,2016.0,Drama,7.2,2148,movie,tt6041030
A Second Chance,2018.0,"Drama,Family",8.6,90,movie,tt6042648
Skin,2018.0,"Biography,Crime,Drama",6.8,21434,movie,tt6043142
Teshan,2016.0,Drama,5.3,65,movie,tt6043298
Operation Mekong,2016.0,"Action,Adventure,Crime",6.5,5744,movie,tt6044910
One in a Billion,2016.0,"Documentary,Sport",6.6,600,movie,tt6045798
Black Lightning,2018.0,"Action,Drama,Sci-Fi",6.1,29330,tvSeries,tt6045840
Molang,2015.0,"Animation,Comedy,Family",8.2,597,tvSeries,tt6046238
Messiah,2013.0,Comedy,7.5,39,tvSeries,tt6047272
The Sinner,2017.0,"Crime,Drama,Mystery",7.8,153878,tvSeries,tt6048596
White Rabbit Project,2016.0,Reality-TV,6.9,1836,tvSeries,tt6048644
Naked,2017.0,"Comedy,Fantasy,Romance",5.4,23757,movie,tt6048930
Children of God,1994.0,Documentary,6.4,683,tvMovie,tt6051792
Professor Mack,2019.0,"Comedy,Romance",3.7,158,movie,tt6052206
Takki,2012.0,Drama,6.3,516,tvMiniSeries,tt6052432
Princess Cyd,2017.0,"Drama,Romance",6.7,4807,movie,tt6053440
The Laws of Thermodynamics,2018.0,Comedy,6.0,3050,movie,tt6053938
Sunday's Illness,2018.0,Drama,6.9,4277,movie,tt6053948
Love O2O,2016.0,"Drama,Romance",7.6,4362,tvSeries,tt6055498
Gook,2017.0,Drama,7.0,2900,movie,tt6057032
Diamond Lover,2015.0,Drama,6.1,215,tvSeries,tt6058496
Yoko,2015.0,"Adventure,Animation,Comedy",7.6,84,tvSeries,tt6058756
Murderous Affairs,2016.0,Crime,6.5,239,tvSeries,tt6059970
Toc Toc,2017.0,Comedy,6.8,23343,movie,tt6060156
Flock of Four,2017.0,"Adventure,Comedy,Drama",6.2,156,movie,tt6060208
First Match,2018.0,"Drama,Sport",6.4,2731,movie,tt6061074
Icarus,2016.0,Drama,6.8,16,tvMiniSeries,tt6062722
Lucifer,2019.0,"Action,Crime,Drama",7.5,16237,movie,tt6067752
Stateless,2020.0,Documentary,7.4,111,movie,tt6067892
Bitch,2017.0,"Comedy,Drama,Thriller",5.2,2322,movie,tt6069264
Colkatay Columbus,2016.0,"Comedy,Drama,Fantasy",4.0,190,movie,tt6069520
Hashoter Hatov,2015.0,Comedy,7.5,531,tvSeries,tt6070434
Gringo: The Dangerous Life of John McAfee,2016.0,"Crime,Documentary",6.7,3761,movie,tt6071534
The Promise,2016.0,Thriller,5.0,22,movie,tt6072400
The Healer,2018.0,Drama,6.5,16,movie,tt6073544
March Comes in Like a Lion,2016.0,"Animation,Comedy,Drama",8.2,4273,tvSeries,tt6074794
The Feels,2016.0,Comedy,7.4,17,tvSeries,tt6074886
Greenhouse Academy,2017.0,"Adventure,Comedy,Drama",6.6,8104,tvSeries,tt6076336
The Natural,2016.0,"Action,Drama,Sci-Fi",7.8,21,tvSeries,tt6077398
Sacred Games,2018.0,"Action,Crime,Drama",8.5,98777,tvSeries,tt6077448
Broken,2017.0,Drama,8.1,3657,tvSeries,tt6078644
Soni,2018.0,"Crime,Drama",7.1,3214,movie,tt6078866
Not Alone,2016.0,Documentary,6.1,202,movie,tt6080158
Bobbi Jene,2017.0,"Documentary,Drama,Romance",6.3,544,movie,tt6082630
God of War,2017.0,"Action,Adventure,Drama",6.4,2582,movie,tt6083388
Limitless,2017.0,Documentary,7.0,100,movie,tt6084030
Moving On,2017.0,Documentary,6.4,5,movie,tt6085890
For the Win,2016.0,Comedy,7.7,19,tvSeries,tt6086426
Because We're Heading Out,2016.0,Comedy,4.2,394,movie,tt6086714
Chef's Table: France,2016.0,Documentary,8.2,2000,tvMiniSeries,tt6088326
The Third Party,2016.0,"Comedy,Drama,Romance",6.2,330,movie,tt6088634
Life Sentence,2018.0,"Comedy,Drama",6.5,4370,tvSeries,tt6088922
Haunting on Fraternity Row,2018.0,"Horror,Mystery,Thriller",3.8,1307,movie,tt6089358
The Hatred,2017.0,"Drama,Horror,Mystery",3.6,2709,movie,tt6089700
Automata,2017.0,"Drama,Mystery,Sci-Fi",6.8,206,tvSeries,tt6089872
Romina,2018.0,"Horror,Thriller",2.3,2492,movie,tt6090044
Barbecue,2017.0,Documentary,6.5,516,movie,tt6090268
Love O2O,2016.0,"Drama,Romance",6.4,1363,movie,tt6091936
Lifeline,2016.0,,6.9,20,movie,tt6094092
Justine,2016.0,Drama,6.3,65,movie,tt6095072
The Angry Birds Movie 2,2019.0,"Action,Adventure,Animation",6.4,44083,movie,tt6095472
Still,2018.0,"Drama,Fantasy,Mystery",5.2,1460,movie,tt6096308
Break,2022.0,Drama,8.4,12,movie,tt6096350
Knock Knock,2017.0,"Comedy,Horror",6.0,60,movie,tt6096414
Toro,2016.0,"Crime,Drama",6.7,22,movie,tt6097002
Daffedar,2016.0,Drama,5.1,25,movie,tt6099884
Lock,2016.0,Thriller,6.0,189,movie,tt6103292
The Reliant,2019.0,Action,3.3,1870,movie,tt6105774
Abhinetri,2016.0,"Comedy,Horror",6.0,434,movie,tt6106494
Damnation,2017.0,"Crime,Drama,Western",7.6,9445,tvSeries,tt6106704
Broken,2016.0,Comedy,7.2,16,tvSeries,tt6107162
The Family,2017.0,Drama,6.8,485,movie,tt6107516
Secret Superstar,2017.0,"Drama,Music",7.7,32620,movie,tt6108090
S.W.A.T.,2017.0,"Action,Adventure,Crime",7.2,42171,tvSeries,tt6111130
Sex Education,2018.0,Drama,6.6,158,movie,tt6111144
Ghost Patrol,2016.0,"Adventure,Animation",5.1,260,tvMovie,tt6111628
Together,2018.0,Romance,7.5,83,movie,tt6111634
The Case for Christ,2017.0,"Biography,Drama",6.4,12135,movie,tt6113488
Lakeeran,2016.0,Drama,6.4,42,movie,tt6115284
The Night Comes for Us,2018.0,"Action,Crime,Thriller",6.9,33506,movie,tt6116856
Shooter,2016.0,Action,6.0,73,movie,tt6117124
Zoom,2016.0,"Crime,Thriller",4.0,10,movie,tt6117454
Maroon,2017.0,Thriller,5.1,341,movie,tt6118058
The Basement,2018.0,Horror,4.0,3927,movie,tt6118340
Irreplaceable You,2018.0,"Comedy,Drama,Romance",6.4,10967,movie,tt6119856
My Only Love Song,2017.0,"Comedy,Fantasy,Romance",6.9,1015,tvSeries,tt6125832
The Outsider,2018.0,"Drama,Romance",6.5,14,movie,tt6127136
Dynasty,2017.0,Drama,7.2,27350,tvSeries,tt6128300
Bhavesh Joshi Superhero,2018.0,"Action,Drama",7.6,11662,movie,tt6129302
On the Real,2016.0,Comedy,9.1,31,tvSeries,tt6133134
Chocolate,2016.0,"Comedy,Thriller",5.6,81,movie,tt6134214
Birdshot,2016.0,"Crime,Drama,Mystery",6.6,1347,movie,tt6135042
Unit 42,2017.0,"Crime,Drama,Thriller",6.9,2856,tvSeries,tt6136644
Innocent,2016.0,"Crime,Drama,Mystery",6.6,203,tvSeries,tt6137888
Fall in Love with Me,2014.0,Romance,7.1,380,tvSeries,tt6139710
The Peacemaker,2016.0,Documentary,7.4,61,movie,tt6140144
Bullitt County,2018.0,"Action,Drama,Thriller",4.7,610,movie,tt6140148
6 Balloons,2018.0,Drama,5.9,4741,movie,tt6142496
The Silence,2016.0,Thriller,5.9,24,movie,tt6143030
The Humanity Bureau,2017.0,"Action,Sci-Fi,Thriller",4.5,12374,movie,tt6143568
Workin' Moms,2017.0,"Comedy,Drama",7.8,26470,tvSeries,tt6143796
The Wrong Babysitter,2017.0,Thriller,3.8,471,tvMovie,tt6145232
21 Thunder,2017.0,Drama,6.1,1113,tvSeries,tt6145878
F.R.E.D.I.,2018.0,"Adventure,Family,Sci-Fi",5.1,1287,movie,tt6146590
The Desert Bride,2017.0,Drama,6.5,772,movie,tt6147512
Ben 10,2016.0,"Action,Adventure,Animation",2.8,7900,tvSeries,tt6148376
King of Peking,2017.0,"Comedy,Drama",6.5,426,movie,tt6148782
Zoo,2018.0,Drama,5.7,120,movie,tt6149820
The Mayor,2017.0,Drama,6.3,527,movie,tt6150238
Evolution,2026.0,"Animation,Comedy,Fantasy",5.3,177,movie,tt6150344
Midnight Diner: Tokyo Stories,2016.0,"Comedy,Drama",8.4,5571,tvSeries,tt6150576
Interrogation,2015.0,"Crime,Drama",7.8,30,movie,tt6150900
The Untold Tales of Armistead Maupin,2017.0,Documentary,7.6,838,movie,tt6151222
The Rainmaker,2025.0,"Crime,Drama,Thriller",7.1,6067,tvSeries,tt6151526
Follow Me,2017.0,Reality-TV,7.1,13,tvSeries,tt6154450
Juanita,2019.0,Drama,6.1,2737,movie,tt6155456
Maggie & Bianca: Fashion Friends,2016.0,"Comedy,Drama,Family",6.1,276,tvSeries,tt6155478
Adrift,2017.0,"Adventure,Drama,Thriller",4.9,3507,movie,tt6155922
37 Seconds,2019.0,Drama,7.4,3593,movie,tt6156138
Snowpiercer,2020.0,"Action,Drama,Sci-Fi",6.9,75915,tvSeries,tt6156584
Sky on Fire,2016.0,"Action,Crime,Thriller",4.6,440,movie,tt6157600
The Force,2017.0,Documentary,6.8,761,movie,tt6159518
StoryBots Super Songs,2016.0,"Animation,Family,Musical",8.6,228,tvSeries,tt6163070
Four Seasons in Havana,2016.0,"Crime,Drama,Thriller",7.5,1190,tvMiniSeries,tt6164872
Good Girls,2016.0,Comedy,7.6,39,tvSeries,tt6165944
Angamaly Diaries,2017.0,"Action,Comedy,Thriller",7.9,7128,movie,tt6167894
Splash and Bubbles,2016.0,"Adventure,Animation,Family",5.3,139,tvSeries,tt6167962
One Day,2016.0,"Drama,Romance",7.7,3188,movie,tt6168298
The Runaways,2019.0,"Drama,Family",5.7,419,movie,tt6168914
A Haunting at Silver Falls: The Return,2019.0,Horror,3.2,377,movie,tt6170262
Naam Shabana,2017.0,"Action,Drama,Thriller",6.2,8509,movie,tt6170954
Behind the Curtain: Todrick Hall,2017.0,"Documentary,Music,Musical",6.9,339,movie,tt6171960
Rocko's Modern Life: Static Cling,2019.0,"Action,Adventure,Animation",6.9,4477,tvMovie,tt6172460
Killer Women with Piers Morgan,2016.0,"Crime,Documentary",6.6,818,tvSeries,tt6172806
The Game,2016.0,Horror,8.5,17,tvSeries,tt6173576
Right Here Right Now,2018.0,"Comedy,Drama,Music",5.4,369,movie,tt6175086
My Sassy Girl,2017.0,"Comedy,Romance",6.9,1123,tvSeries,tt6175760
Whose Streets?,2017.0,Documentary,6.0,1450,movie,tt6176928
Baby,2016.0,Drama,4.3,31,movie,tt6177820
Invisible,2016.0,"Drama,Sci-Fi,Thriller",4.1,96,tvSeries,tt6178894
Natural Selection,2017.0,"Crime,Drama,Thriller",7.1,10,tvSeries,tt6179420
Joy,2016.0,Drama,7.0,46,movie,tt6180144
The Trap,2017.0,"Drama,Horror,Mystery",8.1,38,movie,tt6180656
St. Agatha,2018.0,"Horror,Thriller",4.8,6483,movie,tt6182078
Persona,2016.0,"Crime,Sci-Fi",8.3,13,tvSeries,tt6182868
Iron Cowboy,2018.0,"Documentary,Sport",6.6,575,movie,tt6183106
Black Friday,2017.0,"Comedy,Sci-Fi",5.8,60,movie,tt6183434
Carbon,2017.0,"Crime,Thriller",6.5,3390,movie,tt6183834
Let There Be Light,2017.0,Documentary,6.6,212,movie,tt6184774
Saving Capitalism,2017.0,Documentary,6.8,3546,movie,tt6185286
Brampton's Own,2018.0,Drama,5.2,572,movie,tt6185692
Aussie Gold Hunters,2016.0,"Documentary,Reality-TV",6.9,570,tvSeries,tt6186672
The Most Assassinated Woman in the World,2018.0,"Biography,Drama,Mystery",5.4,1258,movie,tt6186696
Angel Has Fallen,2019.0,"Action,Thriller",6.4,124142,movie,tt6189022
What We Started,2017.0,"Documentary,Music",7.0,1572,movie,tt6191876
The Climb,2017.0,Documentary,8.0,15,movie,tt6192466
The Hollow,2018.0,"Adventure,Animation,Drama",7.2,5961,tvSeries,tt6193336
A Shaun the Sheep Movie: Farmageddon,2019.0,"Adventure,Animation,Comedy",6.8,17612,movie,tt6193408
The Trip to Spain,2017.0,"Adventure,Comedy,Drama",6.6,6775,movie,tt6193424
Spelling the Dream,2018.0,Documentary,6.9,828,movie,tt6193522
Ava,2017.0,"Drama,Romance",6.6,3668,movie,tt6194530
The Price of Success,2017.0,"Comedy,Drama",5.8,447,movie,tt6194540
The Beast,1976.0,"Adventure,Drama",5.0,8,movie,tt6196536
Holy Goalie,2017.0,"Comedy,Sport",5.4,2062,movie,tt6197484
Malicious,2018.0,"Horror,Thriller",5.1,4766,movie,tt6197494
Hajwala: The Missing Engine,2016.0,"Action,Adventure,Crime",2.0,293,movie,tt6200274
Mountain,2017.0,Documentary,7.2,4423,movie,tt6203570
Urvi,2017.0,"Crime,Drama,Thriller",6.7,293,movie,tt6203964
Bullet Head,2017.0,"Crime,Drama,Thriller",5.4,12061,movie,tt6204340
Loaded,2017.0,"Comedy,Drama",6.6,1496,tvSeries,tt6210192
Paper Year,2018.0,"Drama,Romance",5.3,944,movie,tt6212136
Cop and a Half: New Recruit,2017.0,"Action,Adventure,Comedy",5.3,979,tvMovie,tt6212210
Mr. Roosevelt,2017.0,Comedy,6.2,4032,movie,tt6212496
Master,1983.0,Drama,7.4,9,movie,tt6212802
Voice,2017.0,"Action,Crime,Mystery",7.6,3171,tvSeries,tt6212854
One More Time,2016.0,Fantasy,6.8,784,tvMiniSeries,tt6212990
"¡Ay, mi madre!",2019.0,Comedy,3.9,520,movie,tt6213294
One Day,2017.0,"Drama,Fantasy",6.5,762,movie,tt6214734
Super Monsters,2017.0,"Adventure,Animation,Comedy",6.1,524,tvSeries,tt6214876
1922,2017.0,"Crime,Drama,Horror",6.2,79425,movie,tt6214928
Görümce,2016.0,"Comedy,Romance",5.1,4148,movie,tt6215910
Apostle,2018.0,"Drama,Fantasy,Horror",6.3,67094,movie,tt6217306
Calibre,2018.0,"Drama,Thriller",6.8,39445,movie,tt6218358
Spotlight,2016.0,"Comedy,Family,Music",4.9,64,tvSeries,tt6222202
ONE of US,2016.0,Comedy,5.7,15,tvMiniSeries,tt6222946
Top Grier,2016.0,Reality-TV,6.8,58,tvSeries,tt6228688
The Oddbods Show,2016.0,"Animation,Comedy,Family",6.2,471,tvSeries,tt6229656
Unsolved: The Murders of Tupac and the Notorious B.I.G.,2018.0,"Biography,Crime,Drama",7.8,9754,tvMiniSeries,tt6233618
I'm with the Band: Nasty Cherry,2019.0,"Documentary,Music",6.4,190,tvSeries,tt6233916
Servant of the People,2015.0,Comedy,7.3,5116,tvSeries,tt6235122
My Little Baby,2019.0,"Drama,Fantasy,Horror",4.4,24,movie,tt6236592
Macho,2016.0,"Comedy,Romance",4.3,983,movie,tt6237224
Backfire,2017.0,"Crime,Drama",3.6,467,movie,tt6238084
Ravenous,2017.0,"Action,Adventure,Drama",5.8,11130,movie,tt6243140
Leah Remini: Scientology and the Aftermath,2016.0,"Documentary,History,Mystery",8.9,6869,tvSeries,tt6244192
Captive,2016.0,Documentary,6.8,888,tvSeries,tt6246500
Miss Virginia,2019.0,Drama,7.2,1885,movie,tt6246534
Shelter,2017.0,"Drama,Thriller",5.7,611,movie,tt6249434
Payday,2018.0,"Action,Crime,Drama",3.7,155,movie,tt6250554
Under the Eiffel Tower,2018.0,"Comedy,Romance",5.5,1161,movie,tt6251390
Followers,2017.0,"Horror,Thriller",4.1,445,movie,tt6251666
Mirage,1973.0,"Crime,Drama",4.4,12,movie,tt6254264
Black,1975.0,"Action,Crime,Drama",4.6,8,movie,tt6254884
Right Here Right Now,2016.0,Comedy,6.3,55,tvSeries,tt6256610
The Package,2017.0,"Adventure,Comedy,Drama",7.5,543,tvSeries,tt6257658
The End of the F***ing World,2017.0,"Adventure,Comedy,Crime",8.0,249053,tvSeries,tt6257970
Sisters,2017.0,Drama,7.4,1977,tvMiniSeries,tt6258050
The Assignment,1987.0,Comedy,5.6,35,movie,tt6258220
Code 8,2019.0,"Action,Crime,Drama",6.1,58483,movie,tt6259380
Alone,2015.0,Action,3.2,10,movie,tt6262728
Rip Tide,2017.0,"Drama,Family",5.5,4112,movie,tt6262764
Strong Girl Bong-soon,2017.0,"Comedy,Crime,Drama",8.1,24469,tvSeries,tt6263222
Generation Iron 2,2017.0,Documentary,6.1,2619,movie,tt6263642
Heart & Soul,2015.0,Documentary,8.8,25,tvSeries,tt6264106
Nurses Who Kill,2016.0,"Crime,Documentary",5.8,269,tvSeries,tt6264964
A Ghost Story,2017.0,"Drama,Fantasy,Mystery",6.8,87431,movie,tt6265828
Dayveon,2017.0,"Crime,Drama",6.2,612,movie,tt6266218
Holly Star,2018.0,Comedy,5.2,731,movie,tt6268734
The Guest,1976.0,"Adventure,Drama,Romance",5.5,36,movie,tt6268924
Monster Island,2017.0,"Adventure,Animation,Comedy",4.8,896,movie,tt6269658
Good Time,2015.0,"Drama,Romance",7.4,58,tvSeries,tt6270490
Be with You,2015.0,Drama,7.7,24,tvSeries,tt6270550
The Super Parental Guardians,2016.0,Comedy,5.0,335,movie,tt6271110
Daddy Issues,2018.0,"Drama,Romance",4.4,917,movie,tt6271806
Breath,2016.0,"Drama,Family,Fantasy",7.4,1946,movie,tt6272704
Mubarakan,2017.0,"Comedy,Romance",5.6,4634,movie,tt6272828
Back to 1989,2016.0,Drama,7.9,187,tvSeries,tt6273088
Love Now,2012.0,Drama,7.1,178,tvSeries,tt6273116
Vodka Diaries,2018.0,"Mystery,Thriller",5.6,1737,movie,tt6275262
Motu Patlu: King of Kings,2016.0,"Adventure,Animation,Comedy",6.6,266,movie,tt6278732
The Show,2017.0,,2.2,21,tvSeries,tt6280304
Postcards from London,2018.0,Drama,5.3,1535,movie,tt6280608
Kolaiyuthir Kaalam,2019.0,"Drama,Thriller",2.7,511,movie,tt6280858
Withdrawn,2017.0,Drama,5.6,321,movie,tt6281936
Pacific Heat,2016.0,"Action,Animation,Comedy",5.9,1201,tvSeries,tt6283542
Be with Me,2015.0,Drama,7.5,15,tvSeries,tt6283636
Boy Bye,2016.0,"Drama,Romance",5.3,445,movie,tt6283780
Jumping Girl,2015.0,Drama,5.2,72,tvSeries,tt6283832
Love @ Seventeen,2016.0,Drama,6.9,45,tvSeries,tt6283998
Spotlight,2008.0,Drama,7.1,46,tvSeries,tt6284106
Family Business,2018.0,Comedy,4.3,221,movie,tt6286662
The Debt Collector,2022.0,Crime,5.7,27,movie,tt6286798
Quartet,2017.0,"Comedy,Drama,Music",7.8,1994,tvMiniSeries,tt6287398
Bad Guys,2016.0,"Animation,Comedy",6.4,38,tvSeries,tt6287492
Legend of the Naga Pearls,2017.0,"Action,Adventure,Comedy",5.6,1050,movie,tt6288650
Acts of Vengeance,2017.0,"Action,Drama,Thriller",5.7,14787,movie,tt6288694
A Billion Colour Story,2016.0,Drama,8.0,579,movie,tt6289320
When I See You Again,2015.0,Drama,7.0,133,tvSeries,tt6289504
Tong: Memories,2016.0,Drama,8.0,74,tvSeries,tt6289552
Water & Power: A California Heist,2017.0,Documentary,7.3,365,movie,tt6290202
"To Each, Her Own",2018.0,"Comedy,Drama",5.4,2084,movie,tt6290418
First Love,2012.0,"Adult,Animation,Romance",7.0,8,tvMiniSeries,tt6292216
I Am Mother,2019.0,"Drama,Mystery,Sci-Fi",6.7,107087,movie,tt6292852
The Oath,1975.0,"Adventure,Crime,Drama",4.7,17,movie,tt6292924
Running Shaadi,2017.0,"Comedy,Romance",6.4,2820,movie,tt6296236
Seven Seconds,2018.0,"Crime,Drama",7.7,23271,tvMiniSeries,tt6297682
My Secret Romance,2017.0,"Comedy,Romance",7.1,5426,tvSeries,tt6300100
Pandora,2016.0,"Action,Drama,Thriller",6.7,9735,movie,tt6302160
Functional Fitness,2016.0,"Documentary,Sport",4.9,298,movie,tt6302260
Martyrs of Marriage,2016.0,Documentary,8.5,266,movie,tt6304018
Samurai Gourmet,2017.0,"Adventure,Comedy",8.0,2611,tvMiniSeries,tt6304676
Adrift,2018.0,"Action,Adventure,Biography",6.6,66578,movie,tt6306064
Dry Martina,2018.0,"Comedy,Drama",5.7,1300,movie,tt6312802
Kazoops!,2016.0,"Animation,Comedy,Family",7.0,147,tvSeries,tt6312916
Brothers,2017.0,Drama,6.8,136,movie,tt6314294
Atypical,2017.0,"Comedy,Drama",8.2,114914,tvSeries,tt6315640
Tellur Aliens,2016.0,"Adventure,Animation,Comedy",4.4,106,movie,tt6317016
Radium Girls,2018.0,"Drama,History",6.3,2760,movie,tt6317180
Fireworks,2017.0,"Animation,Drama,Fantasy",5.6,4540,movie,tt6317962
The Heretics,2017.0,"Fantasy,Horror,Thriller",4.8,2301,movie,tt6318848
Stranger,2017.0,"Documentary,Drama,Sport",8.6,10,movie,tt6319470
Haunted,2017.0,"Crime,Drama,Horror",4.8,1953,movie,tt6322902
Out of Thin Air,2017.0,"Crime,Documentary",6.3,2609,movie,tt6330514
The Growing Up Pets in Films,2015.0,"Documentary,Family",7.1,475,movie,tt6332994
Casting JonBenet,2017.0,"Crime,Documentary,Drama",6.1,6020,movie,tt6333052
Chasing Coral,2017.0,Documentary,8.0,5982,movie,tt6333054
Icarus,2017.0,"Documentary,Sport",7.9,58528,movie,tt6333060
Nobody Speak: Trials of the Free Press,2017.0,Documentary,6.4,4524,movie,tt6333064
Trophy,2017.0,Documentary,7.3,798,movie,tt6333066
The Wound,2017.0,"Drama,Romance",6.8,2220,movie,tt6333070
Joshua: Teenager vs. Superpower,2017.0,Documentary,7.3,1737,movie,tt6333072
Winnie,2017.0,"Biography,Documentary",6.3,229,movie,tt6333082
Menashe,2017.0,Drama,6.6,2790,movie,tt6333086
Oklahoma City,2017.0,"Crime,Documentary,History",7.4,3086,movie,tt6333090
The Mars Generation,2017.0,Documentary,6.5,1081,movie,tt6333096
Abstract: The Art of Design,2017.0,Documentary,8.3,6259,tvSeries,tt6333098
Hot Girls Wanted: Turned On,2017.0,Documentary,6.6,2529,tvMiniSeries,tt6333104
No Tomorrow,2016.0,"Crime,Drama,Mystery",6.2,96,movie,tt6333380
A Trip to Jamaica,2016.0,"Adventure,Comedy,Drama",5.0,82,movie,tt6334740
Coffee with D,2017.0,Comedy,4.4,2658,movie,tt6334874
Hickok,2017.0,"Drama,Western",4.7,3368,movie,tt6334884
The Island,2017.0,"Documentary,Drama",9.0,10,movie,tt6335394
Carlos Almaraz: Playing with Fire,2019.0,Documentary,7.8,98,movie,tt6335714
The Girl from the Song,2017.0,"Drama,Music,Romance",5.6,1920,movie,tt6336270
Mary and the Witch's Flower,2017.0,"Adventure,Animation,Family",6.8,19603,movie,tt6336356
The House on Coco Road,2016.0,Documentary,7.6,50,movie,tt6338126
Lost in London,2017.0,"Comedy,Drama",6.1,5203,movie,tt6338476
Payday,2016.0,Reality-TV,7.4,37,tvSeries,tt6339980
Rosario Tijeras,2016.0,"Action,Crime,Drama",6.4,777,tvSeries,tt6340304
Burn Out,2017.0,"Action,Thriller",6.2,4882,movie,tt6340604
Spivak,2018.0,Comedy,5.7,909,movie,tt6342110
Funan,2018.0,"Animation,Drama,History",6.9,1205,movie,tt6342440
Love for Sale 2,2015.0,Adult,5.4,9,tvSeries,tt6346152
Jonaki,2018.0,Drama,6.6,318,movie,tt6346982
The Skin of the Wolf,2017.0,Drama,5.9,3842,movie,tt6347150
Beyblade Burst,2016.0,"Action,Adventure,Animation",7.1,1642,tvSeries,tt6348126
What a Wonderful Family!,2017.0,Comedy,4.4,70,movie,tt6349844
Listen,2017.0,"Drama,Romance",6.5,287,movie,tt6350558
Little Witch Academia,2017.0,"Adventure,Animation,Comedy",7.8,5080,tvSeries,tt6352180
Poster Boys,2017.0,Comedy,5.4,1885,movie,tt6352548
Happy New Year,2017.0,Romance,7.0,11,movie,tt6352592
Immortal Classic,2012.0,Romance,7.4,41,tvSeries,tt6352722
Murphy's Law of Love,2015.0,Romance,7.2,291,tvSeries,tt6352754
In Between,2012.0,Drama,7.6,34,tvSeries,tt6352860
The Princess Weiyoung,2016.0,"Drama,History,Romance",7.7,1373,tvSeries,tt6353308
The Disastrous Life of Saiki K.,2016.0,"Animation,Comedy,Fantasy",8.3,16649,tvSeries,tt6354518
Love Cuisine,2015.0,Drama,7.6,58,tvSeries,tt6354744
The Gift,2016.0,Documentary,5.9,9,movie,tt6354904
Revelations,2016.0,Drama,7.4,169,movie,tt6355584
Tunnel,2017.0,"Crime,Drama,Fantasy",8.2,4379,tvSeries,tt6356086
Pup Star: Better 2Gether,2017.0,Family,4.5,298,movie,tt6357074
Love Cheque Charge,2014.0,Drama,7.7,64,tvSeries,tt6357262
Inborn Pair,2011.0,Drama,7.0,159,tvSeries,tt6357282
Happy 300 Days,2013.0,Drama,5.2,24,tvSeries,tt6357786
Skin Wars: Fresh Paint,2016.0,Reality-TV,6.2,373,tvSeries,tt6358798
A Bad Moms Christmas,2017.0,Comedy,5.6,62870,movie,tt6359956
Jack of All Trades,2018.0,Documentary,5.9,1214,movie,tt6360394
The Liar,1975.0,Drama,7.0,40,movie,tt6370082
Bending the Arc,2017.0,Documentary,8.0,457,movie,tt6370266
Chasing Cameron,2016.0,Reality-TV,3.7,1549,tvSeries,tt6370626
Elaan,2011.0,Action,6.8,11,movie,tt6371946
Kevin Hart's Guide to Black History,2019.0,Comedy,5.5,1551,tvMovie,tt6373518
They Are Everywhere,2004.0,Music,5.8,18,tvMovie,tt6374770
Last Ferry,2019.0,"Crime,Drama,Thriller",4.9,2159,movie,tt6378942
Let It Fall: Los Angeles 1982-1992,2017.0,"Documentary,History",7.8,863,movie,tt6379314
Black,2009.0,"Action,Horror",8.9,31,tvSeries,tt6380900
Bhasmasur,2017.0,Drama,6.8,171,movie,tt6381074
Osmosis,2016.0,Drama,5.9,10,movie,tt6381920
Safe,2017.0,Thriller,4.1,85,movie,tt6383726
Heavy Rescue: 401,2016.0,Documentary,7.1,418,tvSeries,tt6385418
Hilda,2018.0,"Adventure,Animation,Drama",8.6,16522,tvSeries,tt6385540
The Bride of Habaek,2017.0,"Comedy,Fantasy,Romance",6.9,4796,tvSeries,tt6385752
Revenge,2017.0,Drama,8.2,21,tvSeries,tt6386074
A Sort of Family,2017.0,"Crime,Drama,Thriller",6.3,820,movie,tt6386168
The Violin Player,2018.0,"Drama,Music,Romance",6.0,520,movie,tt6387506
Bombshell,2019.0,"Biography,Drama",6.8,137272,movie,tt6394270
Union Leader,2017.0,Drama,7.1,495,movie,tt6395306
The Guest,2008.0,Comedy,4.1,281,movie,tt6396378
I am Jane Doe,2017.0,Documentary,6.8,1682,movie,tt6398054
Meditation Park,2017.0,Drama,7.1,643,movie,tt6400316
Unacknowledged,2017.0,Documentary,7.0,9075,movie,tt6400614
P. King Duckling,2016.0,"Animation,Family",6.2,58,tvSeries,tt6403002
Paulettante Veedu,2016.0,Drama,4.2,14,movie,tt6405694
Newness,2017.0,"Drama,Romance",6.3,18685,movie,tt6408226
Spark,2016.0,Drama,6.5,86,tvSeries,tt6409112
The Doll 2,2017.0,"Horror,Thriller",5.1,801,movie,tt6409782
Travelers,2017.0,"Action,Animation,Sci-Fi",4.2,20,movie,tt6409908
The Ballad of Buster Scruggs,2018.0,"Comedy,Drama,Musical",7.2,186559,movie,tt6412452
Someone Like You,2015.0,"Drama,Romance",7.6,172,tvSeries,tt6413302
Residente,2017.0,"Documentary,Music",7.9,425,movie,tt6414866
Hollywood,2016.0,"Action,Comedy,Drama",7.7,8,tvMiniSeries,tt6416690
Kaviyude Osyath,2017.0,Drama,3.5,13,movie,tt6416760
Detour,2016.0,"Comedy,Drama",6.6,75,movie,tt6419524
Supernatural,2017.0,,7.8,5,movie,tt6421464
Meet the Trumps: From Immigrant to President,2017.0,"Biography,Documentary,History",5.1,333,tvMovie,tt6422192
Bad Blood,2017.0,"Crime,Drama",7.5,11121,tvSeries,tt6423364
Lang Tong,2014.0,Thriller,4.7,520,movie,tt6423578
Apache Warrior,2017.0,Documentary,6.6,447,movie,tt6423664
Happy Anniversary,2018.0,Comedy,5.7,4654,movie,tt6423886
Fate/Apocrypha,2017.0,"Action,Animation,Drama",6.6,3386,tvSeries,tt6424454
High Strung Free Dance,2018.0,"Music,Romance",6.8,2497,movie,tt6428150
Earth to Luna!,2014.0,"Animation,Family,Musical",7.8,198,tvSeries,tt6428704
The Demise of ETA,2017.0,"Crime,Documentary,History",6.9,463,movie,tt6431828
The Tree of Blood,2018.0,Drama,6.4,3691,movie,tt6433832
Fallet,2017.0,"Comedy,Crime",6.8,2092,tvSeries,tt6433844
Trash,2020.0,"Adventure,Animation,Comedy",5.3,323,movie,tt6434368
Bethany Hamilton: Unstoppable,2018.0,"Documentary,Sport",7.4,878,movie,tt6435258
El silencio es bienvenido,2017.0,Drama,5.0,129,movie,tt6436212
Wolf,2017.0,Drama,4.1,119,movie,tt6436666
Blaze,2018.0,"Biography,Drama,Music",6.6,4012,movie,tt6443294
Time Share,2018.0,"Drama,Mystery,Thriller",5.9,3232,movie,tt6444140
The Workshop,2017.0,"Drama,Mystery,Thriller",6.5,2406,movie,tt6444838
The Coldest Game,2019.0,"History,Sport,Thriller",6.2,13255,movie,tt6445414
Brothers,2016.0,"Action,Drama,War",4.9,33,movie,tt6447400
Three-Quarters Decent,2010.0,"Comedy,Drama",3.3,80,movie,tt6448440
The Basement,2013.0,,3.5,10,movie,tt6448712
The Island,2010.0,Comedy,2.8,13,movie,tt6449204
Oh My Ghost 4,2015.0,Drama,5.2,66,movie,tt6449382
Bal Ganesh,2007.0,"Animation,Family",7.7,4774,movie,tt6449730
Lu Over the Wall,2017.0,"Adventure,Animation,Comedy",6.8,3033,movie,tt6452332
Sanju,2018.0,"Biography,Comedy,Drama",7.6,68112,movie,tt6452574
Cold Case Files,2017.0,"Crime,Documentary",7.9,1975,tvSeries,tt6459472
Stranger,2017.0,"Crime,Drama,Mystery",8.4,12407,tvSeries,tt6461346
The Brave,2017.0,"Action,Drama,Thriller",7.5,10100,tvSeries,tt6461736
Daddy Issues,2018.0,"Comedy,Romance",5.1,86,movie,tt6462482
The Mayor,2017.0,Comedy,5.8,1817,tvSeries,tt6466972
Somewhere Between,2017.0,"Drama,Mystery,Sci-Fi",6.3,7521,tvSeries,tt6467294
First Love,2017.0,"Drama,Romance",4.6,8,movie,tt6467460
La Mante,2017.0,"Crime,Drama,Thriller",7.4,15014,tvMiniSeries,tt6467482
Galih dan Ratna,2017.0,"Drama,Romance",6.4,310,movie,tt6467500
Money Heist,2017.0,"Action,Crime,Drama",8.2,617274,tvSeries,tt6468322
An Imperfect Murder,2017.0,"Drama,Mystery,Thriller",2.9,2310,movie,tt6469960
Champions,2018.0,Comedy,6.2,4497,tvSeries,tt6470396
Ajji,2017.0,"Crime,Drama",6.8,2046,movie,tt6471054
Bayonet,2018.0,"Drama,Sport",5.6,731,movie,tt6472116
Good Girls,2018.0,"Comedy,Crime,Drama",7.7,68424,tvSeries,tt6474378
Behind Enemy Lines,2017.0,"Action,Drama,Thriller",6.3,91,tvMovie,tt6474504
#Rucker50,2016.0,Documentary,5.2,145,movie,tt6475636
Innocent,2017.0,"Crime,Drama,Mystery",8.3,21842,tvMiniSeries,tt6478318
The Writer,2015.0,Drama,8.2,46,tvSeries,tt6483304
One Heart: The A.R. Rahman Concert Film,2017.0,"Documentary,Music",8.4,270,movie,tt6484956
Quién te cantará,2018.0,"Drama,Music,Mystery",6.9,3485,movie,tt6485304
Mersal,2017.0,"Action,Crime,Fantasy",7.5,42563,movie,tt6485666
The Land of Steady Habits,2018.0,"Comedy,Drama",6.2,9637,movie,tt6485928
Insatiable,2018.0,"Comedy,Drama,Thriller",6.5,36615,tvSeries,tt6487482
Eternal Love,2017.0,"Drama,Fantasy,Romance",8.2,3756,tvSeries,tt6488862
Clive Davis: The Soundtrack of Our Lives,2017.0,"Documentary,Music",7.5,1400,movie,tt6494358
Like Arrows,2018.0,Drama,6.5,712,movie,tt6495388
Ingobernable,2017.0,"Crime,Drama,Mystery",7.0,3684,tvSeries,tt6495756
We're Lalaloopsy,2017.0,Animation,7.0,75,tvSeries,tt6495788
Danur,2017.0,"Horror,Mystery,Thriller",5.3,1277,movie,tt6496236
Shopkins,2014.0,Animation,6.1,66,tvMiniSeries,tt6499498
The Keepers,2017.0,Action,8.1,13,tvSeries,tt6502890
Yucatan,2018.0,"Adventure,Comedy",5.6,2521,movie,tt6502956
Valor,2017.0,Drama,6.0,3759,tvSeries,tt6503244
The 3rd Eye,2017.0,"Drama,Fantasy,Horror",5.1,1852,movie,tt6506146
Ghosts of War,2020.0,"Fantasy,Horror,Thriller",5.6,13802,movie,tt6508228
Private Life,2017.0,Drama,7.0,99,tvMiniSeries,tt6512054
Long Live Brij Mohan,2017.0,"Comedy,Crime,Drama",6.5,3056,movie,tt6514010
Baazaar,2018.0,"Crime,Drama,Thriller",6.5,6523,movie,tt6514196
Noblemen,2018.0,Drama,5.6,386,movie,tt6514218
Let It Snow,2017.0,Comedy,4.0,226,movie,tt6515420
Chicago Typewriter,2017.0,"Drama,Fantasy,Romance",8.2,2503,tvSeries,tt6516076
Piercing,2018.0,"Horror,Mystery,Thriller",5.5,9263,movie,tt6516314
Castlevania,2017.0,"Action,Adventure,Animation",8.3,96235,tvSeries,tt6517102
An Evening with Beverly Luff Linn,2018.0,"Comedy,Crime",5.8,7261,movie,tt6518270
Black Spot,2017.0,"Crime,Drama,Horror",7.3,14965,tvSeries,tt6519410
Spyder,2017.0,"Action,Crime,Thriller",6.3,12562,movie,tt6522546
Little Things,2016.0,"Comedy,Romance",8.2,8742,tvSeries,tt6522580
The Lost Brother,2017.0,"Crime,Drama,Thriller",6.5,1887,movie,tt6522634
Grillo vs Grillo,2017.0,Comedy,5.5,130,movie,tt6522846
Big Mouth,2017.0,"Animation,Comedy,Romance",7.8,99487,tvSeries,tt6524350
Warehoused,2017.0,Documentary,6.5,9,movie,tt6524724
The Devil Inside,2017.0,"Comedy,Drama",8.8,74,tvSeries,tt6525746
Zero,2018.0,"Comedy,Drama,Romance",5.2,33326,movie,tt6527426
Asphalt Burning,2020.0,"Action,Comedy",5.2,3113,movie,tt6527456
Close Enemies,2018.0,"Drama,Thriller",6.4,3199,movie,tt6527586
Marlon,2017.0,"Comedy,Drama",5.8,45,movie,tt6529334
Never Heard,2018.0,"Drama,Family",5.6,585,movie,tt6529772
Guilty,2017.0,"Action,Crime",7.9,54,movie,tt6530282
Ascharyachakit!,2018.0,"Drama,Romance",4.9,1154,movie,tt6531196
Transfers,2017.0,"Sci-Fi,Thriller",7.2,1028,tvSeries,tt6531888
Save Me,2017.0,Comedy,6.8,41,tvSeries,tt6536644
Monster High: Electrified,2017.0,"Animation,Fantasy",5.5,549,tvMovie,tt6536944
Save Me,2018.0,"Crime,Drama,Mystery",7.6,6997,tvSeries,tt6538034
Forbidden Games: The Justin Fashanu Story,2017.0,"Documentary,Sport",6.6,409,movie,tt6538102
Spark,2017.0,Drama,6.2,168,movie,tt6538416
Legend of the Broken Sword Hero,2017.0,Action,5.5,297,movie,tt6538906
Deadly Scholars,2018.0,"Drama,Horror,Mystery",4.3,671,movie,tt6540984
My Ex and Whys,2017.0,"Comedy,Drama,Romance",6.0,704,movie,tt6544850
The Wishing Tree,2020.0,Drama,5.2,62,movie,tt6545070
Millennials,2017.0,Drama,6.7,50,movie,tt6546598
Joy,2016.0,Drama,7.5,14,tvMiniSeries,tt6548126
The Ollie & Moon Show,2017.0,"Animation,Comedy,Fantasy",8.4,120,tvSeries,tt6549760
Kanika,2017.0,Horror,4.5,124,movie,tt6555628
"Love, Surreal and Odd",2017.0,"Comedy,Romance",5.6,3877,movie,tt6555772
The Queen,2016.0,Drama,7.9,157,tvSeries,tt6558110
Top 10 Secrets and Mysteries,2016.0,"Documentary,Sci-Fi",5.2,239,tvMiniSeries,tt6558262
Mandobasar Galpo,2017.0,Drama,6.0,103,movie,tt6559080
Krishna Balram,2008.0,Fantasy,8.5,152,tvSeries,tt6559996
The Forest,2017.0,"Crime,Drama",7.2,15191,tvMiniSeries,tt6560040
Sweetheart,2019.0,"Adventure,Horror,Sci-Fi",5.8,11416,movie,tt6560164
VeggieTales in the City,2017.0,"Adventure,Animation,Comedy",4.7,178,tvSeries,tt6562134
Be with You,2017.0,"Drama,Romance",7.1,35,tvSeries,tt6562788
Mercy,2019.0,Drama,6.5,389,movie,tt6566846
Les Misérables,1992.0,"Animation,Drama,Family",8.3,71,tvSeries,tt6567530
Criminal Minds,2017.0,"Action,Crime,Thriller",6.6,680,tvSeries,tt6568694
Monster Family,2017.0,"Animation,Comedy,Family",4.8,5973,movie,tt6572702
Booba,2014.0,"Animation,Comedy,Family",6.6,654,tvSeries,tt6581428
First Love,2016.0,Romance,8.0,11,tvSeries,tt6586300
Warrior,2018.0,"Action,Crime,Drama",6.7,2540,tvMiniSeries,tt6586344
Five Came Back,2017.0,"Biography,Documentary,History",8.2,5712,tvMiniSeries,tt6587094
Terrace House: Aloha State,2016.0,"Drama,Reality-TV",7.4,1221,tvSeries,tt6588218
Teach Us All,2017.0,Documentary,7.0,116,movie,tt6588332
Mustang Island,2017.0,Comedy,6.2,596,movie,tt6589292
The Prison,2017.0,"Action,Crime",6.5,2391,movie,tt6589464
Buddy Thunderstruck,2017.0,"Action,Animation,Comedy",7.8,606,tvSeries,tt6591468
Drive,2019.0,"Action,Crime,Thriller",3.2,8645,movie,tt6593054
Pokémon the Movie: I Choose You!,2017.0,"Action,Adventure,Animation",6.3,8445,movie,tt6595896
Invisible,2017.0,Drama,6.0,931,movie,tt6596630
The Royal House of Windsor,2017.0,"Documentary,History",7.3,1792,tvSeries,tt6596634
Take Me,2017.0,"Comedy,Crime,Mystery",6.1,6953,movie,tt6598626
Sara's Notebook,2018.0,"Adventure,Drama,Mystery",5.9,2955,movie,tt6599742
Hitler's Circle of Evil,2018.0,"Biography,Documentary,History",8.0,5824,tvMiniSeries,tt6600720
Aftershock,2013.0,History,6.1,22,tvSeries,tt6602460
Crossroads: One Two Jaga,2018.0,"Action,Crime,Drama",6.5,761,movie,tt6603812
La Piloto,2017.0,"Action,Drama",5.9,435,tvSeries,tt6607810
Rust Creek,2018.0,"Action,Crime,Drama",5.9,15946,movie,tt6610158
Motor Mitraan Di,2016.0,Comedy,6.0,54,movie,tt6611578
Kingdom,2019.0,"Action,Drama,Horror",8.3,64856,tvSeries,tt6611916
Solo,2017.0,"Action,Drama,Musical",7.0,4733,movie,tt6613814
The Bygone,2019.0,"Crime,Drama,Mystery",5.6,4177,movie,tt6613958
Manu,2018.0,"Mystery,Romance,Thriller",7.6,1186,movie,tt6615648
Deadwind,2018.0,"Crime,Drama,Mystery",7.3,15485,tvSeries,tt6616260
Villain,2017.0,"Action,Crime,Thriller",6.1,2759,movie,tt6616800
The Gift,2014.0,Drama,8.2,9,tvMovie,tt6616840
Born to Be Free,2016.0,Documentary,7.5,251,movie,tt6619064
Story of an Egg,2017.0,"Comedy,Drama",7.9,1767,movie,tt6620238
Recall,2018.0,Drama,6.5,363,movie,tt6622960
Theeram,2017.0,"Drama,Romance",6.3,90,movie,tt6625254
Patria,2020.0,Drama,8.2,7571,tvMiniSeries,tt6625730
Samantha!,2018.0,Comedy,6.6,612,tvSeries,tt6626676
Tip the Mouse,2014.0,Animation,6.7,69,tvSeries,tt6626994
Listen,2020.0,Drama,7.0,2235,movie,tt6627168
Dream Boat,2017.0,Documentary,5.4,1805,movie,tt6627466
Cycle,2018.0,Comedy,7.9,805,movie,tt6627630
Shanghai Fortress,2019.0,"Action,Sci-Fi",4.4,2919,movie,tt6628322
Mutant Busters,2001.0,"Action,Adventure,Animation",6.9,185,tvSeries,tt6631632
The Match,2020.0,"Drama,History,Sport",5.8,975,movie,tt6639482
Jinn,2018.0,Drama,6.0,498,movie,tt6641528
Triple Threat,2019.0,"Action,Thriller",5.6,13969,movie,tt6643972
Marching Orders,2017.0,Documentary,6.2,263,tvSeries,tt6647696
Carbon,2018.0,"Adventure,Thriller",6.8,1497,movie,tt6650364
History of Joy,2017.0,Drama,4.9,47,movie,tt6650436
God's Not Dead: A Light in Darkness,2018.0,Drama,4.6,5066,movie,tt6652708
The Rain,2018.0,"Drama,Sci-Fi,Thriller",6.3,46769,tvSeries,tt6656238
Every Time I Die,2019.0,Thriller,5.2,1469,movie,tt6659936
Circle,2017.0,"Mystery,Sci-Fi",7.9,623,tvSeries,tt6666218
Zoom,2016.0,Horror,6.1,61,movie,tt6667868
A Life of Speed: The Juan Manuel Fangio Story,2020.0,"Biography,Documentary,Sport",7.1,2573,movie,tt6668212
Love Family,2013.0,Drama,8.4,37,tvSeries,tt6671178
Run,2021.0,"Crime,Thriller",6.8,8,movie,tt6671772
Two Graves,2018.0,Thriller,4.2,411,movie,tt6671850
Big Daddy,2017.0,Drama,5.9,16,movie,tt6673682
Sisters,2016.0,Comedy,8.3,163,tvSeries,tt6674356
Incoming,2018.0,"Action,Sci-Fi,Thriller",3.4,2160,movie,tt6678874
Joe Cocker: Mad Dog with Soul,2017.0,Documentary,7.2,885,movie,tt6679242
Forgive Us Our Debts,2018.0,Drama,6.2,1821,movie,tt6679412
Outlaw King,2018.0,"Action,Biography,Drama",6.9,89224,movie,tt6679794
Miracle,2017.0,"Comedy,Drama",7.0,708,movie,tt6682904
Acts of Violence,2018.0,"Action,Crime,Thriller",5.3,14151,movie,tt6684714
Bogda,2018.0,Drama,7.5,59,movie,tt6685074
The Repair Shop,2017.0,"Documentary,Reality-TV",8.7,2449,tvSeries,tt6685272
Isoken,2017.0,"Comedy,Drama,Romance",6.4,398,movie,tt6685776
Million Yen Women,2017.0,"Crime,Mystery,Romance",7.5,2309,tvMiniSeries,tt6686450
Grease,1971.0,Action,5.8,35,movie,tt6687650
Icarus,2018.0,Sci-Fi,8.2,26,movie,tt6687948
Expedition Happiness,2017.0,Documentary,5.9,4960,movie,tt6688136
El Chapo,2017.0,"Biography,Crime,Drama",7.8,22623,tvSeries,tt6692188
Ittefaq,2017.0,"Mystery,Thriller",7.2,17359,movie,tt6692354
You Are My Home,2020.0,Family,6.5,678,movie,tt6693156
Solo,2018.0,"Adventure,Biography,Drama",5.0,3499,movie,tt6699860
AlphaGo,2017.0,"Documentary,Sport",7.8,7734,movie,tt6700846
The Miracle,2016.0,"Comedy,Drama,Fantasy",6.2,322,tvSeries,tt6703344
Elisa & Marcela,2019.0,"Biography,Drama,Romance",6.7,6725,movie,tt6704898
Manje Bistre,2017.0,"Comedy,Drama",6.6,1221,movie,tt6705612
Two Fathers,2013.0,Drama,7.2,106,tvSeries,tt6707142
The Tribe,2018.0,"Comedy,Music",5.8,3252,movie,tt6708044
Bad Seeds,2018.0,Comedy,7.2,6829,movie,tt6708116
Liberated: The New Sexual Revolution,2017.0,Documentary,6.0,1753,movie,tt6710214
Dushman,1974.0,"Action,Romance",6.6,8,movie,tt6710378
Requiem,2018.0,"Drama,Fantasy,Horror",6.4,7909,tvMiniSeries,tt6712390
Spy Kids: Mission Critical,2018.0,"Action,Adventure,Animation",4.7,552,tvSeries,tt6714408
Get Me Roger Stone,2017.0,"Biography,Documentary",7.3,7996,movie,tt6714534
Ramen Shop,2018.0,Drama,6.8,2822,movie,tt6720618
Coffee for All,2017.0,Documentary,5.6,465,movie,tt6721132
Adrift,2017.0,"Crime,Drama,Thriller",6.7,29,tvMovie,tt6721486
Overnight Republic,2017.0,Comedy,5.8,6641,movie,tt6721848
Can't Help Falling in Love,2017.0,"Comedy,Drama,Romance",6.8,1233,movie,tt6725484
The Breaker Upperers,2018.0,Comedy,5.9,7330,movie,tt6728096
Collateral,2018.0,"Crime,Drama,Mystery",6.8,24399,tvMiniSeries,tt6729080
Family Business,2017.0,"Comedy,Drama",7.3,170,tvSeries,tt6730152
Power Paandi,2017.0,"Action,Drama,Musical",7.4,2557,movie,tt6734886
Ready to Mingle,2019.0,Comedy,5.9,2762,movie,tt6736198
Stray Bullet,2018.0,"Crime,Documentary",6.2,71,movie,tt6737518
Revenge,2017.0,"Action,Drama,Horror",6.4,66434,movie,tt6738136
We Are One,2017.0,Drama,5.2,9,tvMovie,tt6738178
Morocco: Love in Times of War,2017.0,"Drama,War",7.5,3505,tvSeries,tt6740146
Saeed Mirza: The Leftist Sufi,2016.0,Documentary,7.4,36,movie,tt6741178
Candy Jar,2018.0,"Comedy,Drama,Romance",5.8,5892,movie,tt6744044
Rajma Chawal,2018.0,"Comedy,Drama,Family",5.7,2058,movie,tt6747420
Room for Rent,2019.0,"Crime,Horror,Mystery",5.3,4664,movie,tt6747818
A Fortunate Man,2018.0,"Drama,Romance",7.2,771,tvMiniSeries,tt6748178
The Climb,2017.0,Comedy,5.1,193,tvMovie,tt6749330
Bombshell: The Hedy Lamarr Story,2017.0,"Biography,Documentary,History",7.4,4647,movie,tt6752848
Happy as Lazzaro,2018.0,"Drama,Fantasy,Mystery",7.5,23494,movie,tt6752992
Badla,2010.0,"Action,Drama,Romance",4.6,11,movie,tt6754978
Mater,2017.0,Drama,4.7,268,movie,tt6759686
Wasp Network,2019.0,"Crime,Drama,Thriller",5.9,13083,movie,tt6760876
Velvet Colección,2017.0,"Comedy,Drama,Romance",7.2,1820,tvSeries,tt6762348
The Haunting of Hill House,2018.0,"Drama,Horror,Mystery",8.5,334990,tvMiniSeries,tt6763664
The Bridge,2017.0,,6.0,13,movie,tt6765362
Blue Planet II,2017.0,"Documentary,Family",9.3,58482,tvMiniSeries,tt6769208
Steel Rain,2017.0,"Action,Drama,Thriller",7.1,7248,movie,tt6769508
Eternal Love,2017.0,Drama,7.9,28,movie,tt6772360
Hillbilly Elegy,2020.0,"Biography,Drama",6.7,61796,movie,tt6772802
This Is Not What I Expected,2017.0,"Comedy,Drama,Romance",6.7,2064,movie,tt6772874
Truth or Dare,2018.0,"Horror,Mystery,Thriller",5.3,75107,movie,tt6772950
Dad,2018.0,"Biography,Drama,Fantasy",7.3,20,movie,tt6773840
Aiyaary,2018.0,"Crime,Drama,Thriller",5.3,5604,movie,tt6774212
Queen,2018.0,"Comedy,Crime,Mystery",6.8,1633,movie,tt6774420
Curtiz,2018.0,"Biography,Drama,History",6.1,1183,movie,tt6774588
Occupation,2018.0,"Action,Drama,Sci-Fi",4.5,15941,movie,tt6774786
Inside the Criminal Mind,2018.0,"Crime,Documentary",5.5,1318,tvSeries,tt6775794
Terrorism Close Calls,2018.0,Documentary,5.3,932,tvSeries,tt6775816
The King,2017.0,Documentary,6.9,1342,movie,tt6775942
And Breathe Normally,2018.0,Drama,7.0,3794,movie,tt6776106
Beary Tales,2013.0,Documentary,8.2,94,movie,tt6780296
Mystery Science Theater 3000,2017.0,"Comedy,Drama,Fantasy",8.1,4405,tvSeries,tt6782014
The Witch,2020.0,"Mystery,Thriller",5.4,12,movie,tt6782090
Solo,2016.0,Crime,7.3,448,tvSeries,tt6785194
Kindness Diaries,2017.0,"Adventure,Reality-TV",8.1,438,tvSeries,tt6786518
Bad Genius,2017.0,"Comedy,Crime,Drama",7.6,25764,movie,tt6788942
Laerte-se,2017.0,"Biography,Documentary",7.0,751,movie,tt6791240
Meghnadbodh Rohoshyo,2017.0,Thriller,6.2,616,movie,tt6791638
The Keepers,2017.0,"Crime,Documentary,Mystery",8.0,27895,tvMiniSeries,tt6792200
Agent Raghav,2015.0,"Crime,Drama,Mystery",5.9,119,tvSeries,tt6792644
Gemini,2017.0,Drama,5.5,34,movie,tt6792666
Ugly Duckling,2017.0,"Drama,Family",5.9,40,movie,tt6792966
Champions,2018.0,"Comedy,Drama,Family",7.2,13151,movie,tt6793580
A Gray State,2017.0,Documentary,6.2,1747,movie,tt6794380
LA 92,2017.0,"Crime,Documentary,History",8.2,7412,movie,tt6794424
Dries,2017.0,"Biography,Documentary",6.8,473,movie,tt6802360
Dharmakshetra,2014.0,Drama,8.6,462,tvSeries,tt6803712
Gabriel and the Mountain,2017.0,"Adventure,Biography,Drama",7.0,1563,movie,tt6805354
The Big Catch,2017.0,"Comedy,Crime,Drama",6.5,142,tvSeries,tt6807106
The New Legends of Monkey,2018.0,"Action,Adventure,Comedy",6.5,5430,tvSeries,tt6807662
Perfume,2018.0,"Crime,Drama,Thriller",7.0,10703,tvSeries,tt6811236
Chicken Kokkachi,2017.0,Comedy,3.8,120,movie,tt6817922
The Right One,2021.0,"Comedy,Romance",5.3,712,movie,tt6820128
The Week Of,2018.0,Comedy,5.3,27056,movie,tt6821012
Parmanu: The Story of Pokhran,2018.0,"Drama,History,Thriller",7.6,26840,movie,tt6826438
The Tigers of Scotland,2017.0,Documentary,6.6,344,movie,tt6826526
The Giant,2019.0,"Crime,Mystery,Thriller",4.2,618,movie,tt6827652
Expo,2019.0,"Action,Crime,Drama",2.6,2256,movie,tt6830716
Lucid Dream,2017.0,"Sci-Fi,Thriller",6.1,4546,movie,tt6830780
Reaction,2011.0,"Action,Crime,Drama",4.4,130,movie,tt6832730
Mariposa de Barrio,2017.0,"Drama,Musical",7.5,333,tvSeries,tt6834120
Alphablocks,2010.0,"Animation,Family,Musical",7.8,192,tvSeries,tt6835380
Saaho,2019.0,"Action,Thriller",5.1,27124,movie,tt6836936
Hush,2016.0,Drama,8.8,51,tvSeries,tt6838464
Dogs of Berlin,2018.0,"Action,Crime,Drama",7.5,15688,tvSeries,tt6839788
S'parta,2018.0,"Drama,Thriller",6.6,629,tvSeries,tt6840106
Undercover Brother 2,2019.0,Comedy,3.4,920,movie,tt6843446
September,2017.0,Drama,5.2,221,movie,tt6843704
Sparta,2016.0,"Action,Sport",6.1,246,movie,tt6844328
Get Shorty,2017.0,Comedy,8.6,34,tvMovie,tt6846960
Til Death Do Us Part,2017.0,Thriller,4.7,1752,movie,tt6848602
Peppermint,2018.0,"Action,Adventure,Drama",6.5,76550,movie,tt6850820
Ramayan,2012.0,"Drama,Family",7.3,178,tvSeries,tt6850964
Filmworker,2017.0,"Biography,Documentary",7.4,3810,movie,tt6851066
The Judgement,2021.0,"Biography,Crime,Drama",7.2,2211,movie,tt6851410
Nigerian Prince,2018.0,"Crime,Drama,Thriller",5.9,521,movie,tt6851966
Elizabeth Harvest,2018.0,"Horror,Sci-Fi,Thriller",5.8,10602,movie,tt6852872
Perfect Bid: The Contestant Who Knew Too Much,2017.0,"Documentary,History",6.5,3349,movie,tt6854248
Battle,2018.0,"Drama,Romance",5.9,4878,movie,tt6854672
Chambers,2017.0,Horror,6.6,14,tvMiniSeries,tt6856336
Wild Alaska,2015.0,Documentary,7.9,405,tvMiniSeries,tt6857116
The King's Avatar,2017.0,"Action,Adventure,Animation",7.4,1809,tvSeries,tt6859260
The Push,2015.0,Documentary,7.3,43,movie,tt6860378
Shadow,2018.0,"Action,Adventure,Fantasy",7.0,20057,movie,tt6864046
Sarvopari Palakkaran,2017.0,Comedy,4.9,187,movie,tt6864588
Bobby Robson: More Than a Manager,2018.0,"Documentary,Sport",8.1,3410,movie,tt6864864
All Hail King Julien: Exiled,2017.0,"Adventure,Animation,Comedy",7.5,855,tvSeries,tt6865906
The Hummingbird Project,2018.0,"Drama,Thriller",6.2,18194,movie,tt6866224
The Plan,2017.0,Horror,3.1,122,movie,tt6866652
Jimmy: The True Story of a True Idiot,2018.0,Comedy,6.8,106,tvSeries,tt6866914
In Family I Trust,2019.0,"Comedy,Romance",6.2,3969,movie,tt6869362
Kill the Irishman,2017.0,Crime,7.8,21,movie,tt6869532
Truth or Dare,2018.0,"Comedy,Drama,Romance",5.7,10,movie,tt6869948
The Mechanism,2018.0,"Crime,Drama,Thriller",8.0,37301,tvSeries,tt6873658
Two Sentence Horror Stories,2017.0,"Drama,Horror,Mystery",5.7,2533,tvSeries,tt6873926
American Vandal,2017.0,"Comedy,Crime,Drama",8.1,35092,tvSeries,tt6877772
Mexicanos de Bronce,2016.0,Documentary,6.8,34,movie,tt6877886
Operation Red Sea,2018.0,"Action,Drama,Thriller",6.6,8722,movie,tt6878882
The Devil and Father Amorth,2017.0,"Documentary,Horror",4.6,2783,movie,tt6883152
Bathinda Express,2016.0,Drama,5.8,15,movie,tt6885956
Cheese in the Trap,2018.0,Romance,5.7,726,movie,tt6886062
White Chamber,2018.0,"Drama,Horror,Sci-Fi",4.4,1690,movie,tt6888938
Psychokinesis,2018.0,"Action,Comedy,Fantasy",6.0,6933,movie,tt6890582
Money,2019.0,"Crime,Drama",6.1,1194,movie,tt6890618
Ayana,2017.0,Drama,7.4,141,movie,tt6891660
The World Is Yours,2018.0,"Comedy,Crime",6.3,5269,movie,tt6892462
Bomb Scared,2017.0,Comedy,5.7,3246,movie,tt6895746
Badalte Rishton Ki Dastaan,2013.0,Drama,7.4,23,tvSeries,tt6895862
The Lady in Dignity,2017.0,"Drama,Mystery,Romance",7.4,443,tvSeries,tt6898288
Tidelands,2018.0,"Crime,Drama,Fantasy",6.7,9597,tvSeries,tt6898970
Drink Drank Drunk,2016.0,Comedy,4.2,27,movie,tt6899800
Mirai,2018.0,"Adventure,Animation,Drama",7.0,20033,movie,tt6900448
Maacher Jhol,2017.0,Drama,7.1,864,movie,tt6903200
Nightflyers,2018.0,"Drama,Horror,Mystery",5.8,14795,tvSeries,tt6903284
Storage Wars: Northern Treasures,2017.0,Reality-TV,5.3,360,tvSeries,tt6904118
The Dark Crystal: Age of Resistance,2019.0,"Adventure,Family,Fantasy",8.4,29510,tvSeries,tt6905542
Retribution,2023.0,"Action,Mystery,Thriller",5.4,29115,movie,tt6906292
Mirage,2018.0,"Drama,Fantasy,Mystery",7.4,72621,movie,tt6908274
The Originals,2017.0,"Drama,Mystery,Thriller",6.9,3381,movie,tt6909846
Nothing to Lose,2018.0,"Biography,Drama",2.4,23227,movie,tt6910020
Slow Country,2017.0,"Action,Drama",5.5,44,movie,tt6911110
Save Me,2020.0,"Action,Drama",3.4,60,movie,tt6913836
The Drug King,2018.0,"Action,Crime,Drama",6.2,4217,movie,tt6914542
Live,2018.0,Drama,7.1,19,movie,tt6914558
Pope Francis: A Man of His Word,2018.0,"Biography,Documentary",6.7,2769,movie,tt6915100
Alexa & Katie,2018.0,"Comedy,Drama,Family",7.5,8325,tvSeries,tt6916746
Buffalo Boys,2018.0,"Action,Drama,History",5.7,1393,movie,tt6917210
Adrishya,2014.0,Drama,7.5,49,tvSeries,tt6918112
Pioneers of African-American Cinema,2015.0,Drama,6.1,17,tvSeries,tt6918226
Wartime Portraits,2014.0,History,6.6,17,tvSeries,tt6921208
The Accidental Spy,2017.0,Action,4.6,89,movie,tt6921426
Viswasapoorvam Mansoor,2017.0,Drama,5.8,65,movie,tt6921450
Maharakshak Devi,2015.0,Fantasy,6.8,36,tvSeries,tt6921490
Manto,2018.0,"Biography,Drama",7.3,5071,movie,tt6923462
Genius,2012.0,Drama,5.5,52,movie,tt6925204
Lost in London,2017.0,Comedy,5.2,54,movie,tt6926236
American Psycho,2013.0,Talk-Show,7.7,94,tvSeries,tt6926358
Rampant,2018.0,"Action,Drama,History",6.4,5588,movie,tt6927152
Free Rein,2017.0,"Action,Adventure,Comedy",7.1,3080,tvSeries,tt6928052
The Perfect Match,2019.0,Thriller,3.5,92,tvMovie,tt6928158
Bh Se Bhade,2013.0,Comedy,7.1,21,tvSeries,tt6929192
Super Bheem,2017.0,Animation,6.2,51,tvSeries,tt6929738
The Great Battle,2018.0,"Action,Drama,History",7.0,6947,movie,tt6931414
Born Racer,2018.0,"Action,Documentary,Drama",6.2,303,movie,tt6936350
The Lift Boy,2019.0,"Comedy,Drama",7.2,3182,movie,tt6937368
Japanese Style Originator,2008.0,Talk-Show,8.1,206,tvSeries,tt6937876
Phullu,2017.0,"Comedy,Drama",6.1,231,movie,tt6941560
Warrior,2017.0,"Action,Drama,War",5.7,949,tvSeries,tt6941980
The Oath,2017.0,"Action,War",6.8,5339,tvSeries,tt6942048
Lechmi,2017.0,"Comedy,Crime,Horror",4.7,56,movie,tt6942450
The Neighbor,2017.0,Drama,6.3,14,movie,tt6942666
Bully,2017.0,"Drama,Musical",7.6,20,movie,tt6949172
9 Months That Made You,2016.0,Documentary,7.4,88,tvSeries,tt6949590
Shubh Aarambh,2017.0,"Comedy,Drama,Family",6.7,144,movie,tt6949882
Potato Potahto,2017.0,Comedy,4.2,232,movie,tt6950250
DreamWorks Shrek's Swamp Stories,2010.0,"Animation,Comedy,Family",6.5,698,tvSeries,tt6950338
Love Is in the Air,2010.0,Romance,6.8,136,tvSeries,tt6951562
Edge of the Universe,2002.0,Documentary,7.2,225,tvMiniSeries,tt6951568
Samson,2018.0,"Action,Drama",4.6,5328,movie,tt6951892
The Kindergarten Teacher,2018.0,"Drama,Thriller",6.7,18978,movie,tt6952960
DreamWorks Happy Holidays from Madagascar,2005.0,Animation,5.4,10,tvSeries,tt6953650
Gangs of Hassepur,2014.0,Comedy,4.8,7,tvSeries,tt6953908
Moving Art,2014.0,Documentary,8.6,622,tvSeries,tt6953912
Hidden Singer,2012.0,"Game-Show,Music,Reality-TV",6.8,22,tvSeries,tt6953932
PS Man,2010.0,Drama,6.2,51,tvSeries,tt6953936
The House That Made Me,2013.0,Reality-TV,6.3,16,tvSeries,tt6953940
Mahmut & Meryem,2013.0,Romance,6.5,7,tvSeries,tt6954428
Miss in Kiss,2016.0,"Drama,Romance",7.0,139,tvSeries,tt6954524
Lucky Days,2010.0,Drama,6.6,15,tvSeries,tt6954548
Jack Taylor,2010.0,"Action,Crime,Drama",7.4,2950,tvSeries,tt6954652
Another Life,2010.0,Drama,7.1,9,tvSeries,tt6954904
Classic Legends,2011.0,Biography,8.3,23,tvSeries,tt6954978
The Vanished,2018.0,"Crime,Mystery,Thriller",6.6,1888,movie,tt6955298
Duck Butter,2018.0,"Comedy,Drama,Romance",5.2,5162,movie,tt6958014
DreamWorks Spooky Stories,2009.0,Animation,6.5,51,tvSeries,tt6958564
Stealing History,2006.0,Documentary,7.0,27,tvMovie,tt6959408
Secrets of Henry VIII's Palace: Hampton Court,2013.0,Documentary,7.3,337,tvMovie,tt6959560
Secrets of Chatsworth,2013.0,Documentary,7.4,182,tvMovie,tt6959562
Weird Wonders of the World,2015.0,Documentary,7.4,148,tvSeries,tt6959608
Life on Location,2009.0,,7.3,13,tvSeries,tt6959610
Dave Chappelle,2017.0,"Comedy,Documentary",8.6,3218,tvSeries,tt6963504
Mexico Diseña,2016.0,"Game-Show,Reality-TV",5.1,9,tvSeries,tt6964914
Larva,2011.0,"Adventure,Animation,Comedy",6.9,1468,tvSeries,tt6966158
Seeking True Love,2017.0,"Comedy,Romance",7.5,28848,movie,tt6967980
My Runway,2016.0,"Comedy,Drama,Fantasy",6.2,450,tvSeries,tt6968336
Love in the Skies,2017.0,Romance,4.9,62,tvMovie,tt6968356
Unauthorized Living,2018.0,Drama,7.4,7213,tvSeries,tt6970700
Cocaine Coast,2018.0,"Crime,Drama,Thriller",7.9,5144,tvMiniSeries,tt6970710
Next Enti?,2018.0,"Comedy,Drama,Romance",4.3,276,movie,tt6972212
Kevyn Aucoin: Beauty & the Beast in Me,2017.0,"Biography,Documentary",7.1,229,movie,tt6972670
Islands of the Future,2014.0,Documentary,7.0,45,tvSeries,tt6974332
Hakkunde,2017.0,"Comedy,Drama",5.3,71,movie,tt6974886
Driven to Dance,2018.0,Drama,4.6,1241,movie,tt6974888
Interview with a Serial Killer,2008.0,"Crime,Documentary",5.9,662,tvMovie,tt6978288
Masha's Spooky Stories,2012.0,Animation,5.6,78,tvSeries,tt6979430
Treasures from the Wreck of the Unbelievable,2017.0,Documentary,6.0,1558,movie,tt6980988
Williams,2017.0,"Biography,Documentary,Sport",7.6,4564,movie,tt6981046
Kantaro: The Sweet Tooth Salaryman,2017.0,"Adventure,Comedy,Drama",7.4,986,tvSeries,tt6983520
Great Yellowstone Thaw,2017.0,Documentary,7.8,85,tvMiniSeries,tt6986448
Bugs,2018.0,"Comedy,Drama",7.9,14,movie,tt6987958
House of the Witch,2017.0,"Fantasy,Horror,Mystery",4.2,4161,tvMovie,tt6988208
Sad Hill Unearthed,2017.0,Documentary,7.4,1996,movie,tt6997426
"My Teacher, My Obsession",2018.0,"Drama,Thriller",4.4,3111,tvMovie,tt6997574
My Way,2017.0,Documentary,6.8,5,tvSeries,tt6997660
Rangoon,2017.0,"Action,Crime,Drama",7.0,781,movie,tt6998596
The Quest,2017.0,Drama,7.8,118,movie,tt6998626
Figaro Pho,2008.0,Animation,4.8,30,tvMovie,tt6999094
A Very Country Christmas,2017.0,"Comedy,Drama,Romance",6.1,2229,tvMovie,tt7001906
The Incredible Story of the Giant Pear,2017.0,"Adventure,Animation,Comedy",6.2,1380,movie,tt7006206
Our Shining Days,2017.0,"Drama,Music",6.6,850,movie,tt7013194
Super Deluxe,2019.0,"Comedy,Crime,Drama",8.2,20263,movie,tt7019942
Save Me,2017.0,"Drama,Mystery,Thriller",7.8,2770,tvSeries,tt7020532
Ava,2017.0,Drama,7.1,24,movie,tt7021436
Honey: Rise Up and Dance,2018.0,"Drama,Music",5.0,1023,movie,tt7021508
Fireworks,2015.0,Comedy,5.6,5,tvSeries,tt7022016
Strongest Deliveryman,2017.0,"Drama,Romance",7.2,1309,tvSeries,tt7022748
The Cruise,2016.0,Reality-TV,7.4,66,tvSeries,tt7024670
The Cell,2017.0,"Action,Drama,Thriller",6.3,2550,movie,tt7025210
You,2018.0,Drama,8.2,38,movie,tt7025370
"Summer Days, Summer Nights",2018.0,"Comedy,Drama,Romance",6.2,1367,movie,tt7026270
Budapest,2018.0,Comedy,5.5,4043,movie,tt7027092
The Legend of 420,2017.0,"Comedy,Documentary",6.7,475,movie,tt7027566
Three and a Half,2018.0,Drama,6.5,275,movie,tt7028460
The Mansion,2017.0,"Comedy,Horror",4.6,3131,movie,tt7029854
Pierre Jackson,2018.0,Romance,6.8,94,movie,tt7031338
Lifeline,2017.0,"Action,Sci-Fi,Thriller",6.1,925,tvSeries,tt7034646
Al Hayba,2017.0,"Action,Crime,Drama",7.3,2205,tvSeries,tt7035576
Kid-E-Cats,2015.0,"Adventure,Animation,Comedy",6.6,278,tvSeries,tt7038964
Carmen Sandiego,2019.0,"Action,Adventure,Animation",7.9,8671,tvSeries,tt7042146
Velvet Buzzsaw,2019.0,"Horror,Mystery,Thriller",5.7,69316,movie,tt7043012
Long Time Running,2017.0,"Documentary,Music",8.1,524,movie,tt7043176
Osmosis,2019.0,"Romance,Sci-Fi",5.8,3683,tvSeries,tt7043380
Deathgrip,2017.0,"Documentary,Sport",6.4,186,movie,tt7046112
Have You Seen the Listers?,2017.0,Documentary,6.7,258,movie,tt7050140
For Love or Money,2019.0,"Comedy,Romance",5.6,1817,movie,tt7051624
Robin Hood: The Rebellion,2018.0,"Action,Adventure,History",3.3,3549,movie,tt7052244
The First Wives Club,2007.0,"Romance,Thriller",7.5,10,tvSeries,tt7052346
The Rise of Phoenixes,2018.0,"Drama,History,Romance",8.4,2005,tvSeries,tt7052634
The Toys That Made Us,2017.0,"Comedy,Documentary,History",7.9,6455,tvSeries,tt7053920
Forgotten,2017.0,"Crime,Mystery,Thriller",7.4,63788,movie,tt7057496
Munafik 2,2018.0,"Horror,Mystery,Thriller",5.7,2021,movie,tt7059506
Daybreak,2017.0,Drama,6.8,158,movie,tt7060750
Emogenius,2017.0,Game-Show,4.1,84,tvSeries,tt7062438
Love for Sale,2017.0,Drama,5.4,21,movie,tt7065380
Consequences,2017.0,"Crime,Drama",8.3,28,tvSeries,tt7066164
The Bomb,2017.0,Drama,5.3,14,movie,tt7066638
What Keeps You Alive,2018.0,"Horror,Thriller",5.7,10960,movie,tt7073710
Christmas Wedding Planner,2017.0,Romance,4.4,7146,tvMovie,tt7074092
Violet Evergarden,2018.0,"Animation,Drama,Fantasy",8.4,42822,tvMiniSeries,tt7078180
Everything Sucks!,2018.0,"Comedy,Drama",7.4,25770,tvSeries,tt7078710
The Crimes That Bind,2018.0,"Mystery,Thriller",7.0,1669,movie,tt7080138
Hilda,2019.0,Drama,7.1,26,movie,tt7081236
SunGanges,2019.0,"Adventure,Documentary,News",7.8,90,movie,tt7084860
Inside the Mossad,2017.0,Documentary,7.5,1191,tvMiniSeries,tt7085648
The Married Couples,1981.0,Comedy,8.0,783,tvMovie,tt7085732
Tales of the City,2019.0,Drama,7.4,9799,tvMiniSeries,tt7087260
Pandigai,2017.0,"Action,Romance,Thriller",6.4,319,movie,tt7087944
Game Over,2012.0,"Comedy,Drama,Romance",3.2,309,movie,tt7089978
The Art of War,2018.0,War,3.2,20,movie,tt7091956
The Russian Revolution,2017.0,"Documentary,History",6.5,758,movie,tt7094352
After,2017.0,Drama,5.4,20,movie,tt7094436
Mr. Sunshine,2018.0,"Action,Drama,History",8.7,14296,tvSeries,tt7094780
Argon,2017.0,Drama,7.4,341,tvSeries,tt7094798
Hombanna,2017.0,Drama,8.1,73,movie,tt7096060
A Korean Odyssey,2017.0,"Comedy,Fantasy,Horror",7.9,7292,tvSeries,tt7099334
The Departed,2017.0,Drama,7.5,101,tvSeries,tt7099552
Jezebel,2019.0,Drama,5.8,995,movie,tt7103742
Going for Gold,2018.0,"Drama,Family,Sport",4.8,705,movie,tt7104578
Civilizations,2018.0,"Documentary,History",7.8,752,tvMiniSeries,tt7104930
Gun City,2018.0,"Action,Adventure,Crime",6.4,4594,movie,tt7104984
The Standups,2017.0,Comedy,6.6,1546,tvSeries,tt7107518
Misfit,2017.0,"Comedy,Family",4.4,551,movie,tt7109106
Derry Girls,2018.0,Comedy,8.5,79387,tvSeries,tt7120662
Truth or Dare,2017.0,"Horror,Mystery,Thriller",5.0,5950,tvMovie,tt7126746
The After Party,2016.0,Talk-Show,7.8,33,tvSeries,tt7126878
Love You to the Stars and Back,2017.0,"Adventure,Comedy,Drama",7.4,701,movie,tt7127344
Verses of Love 2,2017.0,"Drama,Romance",5.6,719,movie,tt7127652
The Dream Job,2017.0,Drama,6.9,23,movie,tt7127992
The Governor,2016.0,Drama,5.3,130,tvSeries,tt7128052
Tremors,2019.0,Drama,6.6,1674,movie,tt7128732
Mea Culpa,1993.0,"Crime,Drama,Thriller",8.5,133,tvMiniSeries,tt7131488
Against the Tide,2014.0,Drama,7.9,20,tvSeries,tt7131682
Breakout,2010.0,Action,6.9,14,tvSeries,tt7131684
The Oath,2011.0,Drama,7.8,12,tvSeries,tt7131686
The Dream Job,2016.0,Family,6.7,20,tvSeries,tt7131688
Yours Fatefully,2012.0,"Comedy,Romance",7.2,18,tvSeries,tt7131690
The Truth Seekers,2016.0,Action,7.1,26,tvSeries,tt7131694
Kakegurui,2017.0,"Animation,Drama,Mystery",7.1,17882,tvSeries,tt7131720
Next Gen,2018.0,"Action,Adventure,Animation",6.6,21327,movie,tt7133686
Icarus,2017.0,"Action,Crime,Drama",4.6,77,tvSeries,tt7134262
Elite,2018.0,"Crime,Drama,Thriller",7.1,103102,tvSeries,tt7134908
Stree,2016.0,Drama,8.1,14,tvSeries,tt7136974
When They See Us,2019.0,"Biography,Crime,Drama",8.8,161103,tvMiniSeries,tt7137906
The Many Faces of Ito,2018.0,"Comedy,Drama",5.3,251,movie,tt7138120
Panoptic,2017.0,Documentary,6.2,84,movie,tt7138456
JFK: The Making of a President,2017.0,"Biography,Documentary,History",6.7,186,tvMovie,tt7139622
Thug Life,2017.0,Comedy,6.0,71,movie,tt7140020
Forget Me Not,2010.0,"Drama,Horror",4.0,10,movie,tt7142012
The Truth,2017.0,Action,7.8,15,tvSeries,tt7144536
Undercover,2010.0,"Thriller,War",6.0,241,movie,tt7145012
Another Life,2016.0,Comedy,5.4,275,tvSeries,tt7145804
Wolf,2018.0,"Action,Drama,Thriller",8.1,9332,tvSeries,tt7146600
Canvas,2009.0,Thriller,6.2,12,movie,tt7147752
How to Stage a Coup,2017.0,"Documentary,History",6.1,190,tvMovie,tt7149296
The Unicorn,2018.0,Comedy,5.2,1510,movie,tt7149336
Edge of Fear,2018.0,Thriller,4.5,3484,movie,tt7149916
Finally Found Someone,2017.0,"Comedy,Drama,Romance",5.9,306,movie,tt7151438
The Golden Years with Javed Akhtar,2016.0,"Documentary,Drama",8.2,23,tvSeries,tt7154572
Muramba,2017.0,"Comedy,Family",8.0,892,movie,tt7155460
Mujrim,2017.0,Action,7.9,12,movie,tt7158052
Fugitiva,2018.0,Drama,5.6,838,tvSeries,tt7158972
When Icarus Fell,2018.0,Drama,6.2,32,movie,tt7160762
Mythily Veendum Varunnu,2017.0,Horror,2.3,63,movie,tt7160842
Abnormal Summit,2014.0,"Game-Show,Talk-Show",7.6,44,tvSeries,tt7160988
ID-0,2017.0,"Action,Adventure,Animation",6.0,410,tvMiniSeries,tt7161218
The Silence,2017.0,"Documentary,History",8.5,7,movie,tt7161338
Magic Cellphone,2016.0,"Drama,Romance",4.0,33,tvSeries,tt7162434
Under the Black Moonlight,2016.0,"Drama,Horror,Mystery",4.7,75,tvMiniSeries,tt7162436
Disappearance,2017.0,Drama,6.6,749,movie,tt7164066
Bobby,2017.0,"Comedy,Romance",6.3,258,movie,tt7166214
Rimba Racer,2015.0,"Action,Adventure,Animation",8.4,108,tvSeries,tt7166296
Like Father,2018.0,Drama,6.1,24715,movie,tt7170950
The Guest,2021.0,Drama,6.6,88,movie,tt7171422
Yummy Mummies,2017.0,Reality-TV,4.4,772,tvSeries,tt7172230
Kuldip Patwal: I Didn't Do It!,2017.0,"Crime,Drama,Mystery",6.4,710,movie,tt7172308
The Oath,2018.0,"Crime,Drama",6.4,2022,tvSeries,tt7174764
Up North,2017.0,Drama,7.8,9,tvSeries,tt7176580
Khido Khundi,2018.0,"Drama,Sport",5.1,124,movie,tt7177642
Bioscope,2015.0,Drama,6.4,200,movie,tt7178026
The Hollywood Masters,2017.0,"Biography,Documentary",7.3,104,tvSeries,tt7178034
The Brawler,2017.0,"Drama,Sport",8.0,9616,movie,tt7180544
The Good Cop,2018.0,"Comedy,Crime,Drama",7.0,7958,tvSeries,tt7183074
"Heidi, bienvenida a casa",2017.0,"Comedy,Family",7.5,44,tvSeries,tt7183310
Night Comes On,2018.0,Drama,6.7,1162,movie,tt7184124
Ask the Doctor,2017.0,Documentary,6.5,324,tvSeries,tt7188736
Diana: In Her Own Words,2017.0,"Biography,Documentary",7.8,4066,tvMovie,tt7188868
Lifechanger,2018.0,"Drama,Fantasy,Horror",5.4,3051,movie,tt7188978
Luo Bao Bei,2017.0,Animation,7.9,61,tvSeries,tt7192414
Tiger,1997.0,"Action,Drama",5.0,7,movie,tt7193672
Psycho,2017.0,Drama,7.0,8,tvSeries,tt7197320
Suburra: Blood on Rome,2017.0,"Action,Crime,Drama",7.9,18228,tvSeries,tt7197684
"Oh, Ramona!",2019.0,"Comedy,Romance",4.8,9957,movie,tt7200946
Highland: Thailand's Marijuana Awakening,2017.0,Documentary,5.8,34,tvMiniSeries,tt7201224
Jora 10 Numbaria,2017.0,Action,6.9,250,movie,tt7202976
A Little Help with Carol Burnett,2018.0,Talk-Show,6.1,273,tvSeries,tt7204366
MILF,2018.0,"Comedy,Romance",4.9,8155,movie,tt7205316
Loco Love,2017.0,"Drama,Romance",4.5,269,movie,tt7207478
Red Trees,2017.0,Documentary,6.5,155,movie,tt7211972
Ludo,2020.0,"Action,Comedy,Drama",7.6,46463,movie,tt7212754
Jim & Andy: The Great Beyond,2017.0,Documentary,7.6,29171,movie,tt7214762
One of Us,2017.0,Documentary,7.0,7374,movie,tt7214842
Robot Trains,2017.0,"Action,Adventure,Animation",5.4,171,tvSeries,tt7216288
Ronnie Coleman: The King,2018.0,Documentary,7.0,4430,movie,tt7217214
Pad Man,2018.0,"Comedy,Drama",7.8,33030,movie,tt7218518
Brotherhood,2019.0,Drama,5.3,406,movie,tt7220118
Cobra Kai,2018.0,"Action,Comedy,Drama",8.4,246141,tvSeries,tt7221388
Wake Up,2019.0,"Horror,Thriller",3.0,422,movie,tt7222228
Sparring,2017.0,"Drama,Sport",6.4,738,movie,tt7222552
Pranaam,2019.0,"Action,Crime,Drama",4.3,601,movie,tt7228072
The Royal Hibiscus Hotel,2017.0,"Comedy,Romance",5.3,334,movie,tt7229730
The Occupant,2025.0,"Drama,Mystery,Sci-Fi",4.7,3238,movie,tt7230422
The Promise,2017.0,"Drama,Horror,Thriller",5.9,1430,movie,tt7232438
Zumbo's Just Desserts,2016.0,"Game-Show,Reality-TV",6.9,2434,tvSeries,tt7239256
Project Papa,2018.0,Drama,5.9,50,movie,tt7243756
Melle,2017.0,"Drama,Family,Musical",6.0,79,movie,tt7244092
Paradox,2017.0,"Action,Adventure,Crime",6.5,4737,movie,tt7245176
Payday,2017.0,Action,7.5,15,movie,tt7249616
Revolt,2019.0,Drama,6.0,13,movie,tt7251728
Maktub,2017.0,"Comedy,Drama",7.2,2635,movie,tt7252000
Metro,2017.0,Drama,8.1,20,tvSeries,tt7252786
Diana: Her Story,2017.0,Documentary,7.7,122,tvMovie,tt7252988
Joan Didion: The Center Will Not Hold,2017.0,"Biography,Documentary",7.5,3406,movie,tt7253506
Black,2015.0,"Action,Drama,Romance",4.4,115,movie,tt7254796
The Kominsky Method,2018.0,"Comedy,Drama",8.2,47581,tvSeries,tt7255502
Father of the Year,2018.0,Comedy,5.2,13688,movie,tt7256866
Queer Eye,2018.0,Reality-TV,8.5,22509,tvSeries,tt7259746
Ava,2017.0,Drama,6.7,375,movie,tt7259986
Outside In,2017.0,Drama,6.7,6716,movie,tt7260048
Veerey Ki Wedding,2018.0,"Comedy,Romance",2.9,684,movie,tt7262178
Master Z: The Ip Man Legacy,2018.0,"Action,Biography,Crime",6.5,10957,movie,tt7262882
Deadcon,2019.0,"Drama,Horror,Mystery",2.8,1360,movie,tt7262990
Undercover,2019.0,"Crime,Drama,Thriller",7.8,22739,tvSeries,tt7263154
Ek Hasina Thi,2014.0,Drama,8.0,622,tvSeries,tt7263828
Sunny Bunnies,2015.0,"Adventure,Animation,Comedy",6.0,190,tvSeries,tt7264084
Revenge,1986.0,"Drama,Western",4.4,67,movie,tt7269700
The Milk System,2017.0,Documentary,7.0,622,movie,tt7274546
Welcome to New York,2018.0,"Comedy,Drama",1.5,1060,movie,tt7275232
Love You... Love You Not,2015.0,"Comedy,Drama,Romance",5.7,78,movie,tt7277350
Girlfriends,2018.0,Drama,6.7,853,tvSeries,tt7278232
Because This Is My First Life,2017.0,"Comedy,Drama,Romance",8.0,11347,tvSeries,tt7278588
Miss Me This Christmas,2017.0,"Comedy,Romance",4.4,575,movie,tt7281126
Burning,2018.0,"Crime,Drama,Mystery",7.4,87122,movie,tt7282468
Kingdoms of the Sky,2017.0,Documentary,8.1,162,tvSeries,tt7282674
The Carter Effect,2017.0,"Documentary,Sport",7.1,2576,movie,tt7284952
Samson,2014.0,,3.6,23,movie,tt7286272
Joker,2019.0,Drama,8.3,1720797,movie,tt7286456
The Dawn Wall,2017.0,"Adventure,Biography,Documentary",8.1,22506,movie,tt7286916
Unrest,2017.0,Drama,6.0,77,movie,tt7290740
Made in China,2019.0,Documentary,8.4,23,movie,tt7291148
Gaga: Five Foot Two,2017.0,"Documentary,Music",7.0,14270,movie,tt7291268
Lingua Franca,2016.0,Documentary,3.2,23,tvMiniSeries,tt7293512
Fire Chasers,2017.0,Documentary,6.6,448,tvMiniSeries,tt7293754
Miss India,2004.0,Drama,8.6,23,tvSeries,tt7295256
Between Worlds,2018.0,"Fantasy,Mystery,Thriller",3.9,8041,movie,tt7295450
SPF-18,2017.0,"Drama,Romance,Sport",3.2,5675,movie,tt7296862
Black,2017.0,"Crime,Drama,Fantasy",7.8,5044,tvSeries,tt7298976
Svaha: The Sixth Finger,2019.0,"Crime,Horror,Mystery",6.3,6316,movie,tt7299298
The Legacy of the Bones,2019.0,"Crime,Mystery,Thriller",6.4,11367,movie,tt7304802
Offering to the Storm,2020.0,"Crime,Mystery,Thriller",6.2,8564,movie,tt7304824
Wormwood,2017.0,"Biography,Drama",7.0,5124,tvMiniSeries,tt7306056
Haven,2018.0,Thriller,5.1,44,movie,tt7307488
Desire,2017.0,"Comedy,Drama,Romance",4.0,2002,movie,tt7308086
Fronteras,2018.0,Drama,4.0,282,movie,tt7308310
First Kiss,2017.0,"Comedy,Romance",5.0,752,movie,tt7309654
JingleKids,2016.0,"Adventure,Animation,Comedy",7.7,42,tvSeries,tt7310858
Singularity,2017.0,"Action,Adventure,Drama",3.6,11873,movie,tt7312940
The Silence,2019.0,"Drama,Horror,Sci-Fi",5.4,56780,movie,tt7315484
Santa Girl,2019.0,"Comedy,Family,Romance",5.1,1494,movie,tt7315570
Chosen,2018.0,Action,5.3,150,tvSeries,tt7317178
Saving Zoë,2019.0,"Crime,Drama,Mystery",5.4,2488,movie,tt7319822
The Letdown,2017.0,Comedy,7.4,4448,tvSeries,tt7320300
Cuba and the Cameraman,2017.0,Documentary,8.2,6005,movie,tt7320560
Kingdom of Us,2017.0,"Documentary,Drama",6.9,1027,movie,tt7321274
Food on the Go,2017.0,Documentary,6.3,252,movie,tt7321504
The Eddy,2020.0,"Drama,Music",7.1,3486,tvMiniSeries,tt7322210
Pup Star: World Tour,2018.0,"Comedy,Family,Musical",4.1,279,movie,tt7322864
All About Love,2017.0,Romance,4.2,55,movie,tt7324726
Fifty,2017.0,Drama,8.5,44,tvSeries,tt7325262
Sisters,2018.0,Comedy,6.6,9,movie,tt7326798
Riot,2018.0,"Drama,History,Romance",6.7,760,tvMovie,tt7328908
Pari,2018.0,"Fantasy,Horror,Mystery",6.6,8102,movie,tt7329858
Nothing to Hide,2017.0,Documentary,7.0,142,movie,tt7330532
Ghost of the Mountains,2017.0,Documentary,7.0,413,movie,tt7332500
Goldie,2019.0,Drama,5.7,1232,movie,tt7335104
You,2018.0,"Crime,Drama,Romance",7.6,374383,tvSeries,tt7335184
Quicksand,2019.0,"Crime,Drama,Mystery",7.4,29158,tvMiniSeries,tt7340738
Revolutionary Love,2017.0,"Comedy,Romance",6.8,960,tvSeries,tt7340800
Rukh,2017.0,"Drama,Mystery",6.3,688,movie,tt7341406
Day and Night,2017.0,"Crime,Drama,Mystery",8.1,1189,tvSeries,tt7341934
The Mortified Guide,2018.0,"Comedy,Documentary,Reality-TV",7.9,315,tvSeries,tt7343520
Break,2018.0,Drama,5.8,1318,movie,tt7343574
Neo Yokio,2017.0,"Action,Adventure,Animation",6.0,3752,tvMiniSeries,tt7343832
Long Shot,2017.0,"Crime,Documentary,Sport",7.4,9493,tvMovie,tt7344360
The Confession Tapes,2017.0,"Crime,Documentary",7.5,6006,tvSeries,tt7349602
The Interview,2016.0,Adult,6.2,11,tvMiniSeries,tt7350346
Head Count,2018.0,"Horror,Mystery,Thriller",5.4,5512,movie,tt7350614
Sangam,2007.0,Drama,3.8,711,tvSeries,tt7351316
Aadu 2,2017.0,Comedy,7.1,2784,movie,tt7355718
Black Crows,2017.0,"Drama,Thriller,War",5.6,403,tvSeries,tt7356518
Avicii: True Stories,2017.0,"Biography,Documentary,Music",7.6,7405,movie,tt7357302
Burning Cane,2019.0,Drama,5.4,691,movie,tt7358154
My Perfect Romance,2018.0,Romance,4.7,3349,tvMovie,tt7358936
In Between,2018.0,"Drama,Music,Romance",4.5,876,movie,tt7365166
Bennett's War,2019.0,Sport,6.1,1108,movie,tt7370952
1983,2018.0,"Crime,Drama,Thriller",6.7,4478,tvSeries,tt7371666
Pine Gap,2018.0,"Drama,Mystery,Thriller",7.2,8138,tvMiniSeries,tt7371868
Traitors,2019.0,"History,Thriller",6.6,4359,tvSeries,tt7371896
Always Be My Maybe,2019.0,"Comedy,Romance",6.7,67056,movie,tt7374948
Cappuccino,2017.0,"Comedy,Drama",3.8,55,movie,tt7375412
The Visit,1995.0,"Drama,Romance,War",7.7,1354,movie,tt7376410
Invisible,2021.0,"Biography,Documentary,Music",8.1,208,movie,tt7379472
Followers,2021.0,"Comedy,Horror",3.4,389,movie,tt7382842
Eve's Apple,2017.0,Documentary,6.8,99,movie,tt7388694
Little Monsters,2019.0,"Comedy,Horror,Sci-Fi",6.3,21738,movie,tt7390588
The Chosen Ones,2018.0,Drama,8.6,16,tvSeries,tt7391516
Shooter,2012.0,"Action,Romance",5.8,8,movie,tt7393218
Qarib Qarib Single,2017.0,"Comedy,Romance",7.2,11811,movie,tt7399470
Game Over,2017.0,Thriller,5.8,117,movie,tt7399620
The Workshop,2018.0,"Drama,Thriller",4.5,17,movie,tt7405478
ScreenPrism,2016.0,Documentary,9.0,7,tvSeries,tt7407778
Mala Kahich Problem Nahi,2017.0,Drama,7.1,132,movie,tt7408358
All American,2018.0,"Drama,Sport",7.6,16856,tvSeries,tt7414406
Demon,2018.0,"Adventure,Drama,Fantasy",6.8,3024,tvSeries,tt7414954
Hugo,1993.0,Game-Show,6.4,13,tvSeries,tt7415862
Game Over,1994.0,Game-Show,5.7,7,tvSeries,tt7416446
Playing Hard,2018.0,Drama,6.5,1305,movie,tt7419468
The Exception,2019.0,"Drama,Thriller",5.9,1190,movie,tt7420532
Naked,2018.0,"Comedy,Crime,Drama",5.9,399,tvSeries,tt7420880
48 Christmas Wishes,2017.0,"Adventure,Comedy,Drama",4.0,1325,tvMovie,tt7422638
Ratched,2020.0,"Crime,Drama,History",7.2,80449,tvSeries,tt7423538
The Last Laugh,2019.0,"Comedy,Drama",5.6,7325,movie,tt7427356
Le K Benzema,2017.0,"Biography,Documentary,Sport",6.9,592,tvMovie,tt7427806
Summer Night,2019.0,"Comedy,Drama",4.8,1233,movie,tt7428820
War,2019.0,"Action,Adventure,Thriller",6.6,40693,movie,tt7430722
Tientsin Mystic,2017.0,"Crime,Drama,Fantasy",7.0,326,tvSeries,tt7431768
Innocent,2017.0,Comedy,6.3,2040,movie,tt7433762
Last Night,2017.0,Drama,6.7,201,movie,tt7433980
Medal of Honor,2018.0,"Documentary,War",8.2,2128,tvSeries,tt7440274
Quincy,2018.0,"Biography,Documentary",7.6,5808,movie,tt7440432
Jericho,2017.0,Action,8.3,24,movie,tt7445206
Satan & Adam,2018.0,"Documentary,Music",7.7,534,movie,tt7445772
Puss in Boots,1997.0,"Adventure,Animation,Family",5.5,34,tvMovie,tt7446364
The Debt Collector,2018.0,"Action,Comedy",5.9,10058,movie,tt7448180
Fearless,2017.0,Action,5.9,17,tvMiniSeries,tt7451496
Jack Whitehall: Travels with My Father,2017.0,"Comedy,Documentary",7.6,6396,tvSeries,tt7453996
The Game Changers,2018.0,"Documentary,Sport",7.8,22670,movie,tt7455754
The Last Thing He Wanted,2020.0,"Crime,Drama,Mystery",4.4,17639,movie,tt7456312
The New Romantic,2018.0,"Comedy,Drama,Romance",5.8,2587,movie,tt7456534
The Wolf's Call,2019.0,"Action,Thriller",6.9,24497,movie,tt7458762
Wolf,1987.0,Horror,5.9,36,movie,tt7458960
The Oath,2018.0,"Comedy,Thriller",5.7,5228,movie,tt7461200
Psiconautas,2016.0,Comedy,6.9,200,tvSeries,tt7465722
Vampires,2017.0,"Adult,Drama,Fantasy",7.1,76,tvSeries,tt7466102
The Healer,2017.0,Reality-TV,7.1,1567,tvSeries,tt7467448
Spotlight,2017.0,Drama,6.7,127,tvMiniSeries,tt7468552
Mirror Mirror,2018.0,Comedy,8.2,19,tvSeries,tt7471912
Shirkers,2018.0,Documentary,7.3,6032,movie,tt7472352
Unbridled,2018.0,Thriller,5.0,618,movie,tt7474914
Manusangada,2017.0,Drama,7.7,196,movie,tt7475710
Invisible,2019.0,"Drama,Thriller",6.6,324,movie,tt7475974
14 Cameras,2018.0,"Crime,Horror,Thriller",4.7,3847,movie,tt7476438
Adrishya,2017.0,"Drama,Family,Horror",3.2,224,movie,tt7476874
River's Edge,2018.0,"Crime,Drama",6.2,1217,movie,tt7476946
Eeda,2018.0,"Drama,Romance",7.1,654,movie,tt7477108
Borderline,2021.0,"Biography,Drama,Romance",5.1,82,movie,tt7478674
Children of the Whales,2017.0,"Animation,Drama,Fantasy",7.0,2109,tvMiniSeries,tt7484994
Mr. Chandramouli,2018.0,"Comedy,Romance,Sport",5.1,286,movie,tt7486356
Over the Moon,2020.0,"Adventure,Animation,Comedy",6.3,27368,movie,tt7488208
The Who Was? Show,2018.0,"Adventure,Comedy,Family",6.9,841,tvSeries,tt7488702
Nothing to Hide,2018.0,"Comedy,Drama",6.8,18780,movie,tt7489816
27: Gone Too Soon,2018.0,"Documentary,Music",4.9,1515,movie,tt7490256
Welcome to the Family,2018.0,Comedy,6.7,618,tvSeries,tt7490342
Hardy Bucks,2017.0,Comedy,8.9,89,tvSeries,tt7491638
The Story of Us with Morgan Freeman,2017.0,Documentary,7.5,660,tvSeries,tt7492116
Kibaoh Klashers,2017.0,"Adventure,Animation,Family",7.6,55,tvSeries,tt7492122
The Mistress,2017.0,"Adult,Romance",6.9,86,tvMiniSeries,tt7492150
In Line,2017.0,Drama,5.9,58,movie,tt7492760
New Money,2018.0,"Drama,Fantasy",5.3,96,movie,tt7493184
Bodyguard,2018.0,"Crime,Drama,Mystery",8.0,172718,tvMiniSeries,tt7493974
Hugo,2017.0,Documentary,7.9,15,movie,tt7496196
The Burial of Kojo,2018.0,"Drama,Thriller",6.5,908,movie,tt7497366
Seven Sundays,2017.0,"Comedy,Drama,Family",7.6,726,movie,tt7502214
Good and Prosperous,2017.0,Comedy,4.0,343,movie,tt7502828
Survivor,2003.0,"Action,Game-Show,Reality-TV",5.5,25,tvSeries,tt7504196
Once Again,2017.0,Drama,5.5,27,movie,tt7505208
Entanglement,2021.0,Drama,6.1,135,movie,tt7510166
Cat on a Hot Tin Roof,2018.0,Drama,7.2,438,movie,tt7510284
Ainori Love Wagon: Asian Journey,2017.0,"Game-Show,Reality-TV",7.0,376,tvSeries,tt7510930
Paradise Beach,2019.0,"Action,Thriller",4.7,2603,movie,tt7511008
Inmates,2017.0,Documentary,8.2,79,movie,tt7513326
Ultraviolet,2017.0,Crime,6.8,1806,tvSeries,tt7514746
Mission of Honor,2018.0,"Action,Drama,War",5.9,5881,movie,tt7515456
Uncovered,2017.0,Documentary,8.2,11,movie,tt7517072
Conor McGregor: Notorious,2017.0,"Biography,Documentary,Sport",7.1,6906,movie,tt7518466
The Big Family Cooking Showdown,2017.0,Reality-TV,7.1,808,tvSeries,tt7518558
Russian Doll,2019.0,"Comedy,Drama,Mystery",7.7,117059,tvSeries,tt7520794
Beats,2019.0,"Comedy,Crime,Drama",7.1,5164,movie,tt7524414
The House Next Door: Meet the Blacks 2,2021.0,"Action,Comedy,Horror",4.2,2661,movie,tt7524444
Watchman,2018.0,"Comedy,Drama,Fantasy",4.7,38,movie,tt7524980
The Package,2018.0,"Comedy,Thriller",5.6,24608,movie,tt7525778
Black Mirror,2013.0,Horror,6.5,41,movie,tt7526316
Hamid,2018.0,Drama,7.7,1491,movie,tt7527082
Jefe,2018.0,Comedy,5.5,1259,movie,tt7527538
Pickpockets,2018.0,"Crime,Drama",5.4,1393,movie,tt7527694
Consequences,2019.0,Thriller,8.4,45,movie,tt7527880
Lady J,2018.0,"Drama,Romance",6.8,4311,movie,tt7530986
Myths & Monsters,2017.0,"Documentary,Fantasy",7.6,1031,tvSeries,tt7531644
The Boy Who Harnessed the Wind,2019.0,"Biography,Drama,History",7.6,53379,movie,tt7533152
Sab Jholmaal Hai,2017.0,"Animation,Comedy",6.9,75,tvSeries,tt7533276
Harry & Bunnie,2016.0,"Adventure,Animation,Comedy",6.2,68,tvSeries,tt7533310
Sorry Angel,2018.0,"Comedy,Drama,Romance",6.8,4563,movie,tt7534054
Hot Sweet Sour,2017.0,"Drama,Romance",6.0,3173,movie,tt7535964
Small Crimes,2017.0,"Action,Crime,Drama",7.3,3856,tvSeries,tt7535994
Trolls: The Beat Goes On!,2018.0,"Adventure,Animation,Comedy",6.0,1180,tvSeries,tt7539608
1BR,2019.0,"Drama,Horror,Thriller",5.8,17308,movie,tt7541106
Possessive,2017.0,"Drama,Romance",7.3,1135,movie,tt7541708
All About Nina,2018.0,Drama,6.2,3456,movie,tt7542576
The Unicorn,2018.0,"Documentary,Music",7.7,27,movie,tt7542928
Love Shot,2018.0,"Comedy,Crime,Romance",5.1,638,movie,tt7543072
Oversize Cops,2017.0,"Action,Comedy",5.8,251,movie,tt7547814
Project Power,2020.0,"Action,Crime,Sci-Fi",6.0,104427,movie,tt7550000
Evil Genius,2017.0,History,7.6,751,tvSeries,tt7552556
The Old Guard,2020.0,"Action,Fantasy,Thriller",6.7,212506,movie,tt7556122
Pose,2018.0,Drama,8.6,37015,tvSeries,tt7562112
Lady Driver,2020.0,Sport,5.9,2071,movie,tt7562334
Sometimes,2015.0,Drama,5.7,45,movie,tt7563924
Chilling Adventures of Sabrina,2018.0,"Drama,Fantasy,Horror",7.4,120138,tvSeries,tt7569592
Beyond Stranger Things,2017.0,"Documentary,Talk-Show",7.3,2508,tvSeries,tt7570990
Creeped Out,2017.0,"Adventure,Drama,Family",6.6,3051,tvSeries,tt7573024
Erased,2017.0,"Drama,Fantasy,Mystery",7.8,4980,tvSeries,tt7573686
Love Ni Bhavai,2017.0,"Comedy,Drama,Romance",8.2,2254,movie,tt7580570
Shot in the Dark,2017.0,Documentary,8.1,82,movie,tt7580902
Sudani from Nigeria,2018.0,"Comedy,Drama,Sport",8.1,5750,movie,tt7581572
Born Strong,2017.0,"Documentary,Sport",7.1,1536,movie,tt7582508
The Ghost Bride,2017.0,"Drama,Fantasy,Horror",5.3,217,movie,tt7582830
Heaven Without People,2017.0,Drama,7.4,1404,movie,tt7583280
Awake,2019.0,"Action,Adventure,Crime",5.0,4319,movie,tt7584702
Sat Shri Akaal England,2017.0,"Comedy,Family",5.3,318,movie,tt7585674
Four Weddings and a Funeral,2019.0,"Comedy,Romance",7.2,6892,tvMiniSeries,tt7587362
"Roswell, New Mexico",2019.0,"Drama,Romance,Sci-Fi",6.4,15335,tvSeries,tt7588054
Voyeur,2017.0,"Crime,Documentary",6.1,7183,movie,tt7588790
Seventeen,2017.0,"Drama,History",5.6,43,tvMiniSeries,tt7589896
Maria,2019.0,"Action,Drama,Thriller",5.0,2714,movie,tt7594584
Trump: An American Dream,2017.0,"Biography,Documentary",7.2,5250,tvMiniSeries,tt7596008
Compulsion,2018.0,Thriller,4.3,49,movie,tt7596874
Phantom,2018.0,"Crime,Horror,Thriller",8.0,83,movie,tt7598276
Trotsky,2017.0,"Biography,Drama,History",7.1,2379,tvSeries,tt7599132
Waiting,2017.0,Drama,9.0,87,movie,tt7599406
Ride Like a Girl,2019.0,"Biography,Drama,Sport",7.0,5324,movie,tt7600382
DNA,2020.0,Drama,5.9,1530,movie,tt7600716
Hot Date,2017.0,Comedy,7.1,709,tvSeries,tt7603386
The End,2017.0,"Drama,Fantasy,Thriller",5.0,32,movie,tt7604636
The Wandering Earth,2019.0,"Action,Adventure,Sci-Fi",5.9,39829,movie,tt7605074
The Twelve,2019.0,"Drama,Thriller",7.4,7231,tvSeries,tt7605396
The Last Runway,2018.0,"Action,Crime,Drama",5.8,900,movie,tt7606620
Jani Dueñas: Grandes fracasos de ayer y hoy,2018.0,Comedy,4.8,75,tvMovie,tt7607260
The Open House,2018.0,"Horror,Thriller",3.3,39544,movie,tt7608028
Nothing to Lose,2017.0,"Drama,Romance",6.7,255,tvSeries,tt7608128
Wanderlust,2018.0,"Comedy,Drama,Romance",7.0,6505,tvSeries,tt7608238
A Christmas Prince,2017.0,"Comedy,Family,Romance",5.8,23662,movie,tt7608418
Christmas Inheritance,2017.0,"Comedy,Drama,Romance",5.7,14559,movie,tt7608534
Armed to the Teeth,2018.0,"Crime,Documentary,Thriller",7.9,770,movie,tt7609436
Lolita,1984.0,Drama,4.8,5,movie,tt7610124
The Outpost,2018.0,"Action,Adventure,Drama",6.6,10266,tvSeries,tt7612548
The Ghost Who Walks,2019.0,"Crime,Drama",5.3,564,movie,tt7612748
Dhh,2017.0,"Drama,Family",7.6,584,movie,tt7613166
The Intent 2: The Come Up,2018.0,Crime,3.8,494,movie,tt7613996
30 Days of Luxury,2016.0,"Comedy,Musical",2.2,62,movie,tt7616358
The Final Table,2018.0,"Game-Show,Reality-TV",7.6,5281,tvSeries,tt7619858
The Road to Calvary,2017.0,Drama,7.7,954,tvSeries,tt7620312
Dinotrux Supercharged,2017.0,"Action,Adventure,Animation",6.3,174,tvSeries,tt7620702
Face 2 Face,2019.0,Action,4.5,16,movie,tt7622218
Prison Playbook,2017.0,"Comedy,Drama",8.3,6429,tvSeries,tt7622902
Satrangi,2016.0,Drama,5.1,10,movie,tt7624382
Paharganj,2019.0,"Crime,Drama,Mystery",3.8,2203,movie,tt7624840
Zoo,2018.0,"Comedy,Drama,Horror",5.5,2477,movie,tt7624934
The Tourist,1991.0,Documentary,5.2,8,movie,tt7625550
Crazy Delicious,2017.0,Reality-TV,8.7,16,tvSeries,tt7626160
The Cell,2017.0,Adventure,7.2,29,tvSeries,tt7628038
American Circumcision,2017.0,Documentary,7.3,660,movie,tt7628146
Big Time,2017.0,"Biography,Documentary",6.5,280,movie,tt7630164
The Devil to Pay,2019.0,Thriller,6.3,1539,movie,tt7631568
Follow Me,2018.0,Documentary,5.2,261,movie,tt7631792
Juanita,2018.0,"Comedy,Drama",7.2,36,movie,tt7634746
Man Like Mobeen,2017.0,Comedy,8.0,4336,tvSeries,tt7639280
The World We Make,2019.0,Drama,5.6,845,movie,tt7643622
Shot in the Dark,2017.0,"Documentary,Reality-TV",7.9,2167,tvSeries,tt7644680
Baby,2018.0,Drama,6.9,15898,tvSeries,tt7645192
Love and Shukla,2017.0,"Comedy,Drama,Romance",7.2,1259,movie,tt7647198
Hitler's Steel Beast,2016.0,"Documentary,History",6.3,512,movie,tt7650378
One Strange Rock,2018.0,Documentary,8.7,8677,tvMiniSeries,tt7651892
Marriage Story,2019.0,"Drama,Romance",7.9,374788,movie,tt7653254
Playing Hard,2018.0,Documentary,6.0,468,movie,tt7655524
Black Earth Rising,2018.0,"Drama,Thriller",7.5,6170,tvSeries,tt7660730
All About the Washingtons,2018.0,"Comedy,Music",4.9,849,tvSeries,tt7661368
Barbie Dreamhouse Adventures,2018.0,"Animation,Comedy,Family",6.8,965,tvSeries,tt7661472
Love is Blind,2017.0,Reality-TV,7.8,8,tvSeries,tt7663764
The Trial,2018.0,"Documentary,History",7.3,1510,movie,tt7665476
Magnolia,2016.0,"Drama,Family,Romance",5.8,12,movie,tt7666988
Confessions of a Serial Killer with Piers Morgan,2017.0,"Crime,Documentary",3.9,1516,tvSeries,tt7667038
She,2018.0,"Drama,Fantasy",5.1,75,movie,tt7668228
The Protector,2018.0,"Action,Adventure,Drama",6.4,37997,tvSeries,tt7668518
Grand Hotel,2019.0,"Crime,Drama,Mystery",7.1,4259,tvSeries,tt7671068
Thriller,2018.0,"Crime,Drama,Horror",3.6,1377,movie,tt7671414
Messiah,2020.0,"Drama,Mystery,Thriller",7.6,50050,tvSeries,tt7671598
Agent,2019.0,Drama,7.6,99,tvSeries,tt7678910
We the Animals,2018.0,Drama,6.9,4815,movie,tt7681824
After Porn Ends 3,2018.0,Documentary,5.4,1867,movie,tt7681970
Sweetheart,2019.0,"Comedy,Drama,Romance",6.2,1069,movie,tt7682382
Weapon of Choice,2018.0,Documentary,5.0,190,movie,tt7683350
Baaghi,2017.0,"Biography,Drama,Mystery",8.5,374,tvSeries,tt7684034
Black Heart,2016.0,"Drama,Romance",5.8,172,tvSeries,tt7685892
Unexpectedly Yours,2017.0,"Comedy,Romance",6.7,249,movie,tt7686876
Let There Be Light,2019.0,Drama,7.2,538,movie,tt7689186
The Devil We Know,2018.0,Documentary,7.8,1459,movie,tt7689910
Seeing Allred,2018.0,"Biography,Documentary",7.3,1543,movie,tt7689924
Soorma,2018.0,"Biography,Drama,Sport",7.3,6489,movie,tt7690638
SuperFly,2018.0,"Action,Crime,Thriller",5.3,8136,movie,tt7690670
Kakegurui,2018.0,"Drama,Thriller",6.8,1631,tvSeries,tt7691766
Don't Crack Under Pressure III,2017.0,"Adventure,Documentary",7.0,108,movie,tt7692504
Ponysitters Club,2017.0,"Drama,Family",5.9,150,tvSeries,tt7692572
The Show,2018.0,Action,6.3,26,tvSeries,tt7696850
Glitch Techs,2020.0,"Action,Adventure,Animation",7.7,2241,tvSeries,tt7697062
Hide and Seek,2018.0,Thriller,5.6,10,movie,tt7699008
Simon,2016.0,"Adventure,Animation,Comedy",6.7,192,tvSeries,tt7699866
Mob Psycho 100,2018.0,"Action,Comedy,Sci-Fi",5.2,728,tvSeries,tt7701694
The Spy Who Fell to Earth,2019.0,"Documentary,Mystery",6.6,1234,movie,tt7706168
Lionheart,2018.0,Comedy,5.7,1607,movie,tt7707314
Alone,2020.0,"Drama,Mystery,Thriller",6.2,36672,movie,tt7711170
Sarkar,2018.0,"Action,Drama",6.7,24107,movie,tt7715202
Cake,2018.0,"Drama,Mystery,Romance",7.6,1269,movie,tt7715988
Chocolate,2017.0,"Adventure,Comedy,Family",4.1,48,movie,tt7719186
The Crew,2018.0,Documentary,6.1,40,movie,tt7721552
Genius,2018.0,"Action,Adventure,Drama",5.1,3895,movie,tt7722258
Big Kill,2019.0,"Action,Drama,Western",5.4,1633,movie,tt7730102
Pimpal,2017.0,Drama,7.5,206,movie,tt7734662
Jingle Jangle: A Christmas Journey,2020.0,"Family,Fantasy,Musical",6.4,22283,movie,tt7736496
All of You,2017.0,"Comedy,Drama,Romance",5.7,201,movie,tt7736536
3Below: Tales of Arcadia,2018.0,"Action,Adventure,Animation",7.6,8584,tvSeries,tt7736544
Temple,2019.0,"Comedy,Crime,Drama",7.0,5267,tvSeries,tt7736572
We Speak Dance,2018.0,Documentary,7.3,170,tvSeries,tt7737500
Jo Pil-ho: The Dawning Rage,2019.0,"Action,Crime,Drama",6.4,2912,movie,tt7738048
Detention,2019.0,Horror,3.2,52,movie,tt7738704
The Boss Baby: Back in Business,2018.0,"Adventure,Animation,Comedy",6.5,5323,tvSeries,tt7741824
The Epic Tales of Captain Underpants,2018.0,"Action,Adventure,Animation",6.8,1642,tvSeries,tt7741830
The Hatred,2018.0,"Drama,Horror,Thriller",5.0,261,movie,tt7745080
She-Ra and the Princesses of Power,2018.0,"Action,Adventure,Animation",8.1,22680,tvSeries,tt7745956
Samantaral,2017.0,Drama,7.5,1075,movie,tt7746986
RK Nagar,2019.0,Comedy,5.4,179,movie,tt7748196
Somebody Feed Phil,2018.0,"Adventure,Documentary",8.3,7939,tvSeries,tt7752034
Minute to Win It,2014.0,Game-Show,7.0,11,tvSeries,tt7752812
Banana Split,2018.0,Comedy,6.2,4188,movie,tt7755856
Retablo,2017.0,Drama,7.5,2126,movie,tt7761590
Chuck Chicken,2015.0,"Adventure,Animation,Comedy",7.5,66,tvSeries,tt7762152
Dovlatov,2018.0,"Biography,Drama",6.4,2368,movie,tt7763020
Rotten,2018.0,Documentary,7.2,4262,tvSeries,tt7763662
Rangreza,2017.0,"Music,Romance",4.8,254,movie,tt7765900
Sex Education,2019.0,"Comedy,Drama,Romance",8.2,402969,tvSeries,tt7767422
The Outsider,2018.0,Documentary,6.8,17,movie,tt7767582
Wild Wild Country,2018.0,"Crime,Documentary",8.0,39095,tvMiniSeries,tt7768848
Jojo's World,2017.0,"Drama,Romance",7.4,48,tvSeries,tt7769340
The Secret,2018.0,"Drama,Musical",5.0,19,movie,tt7772386
The Perfection,2018.0,"Drama,Horror,Thriller",6.2,54272,movie,tt7772580
Terrace House: Opening New Doors,2017.0,"Drama,Reality-TV",7.8,1181,tvSeries,tt7776244
All Is Well,2018.0,Drama,6.4,1770,movie,tt7776430
Counterfeiting in Suburbia,2018.0,"Crime,Thriller",4.9,421,tvMovie,tt7776830
Frontier,2018.0,"Action,Drama,Fantasy",5.3,643,movie,tt7776936
Freaks,2018.0,Comedy,6.4,11,tvSeries,tt7776992
Thackeray,2019.0,"Biography,Drama",5.4,3967,movie,tt7777196
Hush,2017.0,"Adult,Drama,Romance",5.8,17,tvMiniSeries,tt7778974
Euphoria,2018.0,Drama,6.6,1479,movie,tt7779590
Dope,2017.0,"Crime,Documentary",7.3,1926,tvSeries,tt7782022
Concrete Football,2016.0,"Documentary,Sport",6.4,160,movie,tt7784920
Rembat,2015.0,"Comedy,Family,Sport",5.8,33,movie,tt7785062
Spotlight,2015.0,Drama,7.9,22,movie,tt7785302
Man Up,2016.0,Documentary,8.4,7,tvMiniSeries,tt7786254
Spy Time,2018.0,Comedy,8.6,30,tvSeries,tt7793658
Western Ghats,2018.0,"Drama,Romance",8.5,2039,movie,tt7794052
Our House,2017.0,"Drama,Mystery",6.1,272,movie,tt7797250
Saavat,2019.0,"Crime,Drama,Thriller",6.6,192,movie,tt7798984
Jonas,2016.0,Drama,6.4,21,movie,tt7799740
Manhunt,2019.0,"Biography,Crime,Drama",7.6,12524,tvSeries,tt7801964
The World's Most Extraordinary Homes,2017.0,Documentary,7.6,3850,tvSeries,tt7804132
My Dear Boy,2017.0,Romance,7.4,117,tvSeries,tt7804134
Torbaaz,2020.0,"Drama,Thriller",5.3,20830,movie,tt7805960
The Miracle,2018.0,"Drama,Mystery",7.5,1864,tvSeries,tt7806456
Your Son,2018.0,Drama,6.1,6180,movie,tt7807026
Time Out,2017.0,"Comedy,Drama",6.9,51,tvMiniSeries,tt7807324
Kygo: Live at the Hollywood Bowl,2017.0,"Documentary,Music",6.8,129,movie,tt7808118
Pop Team Epic,2018.0,"Animation,Comedy",6.9,1175,tvSeries,tt7808370
Misfit,2016.0,Horror,4.4,72,movie,tt7809214
James Acaster: Repertoire,2018.0,Comedy,8.4,4747,tvMiniSeries,tt7818686
Lara and the Beat,2018.0,"Drama,Music,Romance",5.5,162,movie,tt7819668
Adhugo,2018.0,Drama,5.9,89,movie,tt7822454
Possessed,2018.0,"Documentary,Horror",5.3,40,movie,tt7823830
Raising Dion,2019.0,"Drama,Sci-Fi",7.1,18216,tvSeries,tt7826108
The Wedding Party 2: Destination Dubai,2017.0,Comedy,4.7,360,movie,tt7827944
Inside Man: Most Wanted,2019.0,"Action,Crime,Thriller",5.6,9322,movie,tt7832848
Lifeline,2017.0,Drama,8.0,18,tvSeries,tt7836760
Perdida,2018.0,"Crime,Drama,Mystery",5.7,5653,movie,tt7841496
Delirium,2003.0,"Drama,Mystery,Thriller",7.8,14,movie,tt7842508
Dilan 1990,2018.0,"Drama,Romance",7.1,4389,movie,tt7843946
Enola Holmes,2020.0,"Adventure,Crime,Drama",6.7,254638,movie,tt7846844
Love Per Square Foot,2018.0,"Comedy,Romance",7.1,9780,movie,tt7853242
Remember,2017.0,"Crime,Drama,Thriller",6.7,186,tvMiniSeries,tt7853580
Tokyo Trial,2017.0,Drama,7.4,404,movie,tt7854302
Aapla Manus,2018.0,"Drama,Thriller",6.9,1247,movie,tt7867076
122,2019.0,"Crime,Horror,Thriller",5.6,5969,movie,tt7867670
The Reservoir Game,2017.0,Documentary,5.9,50,movie,tt7867724
My Little Pony Equestria Girls: Forgotten Friendship,2018.0,"Adventure,Animation,Comedy",7.4,1120,tvMovie,tt7869818
Seventeen,2011.0,"Drama,History,Romance",5.8,18,tvMovie,tt7870586
Deliha 2,2018.0,Comedy,4.7,3395,movie,tt7871636
On My Block,2018.0,"Comedy,Drama",7.8,22539,tvSeries,tt7879820
Har Kisse Ke Hisse: Kaamyaab,2018.0,Drama,7.7,4684,movie,tt7881550
Cold Feet,2018.0,Comedy,6.2,1970,movie,tt7883774
Cemara's Family,2018.0,"Drama,Family",7.6,1199,movie,tt7885874
Bucket List,2018.0,Family,5.7,742,movie,tt7886846
Dirty Money,2018.0,"Crime,Documentary",8.1,10837,tvSeries,tt7889220
Mr. Virgin,2018.0,Romance,4.9,20,movie,tt7889930
The Wiggles: Wiggly TV,1999.0,"Family,Music",8.0,17,tvSeries,tt7893280
Borges,2018.0,Comedy,6.2,193,tvSeries,tt7895652
The Joel McHale Show with Joel McHale,2018.0,"Comedy,Talk-Show",7.1,2600,tvSeries,tt7895706
Family Blood,2018.0,"Drama,Horror,Thriller",4.2,3595,movie,tt7895904
Record of Grancrest War,2018.0,"Action,Adventure,Animation",7.1,1503,tvSeries,tt7897050
Khaani,2017.0,Romance,7.7,1550,tvSeries,tt7899698
Pari,2020.0,"Drama,Mystery",6.8,824,movie,tt7900106
Just Friends,2018.0,"Comedy,Drama,Romance",7.1,6131,tvMovie,tt7901640
Safe,2018.0,"Crime,Drama,Mystery",7.2,63153,tvMiniSeries,tt7902072
Salam - The First ****** Nobel Laureate,2018.0,Documentary,7.8,458,movie,tt7904606
Ugly Delicious,2018.0,"Adventure,Documentary",7.7,3929,tvSeries,tt7907916
72 Dangerous Animals: Latin America,2017.0,Documentary,6.6,854,tvMiniSeries,tt7909708
Unbelievable,2019.0,"Crime,Drama",8.3,138926,tvMiniSeries,tt7909970
Match,2018.0,"Comedy,Sport",7.9,131,tvSeries,tt7910010
Grass,2018.0,Drama,6.7,1599,movie,tt7913172
Norm of the North: Keys to the Kingdom,2018.0,"Adventure,Animation,Comedy",3.1,1031,movie,tt7913394
Soundtrack,2019.0,"Drama,Musical",6.8,2311,tvSeries,tt7913450
Messiah,2018.0,"Action,Horror,Sci-Fi",5.7,19,movie,tt7914308
Love Is in the Air,2018.0,"Fantasy,Romance",6.6,30,tvSeries,tt7914700
Udaan,2014.0,Drama,4.6,192,tvSeries,tt7915114
Paris Is Us,2019.0,Drama,4.6,1593,movie,tt7920024
Persona,2018.0,"Crime,Drama,Mystery",8.9,57092,tvSeries,tt7920978
My Mister,2018.0,Drama,9.0,16124,tvSeries,tt7923710
The Yard,2018.0,"Crime,Drama",7.3,2449,tvSeries,tt7923832
First Team: Juventus,2018.0,"Documentary,Reality-TV,Sport",7.2,2267,tvSeries,tt7924812
Luna Petunia: Return to Amazia,2018.0,Animation,6.1,74,tvSeries,tt7924854
Off Course,2018.0,Thriller,8.2,9,tvSeries,tt7927364
The Rehearsal,2019.0,"Drama,Short",8.6,19,tvSeries,tt7927992
Blazing Transfer Students,2017.0,"Action,Adventure,Comedy",6.6,159,tvSeries,tt7931520
Vanjagar Ulagam,2018.0,"Crime,Drama,Thriller",6.0,291,movie,tt7933564
Disclosure,2020.0,Drama,6.0,418,movie,tt7933796
Drug Lords,2018.0,"Biography,Crime,Documentary",6.8,1678,tvSeries,tt7935522
Transformer,2017.0,"Biography,Documentary,Sport",6.9,1281,movie,tt7935784
Tobot,2018.0,"Action,Adventure,Animation",6.3,127,tvSeries,tt7936336
Paul Hollywood's Big Continental Road Trip,2017.0,Documentary,7.4,277,tvSeries,tt7936386
The Endless Trench,2019.0,"Drama,History",7.2,7969,movie,tt7937168
I'm Thinking of Ending Things,2020.0,"Drama,Thriller",6.5,111838,movie,tt7939766
Bat Pat,2015.0,"Adventure,Animation,Comedy",7.3,37,tvSeries,tt7941974
The Fix,2019.0,"Crime,Drama,Mystery",6.6,3425,tvSeries,tt7942774
Ibiza,2019.0,Comedy,5.1,3019,movie,tt7942936
B: The Beginning,2018.0,"Action,Animation,Crime",7.0,6252,tvSeries,tt7944664
The Prince,2019.0,Drama,6.4,1974,movie,tt7945236
Entangled,2019.0,Drama,3.7,188,movie,tt7945420
Dirty John,2018.0,"Crime,Drama",7.3,26735,tvSeries,tt7945720
Prospect,2018.0,"Adventure,Drama,Sci-Fi",6.3,41175,movie,tt7946422
Animal World,2018.0,"Action,Fantasy,Sci-Fi",6.4,5495,movie,tt7946836
Rehmataan,2012.0,"Drama,Family,Romance",6.3,9,movie,tt7947124
Heidi,2024.0,Family,6.3,17,movie,tt7948118
Paradox,2018.0,"Fantasy,Music",4.1,866,movie,tt7949046
Nicky Jam: El Ganador,2018.0,"Biography,Music",7.7,1390,tvSeries,tt7949200
Chambers,2019.0,"Drama,Fantasy,Horror",6.4,10565,tvSeries,tt7949204
The Last Czars,2019.0,"Documentary,Drama,History",7.3,10787,tvMiniSeries,tt7949606
Cappuccino,2014.0,Comedy,5.2,16,movie,tt7955126
Edha,2018.0,"Drama,Mystery,Thriller",4.9,748,tvMiniSeries,tt7956274
Cleo & Cuquin,2018.0,"Animation,Family",6.9,159,tvSeries,tt7956374
All Together Now,2018.0,"Game-Show,Music",6.8,94,tvSeries,tt7956392
The Last Summer,2019.0,"Comedy,Romance",5.6,15530,movie,tt7957694
The Last Resort,2018.0,"Documentary,History",7.3,244,movie,tt7958740
Megalo Box,2018.0,"Action,Animation,Drama",7.7,4679,tvSeries,tt7965802
The Bros,2017.0,"Comedy,Fantasy",6.1,1183,movie,tt7967580
Weed the People,2018.0,Documentary,7.3,419,movie,tt7968976
Social Animals,2018.0,Documentary,5.7,519,movie,tt7969042
The Politician,2019.0,"Comedy,Drama",7.4,26235,tvSeries,tt7971476
Waterschool,2018.0,Documentary,6.5,85,movie,tt7974234
Hide and Seek,2021.0,"Mystery,Thriller",4.2,1327,movie,tt7975192
Pari,2018.0,Horror,4.0,190,movie,tt7976502
Live,2018.0,"Comedy,Crime,Drama",8.3,1745,tvSeries,tt7976532
Numberblocks,2017.0,"Adventure,Animation,Family",8.7,671,tvSeries,tt7978538
Sword Art Online Alternative: Gun Gale Online,2018.0,"Action,Adventure,Animation",6.8,3387,tvSeries,tt7978710
The Night Clerk,2020.0,"Crime,Drama,Mystery",5.6,22211,movie,tt7979142
Alt-Right: Age of Rage,2018.0,Documentary,6.3,1167,movie,tt7980006
Adrift,2022.0,Thriller,5.5,15,movie,tt7980536
The Game,2018.0,Thriller,7.5,25,movie,tt7981006
Rapture,2018.0,"Documentary,Music",7.1,635,tvMiniSeries,tt7981052
Garbage,2018.0,"Drama,Thriller",3.6,1192,movie,tt7981260
Cook Off,2017.0,"Comedy,Romance",6.0,514,movie,tt7981318
Sabrina,2018.0,"Horror,Thriller",4.2,2283,movie,tt7981492
Rogue Warfare: The Hunt,2019.0,Action,3.2,722,movie,tt7983712
Operation Odessa,2018.0,"Crime,Documentary",7.7,7241,movie,tt7983794
Droppin' Cash: Los Angeles,2018.0,Reality-TV,3.3,133,tvSeries,tt7983796
Take Your Pills,2018.0,Documentary,6.3,5886,movie,tt7983844
The King,2019.0,"Biography,Drama,History",7.3,182222,movie,tt7984766
3 Seconds Divorce,2018.0,Documentary,7.2,59,movie,tt7987516
The Young Offenders,2018.0,Comedy,8.0,5593,tvSeries,tt7988304
OCTB,2017.0,"Crime,Drama",7.2,189,tvSeries,tt7989818
Remember Me,2022.0,"Drama,Horror,Mystery",3.3,316,movie,tt7990108
Cake,2017.0,Thriller,3.9,9,movie,tt7993780
Red Rain,2018.0,"Comedy,Horror,Romance",5.4,38,movie,tt7999584
Always a Witch,2019.0,"Drama,Fantasy",6.3,3023,tvSeries,tt8001250
We Need to Talk,2014.0,Comedy,8.4,13,movie,tt8001260
Prince of Peoria,2018.0,"Comedy,Family",6.1,687,tvSeries,tt8001718
Flint Town,2018.0,"Crime,Documentary",7.8,4301,tvSeries,tt8004578
Selection Day,2018.0,Sport,7.3,2576,tvSeries,tt8004628
Explained,2018.0,Documentary,8.0,10419,tvSeries,tt8005374
"Big Dreams, Small Spaces",2014.0,Reality-TV,8.2,386,tvSeries,tt8006786
Huge in France,2019.0,Comedy,6.8,3277,tvSeries,tt8009602
Twelve Forever,2019.0,"Action,Adventure,Animation",6.9,899,tvSeries,tt8009622
The Break with Michelle Wolf,2018.0,"Comedy,Talk-Show",5.6,1978,tvSeries,tt8010342
Homeland,2018.0,Drama,6.2,19,movie,tt8010436
Asura Guru,2020.0,Action,3.3,408,movie,tt8011344
Step Outside,2018.0,"Comedy,Fantasy",4.8,258,movie,tt8011450
Pablo,2017.0,"Animation,Comedy,Family",7.9,77,tvSeries,tt8016478
Aggretsuko,2018.0,"Animation,Comedy,Drama",8.0,8334,tvSeries,tt8019444
The Innocents,2018.0,"Drama,Horror,Mystery",6.3,6608,tvSeries,tt8021824
Power Rangers Beast Morphers,2019.0,"Action,Adventure,Comedy",6.6,1021,tvSeries,tt8022978
Tijuana,2019.0,"Crime,Drama",6.9,399,tvSeries,tt8027624
The Alcàsser Murders,2019.0,"Crime,Documentary",7.0,2933,tvMiniSeries,tt8033244
Us and Them,2018.0,"Drama,Romance",7.4,6461,movie,tt8033592
Dark Matter,2023.0,"Drama,Thriller",7.2,39,movie,tt8034016
Tuca & Bertie,2019.0,"Animation,Comedy",7.4,9335,tvSeries,tt8036272
Paddleton,2019.0,"Comedy,Drama",7.2,16618,movie,tt8041276
Gypsy,2020.0,Drama,6.5,854,movie,tt8042112
Kannum Kannum Kollaiyadithaal,2020.0,"Comedy,Drama,Romance",7.6,9185,movie,tt8042292
Teefa In Trouble,2018.0,"Action,Comedy,Crime",7.0,4347,movie,tt8043306
Forest of Piano,2018.0,"Adventure,Animation,Drama",7.3,1400,tvSeries,tt8043492
Son of a Gun,2019.0,"Comedy,Drama,History",6.5,83,movie,tt8043722
Run,2020.0,"Comedy,Romance,Thriller",6.2,8295,tvSeries,tt8045468
Night of Knots,2018.0,Comedy,5.4,1508,movie,tt8045670
Scarecrow,2017.0,"Mystery,Thriller",7.3,67,movie,tt8052240
Maniac,2018.0,"Comedy,Drama,Thriller",5.6,1369,movie,tt8053258
The Man Who Feels No Pain,2018.0,"Action,Comedy,Drama",7.3,9921,movie,tt8055888
We Summon the Darkness,2019.0,"Drama,Horror,Music",5.2,13362,movie,tt8058874
Littlest Pet Shop: A World of Our Own,2017.0,"Animation,Comedy,Fantasy",5.8,132,tvSeries,tt8060322
Merlin,2018.0,Fantasy,5.9,11,movie,tt8060610
My Step Dad: The Hippie,2018.0,Comedy,5.3,2085,movie,tt8061070
Immortals,2018.0,"Drama,Fantasy,Romance",5.1,11222,tvSeries,tt8063174
Dead to Me,2019.0,"Comedy,Crime,Drama",7.9,111304,tvSeries,tt8064302
Expedition China,2017.0,Documentary,6.6,231,movie,tt8064392
Love for Sale,2018.0,Drama,7.4,1188,movie,tt8065796
Good Witch,2018.0,Drama,6.7,148,tvSeries,tt8066214
Aalorukkam,2018.0,Drama,6.4,152,movie,tt8066304
Switched,2020.0,"Comedy,Drama,Family",5.1,1015,movie,tt8068826
Bard of Blood,2019.0,"Action,Adventure,Drama",6.7,13030,tvSeries,tt8069036
Someone Great,2019.0,"Comedy,Romance",6.2,27764,movie,tt8075260
Untamed Romania,2018.0,Documentary,8.4,2005,movie,tt8076222
Something in the Rain,2018.0,"Drama,Romance",8.0,11518,tvSeries,tt8078816
The Untamed,2014.0,History,4.8,8,movie,tt8079184
Patriot Act with Hasan Minhaj,2018.0,"Comedy,News,Talk-Show",8.3,8210,tvSeries,tt8080054
About Time,2018.0,"Drama,Fantasy",6.9,957,tvSeries,tt8083832
Suits,2018.0,"Crime,Drama,Thriller",7.4,901,tvSeries,tt8084058
Iron Ladies,2018.0,Romance,6.9,65,tvSeries,tt8088196
The Chase,2017.0,"Crime,Drama,Mystery",6.6,4072,movie,tt8088944
Be with You,2018.0,"Drama,Fantasy,Romance",7.7,8548,movie,tt8092252
Roll Red Roll,2018.0,"Crime,Documentary",7.1,2835,movie,tt8092888
The Silence of Others,2018.0,Documentary,8.0,2539,movie,tt8099236
Time Out,2018.0,"Comedy,Drama",5.9,278,movie,tt8101390
Legacies,2018.0,"Adventure,Drama,Fantasy",7.2,42779,tvSeries,tt8103070
Wild District,2018.0,"Action,Crime,Drama",8.1,2348,tvMiniSeries,tt8105958
The American Meme,2018.0,Documentary,6.1,13053,movie,tt8106160
6 Underground,2019.0,"Action,Thriller",6.1,213222,movie,tt8106534
The Rachel Divide,2018.0,Documentary,6.3,2903,movie,tt8106570
The Bleeding Edge,2018.0,Documentary,7.6,3307,movie,tt8106576
The Legend of Cocaine Island,2018.0,Documentary,6.4,3691,movie,tt8106596
Billy Graham: An Extraordinary Journey,2018.0,"Biography,Documentary,Family",7.6,311,tvMovie,tt8106744
Amar Akbar Anthony,2018.0,Action,4.1,1456,movie,tt8107464
Age of Tanks,2017.0,"Documentary,History",7.3,1177,tvMiniSeries,tt8107992
Ek Ladki Ko Dekha Toh Aisa Laga,2019.0,"Crime,Drama",5.6,5119,movie,tt8108164
Andhadhun,2018.0,"Comedy,Crime,Mystery",8.2,117873,movie,tt8108198
Stree,2018.0,"Comedy,Horror",7.5,48475,movie,tt8108202
Siren,2015.0,Horror,4.6,18,movie,tt8110450
Gad Elmaleh: American Dream,2018.0,Comedy,7.2,1226,tvMovie,tt8110630
In the Shadow of the Moon,2019.0,"Action,Crime,Mystery",6.2,68526,movie,tt8110640
Revolting Rhymes,1990.0,Animation,7.5,19,tvMovie,tt8112486
Catwalk: Tales from the Cat Show Circuit,2018.0,Documentary,6.3,680,movie,tt8115300
Tidying Up with Marie Kondo,2019.0,Reality-TV,6.6,4132,tvSeries,tt8115560
Charlie's Colorforms City,2019.0,"Adventure,Animation,Comedy",6.3,193,tvSeries,tt8115672
Chico Bon Bon: Monkey with a Tool Belt,2020.0,"Action,Adventure,Animation",6.3,185,tvSeries,tt8115688
Go! Go! Cory Carson,2020.0,"Adventure,Animation,Comedy",7.7,450,tvSeries,tt8115702
Hattrick,2018.0,"Drama,Thriller",5.8,967,movie,tt8116612
Go Karts,2020.0,"Family,Sport",6.0,4069,movie,tt8116640
Kingpin,2018.0,Documentary,7.9,170,tvSeries,tt8119642
One More Shot,2018.0,Documentary,8.5,55,movie,tt8120244
The Most Unknown,2018.0,Documentary,6.5,2252,movie,tt8126390
Extinction,2018.0,Documentary,5.6,61,movie,tt8126440
High Flying Bird,2019.0,"Drama,Sport",6.2,9745,movie,tt8128188
YG Future Strategy Office,2018.0,Comedy,6.6,243,tvMiniSeries,tt8129694
One Day: Justice Delivered,2019.0,"Action,Crime,Thriller",5.1,2791,movie,tt8130558
The Body,2019.0,"Crime,Drama,Mystery",5.5,5181,movie,tt8130904
Badla,2019.0,"Crime,Drama,Mystery",7.8,35206,movie,tt8130968
Behind the Curve,2018.0,Documentary,6.5,11248,movie,tt8132700
Fabrizio Copano: Solo pienso en mi,2017.0,Comedy,4.8,54,tvMovie,tt8134310
Relief,2018.0,"Drama,Family",7.1,1029,movie,tt8136908
A Love Story,2011.0,"Drama,Romance",2.0,39,movie,tt8138882
Mercury 13,2018.0,Documentary,7.0,1383,movie,tt8139850
Norm Macdonald Has a Show,2018.0,"Comedy,Talk-Show",8.5,4017,tvSeries,tt8139862
1st Summoning,2018.0,Horror,3.5,1081,movie,tt8142044
The Redeemed and the Dominant: Fittest on Earth,2018.0,Documentary,7.2,1436,movie,tt8144778
The F**k-It List,2020.0,Comedy,5.2,8005,movie,tt8145202
The Accountant of Auschwitz,2018.0,"Biography,Crime,Documentary",7.3,3210,movie,tt8148018
Banana Island Ghost,2017.0,"Action,Comedy,Fantasy",5.8,61,movie,tt8149090
Wolf,2019.0,"History,Horror",3.6,2595,movie,tt8152324
Fireflies,2018.0,Drama,6.8,966,movie,tt8159302
Baby Ballroom,2017.0,Documentary,7.6,238,tvSeries,tt8159960
Hymn of Death,2018.0,"Drama,History,Music",7.7,2736,tvMiniSeries,tt8160064
Follow Me,2020.0,"Adventure,Horror,Mystery",5.5,14695,movie,tt8160834
Lunatics,2019.0,Comedy,6.6,3906,tvMiniSeries,tt8164794
Sintonia,2019.0,"Crime,Drama,Music",6.8,2079,tvSeries,tt8165086
Recovery Boys,2018.0,Documentary,6.7,891,movie,tt8167872
I Am Jonas,2018.0,"Drama,Mystery,Romance",7.0,7389,tvMovie,tt8168186
The Chalet,2017.0,"Drama,Horror,Mystery",7.0,7977,tvSeries,tt8168678
Wine Country,2019.0,"Adventure,Comedy,Drama",5.5,24922,movie,tt8169446
John Henry,2020.0,"Drama,Thriller",3.6,2667,movie,tt8170298
Empire Games,2018.0,"Documentary,History",5.9,407,tvSeries,tt8171234
Tango,2018.0,Romance,7.0,250,tvSeries,tt8171410
Earthquake Bird,2019.0,"Crime,Drama,Mystery",6.0,16490,movie,tt8178486
Generation Iron 3,2018.0,Documentary,5.9,2450,movie,tt8178958
Rim of the World,2019.0,"Action,Adventure,Comedy",5.3,27727,movie,tt8179388
Consequences,2022.0,Drama,4.0,20,movie,tt8179498
Requiem,2015.0,Horror,5.9,24,movie,tt8179740
9,2019.0,"Fantasy,Horror,Sci-Fi",6.7,2664,movie,tt8180482
W/O Ram,2018.0,Thriller,6.1,322,movie,tt8190748
Not Alone,2021.0,"Horror,Thriller",3.7,329,movie,tt8192134
The Bridge,2017.0,"Drama,Romance",5.4,51,movie,tt8193396
November 13: Attack on Paris,2018.0,"Crime,Documentary",8.2,4193,tvMiniSeries,tt8194716
Wolf,2018.0,"Action,Thriller,War",6.7,5450,movie,tt8197998
100 Days My Prince,2018.0,"Action,Comedy,History",7.8,4923,tvSeries,tt8199972
Bobby Kennedy for President,2018.0,"Biography,Documentary,Drama",8.1,2274,tvMiniSeries,tt8200004
The Perfect Date,2019.0,"Comedy,Romance",5.8,47139,movie,tt8201170
Deep Water,2019.0,Drama,6.6,1776,tvMiniSeries,tt8201434
Diagnosis,2019.0,Documentary,7.7,1467,tvMiniSeries,tt8201618
Fary Is the New Black,2018.0,Comedy,6.1,179,tvMovie,tt8201924
Jesus: Countdown to Calvary,2018.0,"Documentary,Fantasy",7.0,120,tvMovie,tt8201974
Justine,2019.0,Drama,6.8,889,movie,tt8202262
Bad Education,2019.0,"Biography,Comedy,Crime",7.1,46452,movie,tt8206668
Mere Pyare Prime Minister,2018.0,Drama,6.8,730,movie,tt8207768
Cursed,2020.0,"Adventure,Drama,Fantasy",6.0,35686,tvSeries,tt8210856
Back of the Net,2019.0,"Comedy,Family",5.3,1007,movie,tt8211214
Mohawk,2018.0,Horror,6.6,89,tvSeries,tt8214886
Penelope,2018.0,"Comedy,Drama,Mystery",4.9,125,movie,tt8216094
ATM,2015.0,"Action,Comedy,Drama",2.9,23,movie,tt8216296
Playing for Time,2018.0,"Comedy,Game-Show",5.3,28,tvSeries,tt8216630
When Heroes Fly,2018.0,"Action,Drama",7.1,4067,tvSeries,tt8220344
The Platform,2019.0,"Horror,Mystery,Sci-Fi",7.0,329135,movie,tt8228288
Ramayan,2008.0,"Adventure,Drama,Fantasy",7.7,597,tvSeries,tt8230598
The Body Remembers When the World Broke Open,2019.0,Drama,6.9,957,movie,tt8230872
Late Life: The Chien-Ming Wang Story,2018.0,"Documentary,Sport",7.1,552,movie,tt8234502
Paradise PD,2018.0,"Action,Animation,Comedy",6.8,24277,tvSeries,tt8235236
Memories of the Alhambra,2018.0,"Drama,Romance,Sci-Fi",7.7,8405,tvSeries,tt8236556
Shikari,2018.0,"Comedy,Drama",3.8,171,movie,tt8237282
4L,2019.0,"Comedy,Drama",5.9,3819,movie,tt8242160
ViR: The Robot Boy,2013.0,"Animation,Comedy,Family",3.2,172,tvSeries,tt8242412
Life,2018.0,"Drama,Thriller",7.5,1173,tvSeries,tt8243158
Christmas Break-In,2018.0,Family,4.5,1928,tvMovie,tt8244578
The Hunt,2020.0,"Action,Horror,Thriller",6.6,157944,movie,tt8244784
Get In,2019.0,"Drama,Horror,Thriller",5.6,3486,movie,tt8246392
No One Will Ever Know,2018.0,Drama,6.2,180,movie,tt8251336
Michael,2018.0,Comedy,4.0,29,movie,tt8254512
Girl,2018.0,Drama,7.1,18177,movie,tt8254556
The Platform,2018.0,Talk-Show,5.8,11,tvSeries,tt8254954
The Vault,2015.0,Horror,4.9,10,movie,tt8255450
Christmas Survival,2018.0,Comedy,5.2,1354,movie,tt8255490
Twinsanity,2018.0,"Horror,Thriller",4.0,508,movie,tt8257624
The Doll,2015.0,Horror,5.3,44,movie,tt8259054
The Holiday Calendar,2018.0,"Drama,Fantasy,Romance",5.7,12482,movie,tt8262802
Happy New Year,2018.0,"Comedy,Drama",7.0,3095,movie,tt8265174
90 Ml,2019.0,Comedy,3.3,3829,movie,tt8268916
Captive,2020.0,Thriller,5.4,1944,movie,tt8273104
Lilli,2018.0,Thriller,5.6,331,movie,tt8273258
One Day,2018.0,Drama,7.0,1279,movie,tt8274146
Tattoo of Revenge,2018.0,"Comedy,Romance,Thriller",5.0,215,movie,tt8276106
The Code,2018.0,Documentary,8.0,7,movie,tt8280978
Better Than Us,2018.0,"Drama,Sci-Fi",7.3,12796,tvSeries,tt8285216
The Forest,2018.0,Documentary,7.8,12,tvMiniSeries,tt8285422
Njan Prakashan,2018.0,"Comedy,Drama",7.7,6518,movie,tt8286926
Away,2019.0,"Adventure,Animation,Family",6.7,2777,movie,tt8288450
Formula 1: Drive to Survive,2019.0,"Documentary,Sport",8.5,60727,tvSeries,tt8289930
Haunted,2017.0,Reality-TV,8.3,9,tvSeries,tt8291272
The Order,2019.0,"Drama,Fantasy,Horror",6.7,36799,tvSeries,tt8295472
Fastest Car,2018.0,"Documentary,Reality-TV",7.1,1546,tvSeries,tt8295694
A Remarkable Tale,2019.0,Comedy,5.4,1573,movie,tt8296660
Fractured,2016.0,"Mystery,Thriller",5.6,1167,movie,tt8297300
Naked,2018.0,Documentary,8.1,18,movie,tt8303680
The Zoya Factor,2019.0,"Comedy,Drama,Romance",4.4,2921,movie,tt8304386
Turn Up Charlie,2019.0,"Comedy,Music",7.0,8664,tvSeries,tt8304498
Click,2018.0,Comedy,6.5,19,tvSeries,tt8308026
"Faith, Hope & Love",2019.0,"Comedy,Romance",6.4,1469,movie,tt8310924
The Last Whistle,2019.0,"Drama,Sport",5.1,341,movie,tt8318348
Before 30,2015.0,Drama,8.2,39,tvSeries,tt8320472
Fast & Furious Spy Racers,2019.0,"Action,Adventure,Animation",5.9,2091,tvSeries,tt8322592
Manu,2018.0,"Biography,Documentary,History",6.8,29,movie,tt8322784
The Truth,2019.0,"Comedy,Drama",6.5,8728,movie,tt8323120
Hope Aur Hum,2018.0,"Comedy,Drama,Family",6.3,479,movie,tt8324474
Gatao 2: Rise of the King,2018.0,Crime,6.2,645,movie,tt8324576
Sylvia,2018.0,"Fantasy,Romance,Thriller",5.2,160,movie,tt8326250
Busted!,2018.0,"Comedy,Reality-TV",7.7,1485,tvSeries,tt8328460
Doom: Annihilation,2019.0,"Action,Adventure,Horror",3.8,11365,movie,tt8328716
Okko's Inn,2018.0,"Adventure,Animation,Drama",7.1,2668,movie,tt8328740
A Second Chance,2018.0,"Comedy,Drama",6.6,247,tvSeries,tt8328962
The Golem,2018.0,"Drama,Horror",5.5,6112,movie,tt8329290
King of Boys,2018.0,"Crime,Drama",6.4,560,movie,tt8329618
Meet the In-Laws,2016.0,Comedy,5.7,37,movie,tt8332742
The Last Laugh,2020.0,Horror,3.0,345,movie,tt8333418
Magnus,2019.0,"Comedy,Crime",7.3,867,tvSeries,tt8333976
Rumble,2021.0,"Animation,Comedy,Family",6.0,10200,movie,tt8337158
Phamous,2018.0,"Comedy,Crime,Drama",3.9,379,movie,tt8338746
The Devil's Machine,2019.0,Horror,4.2,1939,movie,tt8339704
Shonar Pahar,2018.0,Drama,8.1,780,movie,tt8347882
Breath,2022.0,"Drama,Thriller",4.8,6347,movie,tt8347960
Click for Murder,2017.0,Crime,5.9,85,tvSeries,tt8349898
Mosul,2019.0,"Documentary,War",7.5,7270,movie,tt8354112
Deadly Switch,2021.0,"Mystery,Thriller",4.6,1544,movie,tt8354582
Walk with Me,2021.0,Drama,6.1,830,movie,tt8354726
Pants on Fire,2019.0,"Comedy,Game-Show",6.3,22,tvSeries,tt8354812
Cam,2018.0,"Drama,Horror,Mystery",5.9,39917,movie,tt8361028
The Stand at Paxton County,2020.0,"Drama,Thriller",6.4,1335,movie,tt8362228
Run,2019.0,"Action,Drama",5.0,318,movie,tt8365002
The Casketeers,2018.0,Documentary,7.6,521,tvSeries,tt8365054
Then Came You,2020.0,"Comedy,Drama,Romance",6.0,2975,movie,tt8367084
Interior Design Masters,2019.0,Game-Show,6.5,1930,tvSeries,tt8367694
Another Life,2019.0,"Adventure,Drama,Mystery",5.3,40753,tvSeries,tt8369840
Pahuna,2003.0,Drama,5.4,9,movie,tt8374716
Roberto Saviano: Writing Under Police Protection,2016.0,Documentary,6.7,166,tvMovie,tt8375970
Surviving R. Kelly,2019.0,"Crime,Documentary,Music",7.4,6127,tvSeries,tt8385496
The House of Flowers,2018.0,"Comedy,Drama",7.5,9273,tvSeries,tt8387348
Savita Damodar Paranjpe,2018.0,Thriller,5.9,325,movie,tt8396120
Aurora,2018.0,"Comedy,Drama,Mystery",7.0,196,movie,tt8396182
Rainbow Jelly,2018.0,Drama,6.9,178,movie,tt8396306
After Life,2019.0,"Comedy,Drama",8.4,171114,tvSeries,tt8398600
Mr. Iglesias,2019.0,Comedy,7.1,8771,tvSeries,tt8403536
Mortel,2019.0,"Drama,Fantasy,Horror",6.5,1996,tvSeries,tt8403570
Luna Nera,2020.0,"Drama,Fantasy,Thriller",5.9,3898,tvSeries,tt8403622
The English Game,2020.0,"Drama,History,Sport",7.6,19087,tvMiniSeries,tt8403664
AJ and the Queen,2020.0,"Adventure,Comedy,Drama",7.5,10133,tvSeries,tt8404094
Ares,2020.0,"Drama,Horror,Mystery",5.7,5231,tvSeries,tt8404520
The Two Popes,2019.0,"Biography,Drama",7.6,147824,movie,tt8404614
Eugenie Nights,2018.0,"Drama,Romance",7.4,449,tvSeries,tt8409796
The Bittersweet,2017.0,"Drama,Thriller",5.1,170,movie,tt8411990
A Leaf of Faith,2018.0,Documentary,7.2,433,movie,tt8412232
Disconnect,2018.0,"Comedy,Romance",5.0,179,movie,tt8413566
Voulez-vous rire avec moi ce soir?,2018.0,Documentary,6.8,52,movie,tt8413624
Good Luck,2018.0,Thriller,6.7,171,tvMovie,tt8413732
Undercover,2021.0,"Crime,Drama,Thriller",5.9,929,movie,tt8415986
We Belong Together,2018.0,"Drama,Romance,Thriller",4.7,731,movie,tt8417466
Khan: No. 1 Crime Hunter,2018.0,Mystery,5.7,59,tvSeries,tt8417536
The Last Dance,2020.0,"Biography,Documentary,History",9.0,183532,tvMiniSeries,tt8420184
Cabins in the Wild with Dick Strawbridge,2017.0,Reality-TV,6.8,293,tvMiniSeries,tt8422396
Magic for Humans,2018.0,"Comedy,Reality-TV",7.2,4008,tvSeries,tt8425308
Maska,2018.0,"Comedy,Drama",6.9,57,movie,tt8427068
Canvas,2021.0,"Animation,Drama,Horror",5.3,1145,movie,tt8428550
The Circle,2018.0,"Game-Show,Reality-TV",7.0,1347,tvSeries,tt8430234
Fallen,2018.0,"Mystery,Sci-Fi,Thriller",4.0,63,movie,tt8433082
A Love So Beautiful,2017.0,"Comedy,Drama,Romance",7.9,2372,tvSeries,tt8434720
How to Get Over a Breakup,2018.0,Comedy,6.1,2274,movie,tt8435268
The Spy,2019.0,"Biography,Drama,History",6.2,2110,movie,tt8435308
Lust Stories,2018.0,"Drama,Romance",6.3,14212,movie,tt8439854
Bobby,2018.0,Drama,7.6,68,movie,tt8439948
Money Trap,2019.0,"Comedy,Crime",6.1,17761,movie,tt8442644
Dear Ex,2018.0,"Comedy,Drama,Romance",7.3,8139,movie,tt8443704
The Inmate,2018.0,"Drama,Thriller",6.8,3751,tvSeries,tt8452308
Robozuna,2018.0,"Animation,Family",5.6,146,tvSeries,tt8454808
Pihu,2016.0,"Drama,Horror,Thriller",6.7,3196,movie,tt8458202
Shéhérazade,2018.0,"Drama,Romance,Thriller",7.1,2960,movie,tt8459250
Northern Rescue,2019.0,"Drama,Family",6.9,5407,tvSeries,tt8462412
The Gift,2018.0,Drama,7.4,94,movie,tt8474974
Shine Your Eyes,2020.0,"Drama,Thriller",6.5,614,movie,tt8477336
Anjaan: Special Crimes Unit,2018.0,"Horror,Mystery,Thriller",7.7,411,tvSeries,tt8479368
Neevevaro,2018.0,"Action,Drama,Romance",6.8,1058,movie,tt8484586
Familiar Wife,2018.0,"Fantasy,Romance",7.7,2036,tvSeries,tt8487786
Million Pound Menu,2018.0,"Game-Show,Reality-TV",6.7,696,tvSeries,tt8488494
Ee Nagaraniki Emaindi,2018.0,"Comedy,Drama",8.0,4950,movie,tt8490894
Locked on You,2018.0,Comedy,6.2,5663,movie,tt8493514
Victim Number 8,2018.0,"Action,Drama,Thriller",7.0,2706,tvSeries,tt8500086
Engineering Girls,2018.0,"Comedy,Drama",6.8,1660,tvSeries,tt8502324
Man Up,2018.0,Reality-TV,6.6,48,tvSeries,tt8506832
Komola Rocket,2018.0,Drama,7.3,1273,movie,tt8506874
On Children,2018.0,"Drama,Family,Sci-Fi",7.4,511,tvMiniSeries,tt8507402
Monkey Twins,2018.0,"Action,Adventure,Crime",8.1,102,tvSeries,tt8507498
His House,2020.0,"Drama,Horror,Thriller",6.4,55683,movie,tt8508734
Dolly Parton's Heartstrings,2019.0,"Comedy,Drama,Music",7.6,2640,tvSeries,tt8509922
Good Game: The Beginning,2018.0,"Comedy,Drama,Sport",4.6,9723,movie,tt8510324
Holiday in the Wild,2019.0,"Comedy,Drama,Romance",6.2,19133,movie,tt8510488
Murder Party,2018.0,"Mystery,Thriller",6.2,23,movie,tt8510550
Target,2018.0,"Comedy,Thriller",4.1,685,movie,tt8512320
The Chanting Revisited,2018.0,"Comedy,Horror,Mystery",4.6,883,movie,tt8512746
Paradise Lost,2018.0,"Drama,Music",7.0,796,movie,tt8513302
If I Hadn't Met You,2018.0,"Drama,Fantasy,Romance",7.5,3428,tvSeries,tt8517780
Cooking on High,2018.0,Game-Show,5.1,499,tvSeries,tt8521728
Roped,2020.0,"Drama,Romance",5.5,1983,movie,tt8523028
Vagabond,2019.0,"Action,Drama,Mystery",8.1,15233,tvSeries,tt8523042
Dolemite Is My Name,2019.0,"Biography,Comedy,Drama",7.2,68516,movie,tt8526872
Wives on Strike,2018.0,,8.5,26,tvSeries,tt8528292
"Crazy, Lovely, Cool",2018.0,Romance,8.1,37,tvSeries,tt8528314
Pinky Memsaab,2018.0,"Drama,Family",6.3,603,movie,tt8529070
Light in the Dark,2020.0,Thriller,6.2,58,movie,tt8530796
Beats,2019.0,"Drama,Music",6.4,6524,movie,tt8530978
Cricket Fever: Mumbai Indians,2019.0,Sport,7.3,784,tvMiniSeries,tt8531592
System Crasher,2019.0,Drama,7.8,16802,movie,tt8535968
Kia and Cosmos,2018.0,Drama,5.9,121,movie,tt8539818
The Delivery Boy,2018.0,"Drama,Thriller",6.2,114,movie,tt8541826
The Trap,2018.0,"Crime,Drama",6.5,720,tvSeries,tt8542132
Ad Vitam,2018.0,"Crime,Drama,Mystery",6.4,1971,tvSeries,tt8548830
Romeo Akbar Walter,2019.0,"Action,Drama,Thriller",6.7,6704,movie,tt8550208
The Outsider,2020.0,"Crime,Drama,Horror",7.6,118880,tvMiniSeries,tt8550800
Aurora,2019.0,"Comedy,Drama,Romance",6.8,1979,movie,tt8553606
Live,2020.0,"Drama,Music,Sci-Fi",5.3,27,movie,tt8554982
First and Last,2020.0,,6.0,33,tvSeries,tt8558784
Follow This,2018.0,Documentary,5.2,766,tvSeries,tt8560884
The Queen of Flow,2018.0,"Drama,Music,Romance",7.6,2093,tvSeries,tt8560918
Happy Times,2019.0,"Action,Comedy,Horror",5.8,751,movie,tt8563656
Sirius the Jaeger,2018.0,"Action,Animation,History",6.7,2835,tvSeries,tt8565136
The Witch: Part 1 - The Subversion,2018.0,"Action,Mystery,Sci-Fi",7.2,23164,movie,tt8574252
Hide and Seek,2018.0,Comedy,6.1,120,movie,tt8575408
Hache,2019.0,"Crime,Drama,Thriller",6.5,2139,tvSeries,tt8575476
Eurovision Song Contest: The Story of Fire Saga,2020.0,"Comedy,Music",6.5,110507,movie,tt8580274
B.A. Pass 2,2017.0,Drama,2.3,645,movie,tt8581230
Ana e Vitória,2018.0,"Comedy,Music,Musical",6.3,720,movie,tt8583378
The Push,2024.0,"Crime,Documentary,Drama",7.4,67,tvMiniSeries,tt8583604
Secrets in the Hot Spring,2018.0,"Comedy,Horror",6.1,1107,movie,tt8587122
Treehouse Detectives,2018.0,"Animation,Family,Mystery",7.7,102,tvSeries,tt8591984
The Bridge,2018.0,"Crime,Mystery",6.7,127,tvSeries,tt8595208
Pulang,2018.0,"Adventure,Drama,Romance",6.7,698,movie,tt8595708
Yeh Meri Family,2018.0,"Comedy,Drama,Family",8.9,27864,tvSeries,tt8595766
Let's Dance,2019.0,"Comedy,Drama,Family",6.0,1730,movie,tt8599746
Hidden in Plain Sight,2019.0,Thriller,4.4,960,tvMovie,tt8609926
First Kiss,2018.0,"Comedy,Romance",4.0,171,movie,tt8610996
Messiah,2018.0,Comedy,8.2,66,tvSeries,tt8611880
At the Dolphin Bay,2003.0,"Comedy,Drama,Romance",7.3,65,tvSeries,tt8612066
Kidnapping Stella,2019.0,"Crime,Drama,Thriller",4.9,7218,movie,tt8613876
13 Reasons Why: Beyond the Reasons,2017.0,"Documentary,Talk-Show",6.2,437,tvSeries,tt8615966
The Plagues of Breslau,2018.0,"Action,Crime,Mystery",6.0,6224,movie,tt8618118
Z4,2018.0,"Family,Musical",6.7,38,tvSeries,tt8618456
Kiss the Ground,2020.0,Documentary,8.1,8223,movie,tt8618654
Spenser Confidential,2020.0,"Action,Comedy,Crime",6.2,107507,movie,tt8629748
Azali,2018.0,Drama,5.7,301,movie,tt8630282
Up North,2018.0,Drama,5.4,193,movie,tt8631800
Run,2020.0,"Drama,Horror,Mystery",6.7,115007,movie,tt8633478
Asees,2018.0,Drama,7.5,387,movie,tt8634328
Hera Pheri,2016.0,"Comedy,Romance",5.1,17,movie,tt8635044
The Climb,2019.0,"Comedy,Drama",6.7,5633,movie,tt8637440
Disclosure,2020.0,Documentary,8.1,6527,movie,tt8637504
Love and Fortune,2018.0,"Drama,Romance",7.1,841,tvSeries,tt8649316
Girl,2023.0,"Drama,Romance",5.9,202,movie,tt8649352
The 2000s,2018.0,Documentary,8.0,1195,tvMiniSeries,tt8651972
A Second Chance,2019.0,Romance,6.1,98,movie,tt8652636
Wu Assassins,2019.0,"Action,Crime,Drama",6.4,15682,tvSeries,tt8652642
Splatter,2012.0,"Horror,Mystery,Thriller",5.0,31,movie,tt8653880
Monarch,2019.0,Drama,7.8,4033,tvSeries,tt8655736
Brothers,2018.0,Drama,5.7,176,movie,tt8655740
Bulbul Can Sing,2018.0,Drama,6.9,510,movie,tt8659050
Hometown Holiday,2018.0,"Comedy,Drama,Romance",5.1,1271,tvMovie,tt8659750
Wrong Kind of Black,2018.0,"Comedy,Drama",7.6,226,tvMiniSeries,tt8660874
Forget Me Not,2018.0,Romance,6.1,21,movie,tt8662426
Child's Play,2019.0,"Drama,Horror,Sci-Fi",5.7,61001,movie,tt8663516
The Heat: A Kitchen (R)evolution,2018.0,Documentary,6.6,75,movie,tt8663942
Qismat,2018.0,"Drama,Romance",8.1,3835,movie,tt8665634
Mama's Boy,2018.0,Comedy,6.3,1902,movie,tt8665900
Redemption,2018.0,Drama,6.7,140,movie,tt8666442
Pretty Little Stalker,2018.0,"Drama,Mystery,Thriller",3.6,872,tvMovie,tt8667120
Christmas with a Prince,2018.0,"Comedy,Drama,Romance",5.4,2284,tvMovie,tt8667202
Freud,2020.0,"Crime,Thriller",6.5,14282,tvSeries,tt8667956
Jackpot,2018.0,"Comedy,Romance",7.5,33,movie,tt8671762
Krish Trish and Baltiboy: Face Your Fears,2017.0,Animation,8.1,239,movie,tt8672310
Polly Pocket,2018.0,"Action,Adventure,Animation",6.0,242,tvSeries,tt8673042
Cells at Work!,2018.0,"Action,Adventure,Animation",7.5,3743,tvSeries,tt8673610
Fearless,2020.0,"Animation,Comedy,Family",5.0,2124,movie,tt8675288
Shattered Memories,2018.0,"Crime,Drama,Thriller",4.2,378,tvMovie,tt8678108
Sugar Rush,2018.0,"Game-Show,Reality-TV",7.0,1907,tvSeries,tt8680560
Playing for Keeps,2018.0,"Drama,Mystery,Sport",6.5,488,tvSeries,tt8681362
Baby Mamas,2018.0,Drama,5.9,198,movie,tt8686460
The Comedy Lineup,2018.0,Comedy,6.0,598,tvSeries,tt8687584
The Dragon Prince,2018.0,"Action,Adventure,Animation",8.2,31996,tvSeries,tt8688814
Shine on with Reese,2018.0,"Documentary,Reality-TV",7.4,331,tvSeries,tt8689470
Reckoning,2019.0,"Drama,Thriller",6.6,5133,tvMiniSeries,tt8690440
The Baby-Sitters Club,2020.0,"Adventure,Comedy,Drama",7.3,6143,tvSeries,tt8690518
Meteor Garden,2018.0,"Drama,Romance",7.8,6392,tvSeries,tt8690890
Toy Boy,2019.0,"Crime,Drama,Thriller",6.4,9269,tvSeries,tt8693266
Westside,2018.0,Musical,6.1,179,tvSeries,tt8693758
The Truth,2021.0,"Drama,Mystery",6.4,6,movie,tt8696380
Lupt,2018.0,"Horror,Thriller",4.6,8178,movie,tt8698956
Ultraman,2019.0,"Action,Adventure,Animation",6.7,2948,tvSeries,tt8699270
Ava,2020.0,"Sci-Fi,Thriller",3.0,158,movie,tt8706138
A Christmas Prince: The Royal Wedding,2018.0,"Comedy,Drama,Romance",5.4,13046,movie,tt8709036
A.M.I.,2019.0,"Horror,Thriller",3.9,2083,movie,tt8712750
Narcos: Mexico,2018.0,"Biography,Crime,Drama",8.3,102630,tvSeries,tt8714904
The Calling,2018.0,Biography,5.6,12,movie,tt8716236
Springsteen on Broadway,2018.0,"Documentary,Music",8.5,2576,tvMovie,tt8716334
DJ Cinderella,2019.0,"Family,Music,Romance",4.7,1609,movie,tt8716800
My Little Pony Equestria Girls: Rollercoaster of Friendship,2018.0,"Animation,Comedy,Drama",6.7,514,tvMovie,tt8717590
Eerie,2018.0,"Horror,Mystery,Thriller",4.7,3043,movie,tt8723216
Dark Tourist,2018.0,"Adventure,Documentary",7.4,8676,tvSeries,tt8725166
A Land Imagined,2018.0,"Drama,Mystery",6.2,1663,movie,tt8726116
Circus of Books,2019.0,"Biography,Documentary,History",7.1,5253,movie,tt8727582
BNK48: Girls Don't Cry,2018.0,Documentary,7.2,659,movie,tt8730152
Odu Raja Odu,2018.0,"Comedy,Crime,Drama",5.4,113,movie,tt8731842
U Turn,2018.0,"Crime,Horror,Mystery",6.9,4786,movie,tt8733898
1994,2019.0,Drama,7.5,1094,tvSeries,tt8736278
Freshman Year,2019.0,Drama,5.3,273,movie,tt8737124
Almost Love,2019.0,"Comedy,Drama,Romance",5.8,1381,movie,tt8739582
Into the Night,2019.0,Mystery,6.1,18,movie,tt8740540
Bridgerton,2020.0,"Drama,Romance",7.5,232474,tvSeries,tt8740790
Dance Dreams: Hot Chocolate Nutcracker,2020.0,"Documentary,Family",7.1,438,movie,tt8741182
The Letter for the King,2020.0,"Action,Adventure,Family",6.0,9075,tvSeries,tt8741648
Merata: How Mom Decolonized the Screen,2018.0,"Biography,Documentary",7.6,161,movie,tt8742574
The Silence of the Marsh,2019.0,"Action,Drama,Mystery",5.0,4420,movie,tt8743032
See You Yesterday,2019.0,"Action,Adventure,Crime",5.3,12335,movie,tt8743064
Amazing Interiors,2018.0,Documentary,6.6,941,tvSeries,tt8747342
Chaman Bahaar,2020.0,"Comedy,Drama",6.9,11329,movie,tt8747450
Axone,2019.0,"Comedy,Drama",6.8,2520,movie,tt8747548
KD (A) Karuppudurai,2019.0,"Comedy,Drama",8.4,2224,movie,tt8747560
Switched,2018.0,"Drama,Sci-Fi",7.1,2051,tvMiniSeries,tt8747882
Killer Cove,2019.0,Thriller,4.5,629,movie,tt8748236
Travel Mates 2,2018.0,Comedy,5.8,4480,movie,tt8748256
Grand-Daddy Day Care,2019.0,"Comedy,Family",5.0,1084,movie,tt8749922
Benchwarmers 2: Breaking Balls,2019.0,"Comedy,Sport",4.1,1242,movie,tt8750122
Sergio,2020.0,"Biography,Drama,History",6.2,12177,movie,tt8750570
Arthdal Chronicles,2019.0,"Action,Drama,Fantasy",8.2,7253,tvSeries,tt8750956
Daybreak,2019.0,"Action,Adventure,Comedy",6.7,26571,tvSeries,tt8755226
The Island,2018.0,"Comedy,Drama",6.2,2231,movie,tt8755316
Hantu Kak Limah,2018.0,"Comedy,Fantasy,Horror",5.7,796,movie,tt8757960
Mercy Black,2019.0,"Horror,Mystery,Thriller",4.9,4296,movie,tt8758086
Manhunt,2019.0,"Drama,Mystery,Thriller",7.2,813,tvMovie,tt8758472
Smoking,2018.0,Crime,7.3,694,tvSeries,tt8758778
Nailed It! Holiday!,2018.0,Reality-TV,7.7,1343,tvSeries,tt8760264
May the Devil Take You,2018.0,"Horror,Mystery,Thriller",5.9,6100,movie,tt8765496
The Hows of Us,2018.0,"Comedy,Drama,Romance",6.9,3222,movie,tt8769032
Hide and Seek,2018.0,Drama,7.2,70,tvSeries,tt8769302
Mom,2023.0,Drama,7.6,9,movie,tt8771030
Self Made: Inspired by the Life of Madam C.J. Walker,2020.0,"Biography,Drama,History",7.3,15396,tvMiniSeries,tt8771910
Salt Fat Acid Heat,2018.0,Documentary,7.6,3146,tvMiniSeries,tt8772088
Euphoria,2019.0,Drama,8.1,323194,tvSeries,tt8772296
The Curious Creations of Christine McConnell,2018.0,"Comedy,Horror,Talk-Show",7.7,2753,tvSeries,tt8773080
Stay Here,2018.0,Reality-TV,7.5,1235,tvSeries,tt8773338
The Match,2019.0,Drama,5.0,752,movie,tt8776686
Blood Money,2018.0,Reality-TV,5.5,13,tvSeries,tt8778010
The Society,2019.0,"Drama,Mystery,Sci-Fi",7.1,43230,tvSeries,tt8778064
Betty White: First Lady of Television,2018.0,Documentary,7.8,1056,tvMovie,tt8780234
Freaks,2018.0,"Drama,Fantasy,Mystery",6.7,45178,movie,tt8781414
School Life,2019.0,"Comedy,Drama",6.5,3746,movie,tt8783532
The Time Traveler's Wife,2022.0,"Drama,Romance,Sci-Fi",7.6,20377,tvSeries,tt8783930
Restaurants on the Edge,2019.0,Reality-TV,6.8,1132,tvSeries,tt8784324
Ani... Dr. Kashinath Ghanekar,2018.0,Drama,8.3,1416,movie,tt8784906
Ava,2020.0,"Action,Crime,Drama",5.5,68791,movie,tt8784956
The Twelve,2019.0,Documentary,7.2,11,movie,tt8785186
Perfume,2019.0,Drama,6.5,13,movie,tt8785512
Away,2020.0,"Drama,Romance,Sci-Fi",6.6,27258,tvSeries,tt8787802
The Promised Neverland,2019.0,"Action,Adventure,Animation",8.1,59838,tvSeries,tt8788458
Forever Chape,2018.0,"Documentary,Sport",7.4,333,movie,tt8788634
Here to Heart,2018.0,"Drama,Romance",7.4,363,tvSeries,tt8791742
Afflicted,2018.0,"Documentary,Mystery,Reality-TV",5.2,1248,tvSeries,tt8792570
The Guest,2018.0,"Comedy,Drama,Romance",6.4,655,movie,tt8792882
Evelyn,2018.0,Documentary,7.2,1007,movie,tt8793990
Consequences,2018.0,Drama,6.8,2886,movie,tt8795582
Becoming Champions,2018.0,"Documentary,Sport",6.5,554,tvSeries,tt8796068
The Witch,2018.0,Horror,5.9,18,movie,tt8802728
College Romance,2018.0,"Comedy,Drama,Romance",8.2,29945,tvSeries,tt8809646
Black in Minneapolis,2018.0,Drama,2.5,290,movie,tt8810748
Supergirl,2026.0,"Action,Adventure,Drama",5.9,85137,movie,tt8814476
Momo Salon,2014.0,"Comedy,Romance",6.5,29,tvMiniSeries,tt8814520
Justine,2020.0,"Drama,Romance",5.3,175,movie,tt8816992
Screwball,2018.0,"Documentary,History",7.2,1887,movie,tt8819596
Aurora,2018.0,"Horror,Thriller",4.4,756,movie,tt8821182
Girl from Nowhere,2018.0,"Crime,Drama,Fantasy",7.6,9800,tvSeries,tt8824648
Yuva,2018.0,Drama,5.0,236,movie,tt8824852
October Faction,2020.0,"Adventure,Drama,Fantasy",6.2,13529,tvSeries,tt8826128
Mauli,2018.0,Action,5.6,515,movie,tt8826936
Sisters,2020.0,Drama,5.3,205,movie,tt8832052
Mystic Whispers,2014.0,"Comedy,Mystery,Romance",7.4,23,tvSeries,tt8834748
Exes Baggage,2018.0,"Drama,Romance",6.5,319,movie,tt8835552
Part-Time Idol,2017.0,"Comedy,Drama,Family",6.3,195,tvMiniSeries,tt8835780
Avengement,2019.0,"Action,Crime,Thriller",6.6,24643,movie,tt8836988
Being Napoleon,2018.0,Documentary,5.4,160,movie,tt8841814
Moms at War,2018.0,Comedy,6.4,76,movie,tt8844480
Belmonte,2018.0,"Comedy,Drama",6.1,433,movie,tt8846072
Baby,2018.0,Drama,6.2,358,movie,tt8846198
The Lovebirds,2020.0,"Action,Comedy,Crime",6.1,29413,movie,tt8851668
Marriage Palace,2018.0,Comedy,6.2,217,movie,tt8852242
Kaake Da Viyah,2019.0,Comedy,5.5,93,movie,tt8852408
Firebrand,2019.0,Drama,5.4,332,movie,tt8852536
The Mire,2018.0,"Crime,Drama,Thriller",7.1,6751,tvSeries,tt8855592
Straight Up,2019.0,"Comedy,Romance",6.9,3800,movie,tt8855960
Pokémon: Mewtwo Strikes Back - Evolution,2019.0,"Action,Adventure,Animation",5.7,7201,movie,tt8856470
Women of Mafia 2,2019.0,"Action,Crime,Drama",3.9,1421,movie,tt8858420
Daniel Sloss: Live Shows,2018.0,Comedy,8.4,4458,tvMiniSeries,tt8858472
Puppy Star Christmas,2018.0,"Comedy,Family,Musical",3.8,334,movie,tt8861786
How High 2,2019.0,Comedy,3.3,1634,tvMovie,tt8861802
Shiva,2015.0,"Action,Adventure,Animation",1.8,533,tvSeries,tt8861916
High Society,2018.0,"Crime,Drama,Romance",5.5,1534,movie,tt8865580
The Judgement,2018.0,"Crime,Drama",6.6,134,tvSeries,tt8866904
Redemption,2019.0,"Action,Drama,Thriller",5.9,208,movie,tt8870574
Made in Mexico,2018.0,Reality-TV,4.0,840,tvSeries,tt8871764
The Darkness,2021.0,Horror,2.8,268,movie,tt8876488
Mind Game,2015.0,"Action,Crime,Drama",7.2,27,tvSeries,tt8879588
Her Only Choice,2018.0,Drama,5.8,209,movie,tt8879666
Living with Yourself,2019.0,"Comedy,Drama,Sci-Fi",7.1,37800,tvMiniSeries,tt8880894
Dancing Queen,2018.0,"Music,Reality-TV",7.1,1742,tvSeries,tt8882486
Bloodline,2018.0,"Crime,Horror,Thriller",6.0,10290,movie,tt8883524
Echo in the Canyon,2018.0,"Documentary,Music",7.0,4329,movie,tt8884430
Used Goods,2018.0,"Comedy,Drama",4.2,185,movie,tt8887736
Death by Magic,2018.0,Reality-TV,6.1,790,tvSeries,tt8887956
May You Prosper,2017.0,Comedy,3.4,103,movie,tt8888108
The Code,2019.0,Drama,6.4,2426,tvSeries,tt8888168
Undercover Law,2018.0,"Action,Drama",7.0,307,tvSeries,tt8888710
The Box,2021.0,Drama,4.5,209,movie,tt8889716
Live,2018.0,"Drama,Horror,Thriller",3.6,216,movie,tt8890230
The 3rd Eye 2,2019.0,"Drama,Fantasy,Horror",5.3,832,movie,tt8890582
"2,215",2018.0,Documentary,7.6,339,movie,tt8891536
Transformers: Cyberverse,2018.0,"Animation,Short",6.8,647,tvSeries,tt8891990
A Taiwanese Tale of Two Cities,2018.0,Drama,6.4,192,tvSeries,tt8893498
First and Last,2018.0,Documentary,6.7,529,tvSeries,tt8893502
Boca Juniors Confidential,2018.0,"Documentary,Sport",6.3,428,tvSeries,tt8893546
Car Masters: Rust to Riches,2018.0,Reality-TV,8.2,12127,tvSeries,tt8893550
LAST HOPE,2018.0,"Action,Adventure,Animation",5.7,578,tvSeries,tt8893554
Battlefish,2018.0,Reality-TV,7.0,539,tvSeries,tt8893566
Two Catalonias,2018.0,"Documentary,History,News",6.4,842,movie,tt8893608
Aruna & Her Palate,2018.0,"Drama,Romance",7.1,1043,movie,tt8894180
Take My Brother Away,2018.0,"Comedy,Drama,Family",7.2,222,tvSeries,tt8894324
Equinox,2020.0,"Drama,Romance",6.0,165,movie,tt8896878
Savage Raghda,2018.0,"Comedy,Family",5.2,858,movie,tt8898498
From Japan to Egypt,2017.0,"Comedy,Family",5.5,635,movie,tt8898648
Disclosure,2015.0,Talk-Show,8.2,22,tvSeries,tt8902384
Tigertail,2020.0,Drama,6.6,4026,movie,tt8902948
The Sky Is Pink,2019.0,"Drama,Romance",7.6,10870,movie,tt8902990
Forget Me Not,2019.0,Documentary,7.4,52,movie,tt8903540
Brotherhood,2019.0,"Crime,Drama,Thriller",7.5,2113,tvSeries,tt8905964
Listen,2025.0,Drama,6.5,25,movie,tt8907520
Kaagar,2019.0,"Crime,Drama",5.9,83,movie,tt8907844
Luka Chuppi,2019.0,"Comedy,Romance",6.4,15781,movie,tt8908002
Chicken Soup for the Soul's Being Dad,2018.0,Reality-TV,6.1,11,tvSeries,tt8908110
Hyperdrive,2019.0,Reality-TV,7.9,3117,tvSeries,tt8911552
Super Drags,2018.0,"Animation,Comedy,Fantasy",5.5,2047,tvSeries,tt8912244
The Last Kids on Earth,2019.0,"Adventure,Animation,Comedy",7.2,2408,tvSeries,tt8914012
Game Over,2019.0,"Drama,Horror,Mystery",6.9,9040,movie,tt8914492
Sunderland 'Til I Die,2018.0,"Documentary,Sport",8.1,10421,tvSeries,tt8914684
Signs,2018.0,"Crime,Thriller",6.4,2384,tvSeries,tt8917248
Joy,2018.0,Drama,6.6,1528,movie,tt8917752
Nuestra Lucha Libre,2018.0,Documentary,7.6,34,tvMiniSeries,tt8918278
Genius,2018.0,Drama,5.9,123,movie,tt8919194
Stranger,1974.0,Drama,5.2,15,movie,tt8919218
Babel,2005.0,Talk-Show,6.8,31,tvSeries,tt8919686
Jinn,2019.0,"Drama,Fantasy,Horror",3.5,10758,tvSeries,tt8923396
Black Summer,2019.0,"Action,Drama,Horror",6.6,38727,tvSeries,tt8923854
In Family We Trust,2018.0,"Drama,Mystery,Thriller",8.2,520,tvSeries,tt8929906
Age of Rebellion,2018.0,"Crime,Drama,Romance",8.7,78,tvSeries,tt8931836
Extraction,2020.0,"Action,Crime,Thriller",6.8,293377,movie,tt8936646
Settai,2004.0,Drama,4.3,12,movie,tt8938236
Lingua Franca,2019.0,Drama,6.6,1170,movie,tt8943224
Reversing Roe,2018.0,Documentary,7.5,1898,movie,tt8948614
"Yes, God, Yes",2019.0,"Comedy,Drama",6.1,20639,movie,tt8949056
World's Busiest Cities,2017.0,Documentary,7.4,143,tvSeries,tt8950426
Multiverse,2019.0,"Drama,Mystery,Sci-Fi",4.8,1814,movie,tt8953768
Game,2002.0,Drama,4.6,8,movie,tt8954458
The Princess Switch,2018.0,"Comedy,Drama,Family",6.1,34742,movie,tt8954732
Good Luck,2000.0,Drama,5.9,49,movie,tt8954964
"Sincerely Yours, Dhaka",2018.0,Drama,7.0,792,movie,tt8958304
Petta,2019.0,"Action,Drama",7.2,15245,movie,tt8959820
Motown Magic,2018.0,"Animation,Comedy,Family",7.9,341,tvSeries,tt8959860
Payday,2018.0,Comedy,5.5,37,movie,tt8960334
High Seas,2019.0,"Crime,Drama,Mystery",6.8,9262,tvSeries,tt8961508
Vai Anitta,2018.0,"Biography,Documentary",5.5,548,tvMiniSeries,tt8961530
Emily in Paris,2020.0,"Comedy,Drama,Romance",6.8,144376,tvSeries,tt8962124
Hi Score Girl,2018.0,"Animation,Comedy,Romance",7.9,2931,tvSeries,tt8963328
John & Yoko: Above Us Only Sky,2018.0,"Biography,Documentary,Music",7.5,2043,tvMovie,tt8965432
House Arrest,2018.0,Comedy,7.8,1683,tvSeries,tt8968158
I Am Vengeance: Retaliation,2020.0,Action,3.5,2368,movie,tt8972556
American Hangman,2019.0,"Crime,Mystery,Thriller",5.9,4151,movie,tt8975028
Ashes of Love,2018.0,"Comedy,Drama,Fantasy",7.9,4036,tvSeries,tt8976346
Chippa,2019.0,Drama,6.6,1224,movie,tt8976464
Vampires vs. the Bronx,2020.0,"Comedy,Horror",5.7,12117,movie,tt8976576
Sextuplets,2019.0,Comedy,4.5,10712,movie,tt8976710
Who Would You Take to a Deserted Island?,2019.0,Drama,5.3,2815,movie,tt8976832
Break,2020.0,Comedy,6.7,29,movie,tt8981770
Made in China,2019.0,"Comedy,Drama",6.3,5314,movie,tt8983180
Kabir Singh,2019.0,"Drama,Romance",7.0,46201,movie,tt8983202
Singham,2019.0,"Action,Drama",4.7,171,movie,tt8983210
Laatu,2018.0,Drama,6.7,126,movie,tt8983240
Open Season,2020.0,"Drama,Thriller",6.1,254,movie,tt8984382
Invisible Essence: The Little Prince,2018.0,Documentary,7.1,118,movie,tt8985618
45 rpm,2019.0,"Drama,Music",7.2,707,tvSeries,tt8987918
Seventeen,2019.0,Drama,7.2,4899,movie,tt8988748
Cargo,2019.0,"Drama,Fantasy,Sci-Fi",5.6,3220,movie,tt8992946
My First First Love,2019.0,"Drama,Romance",7.4,3876,tvSeries,tt8995604
Tottaa Pataaka Item Maal,2019.0,Drama,6.3,7696,movie,tt9000388
Brothers,1973.0,"Adult,Drama",6.9,14,movie,tt9005732
The Dark Side of Life: Mumbai City,2018.0,Drama,5.8,712,movie,tt9007142
Boi,2019.0,"Mystery,Thriller",5.1,783,movie,tt9010900
Stunt Science,2018.0,Reality-TV,5.1,52,tvSeries,tt9011114
Kalki,2019.0,"Action,Comedy,Crime",5.0,1116,movie,tt9011130
Mutiny of the Worker Bees,2020.0,Comedy,4.2,530,movie,tt9014248
Memory Love,2017.0,Romance,7.8,75,tvSeries,tt9015516
Avatar: The Last Airbender,2024.0,"Action,Adventure,Comedy",7.1,93060,tvSeries,tt9018736
My Hotter Half,2017.0,Reality-TV,4.2,219,tvSeries,tt9020426
Day and Night,2019.0,Drama,6.2,109,movie,tt9020768
Girl on the Third Floor,2019.0,"Drama,Horror,Mystery",4.7,11905,movie,tt9026184
The Trial,2017.0,"Comedy,Crime",9.0,1095,tvMiniSeries,tt9027566
Good Sam,2019.0,"Comedy,Drama,Romance",5.8,3594,movie,tt9032888
Fall Girls,2019.0,Comedy,3.9,298,movie,tt9033386
Satria Heroes: Revenge of the Darkness,2017.0,"Action,Adventure,Drama",5.5,110,movie,tt9033440
No Good Nick,2019.0,"Comedy,Drama,Family",6.2,4407,tvSeries,tt9039142
Nailed It,2018.0,Documentary,8.4,43,tvMovie,tt9042156
Suzzanna: Buried Alive,2018.0,"Drama,Fantasy,Horror",5.5,1281,movie,tt9044128
ReMastered: Who Killed Jam Master Jay?,2018.0,Documentary,6.5,987,tvMovie,tt9046560
ReMastered: Massacre at the Stadium,2019.0,"Crime,Documentary,Drama",7.2,954,tvMovie,tt9046562
ReMastered: The Two Killings of Sam Cooke,2019.0,"Documentary,Music",7.2,2685,tvMovie,tt9046564
ReMastered: The Miami Showband Massacre,2019.0,"Crime,Documentary,Music",7.0,1710,tvMovie,tt9046568
ReMastered: Devil at the Crossroads,2019.0,"Biography,Documentary",7.0,3397,tvMovie,tt9046574
ReMastered: The Lion's Share,2018.0,"Documentary,Music",6.9,762,tvMovie,tt9046576
Yankee,2019.0,Drama,5.9,1014,tvSeries,tt9046782
The King,2018.0,"Biography,Comedy",6.3,165,movie,tt9048026
The Chosen One,2019.0,"Mystery,Thriller",5.8,831,tvMiniSeries,tt9048368
Oh My Ghost,2018.0,Comedy,6.4,207,tvSeries,tt9048794
Tramps,2018.0,Documentary,7.2,7,movie,tt9049178
Stranger,2019.0,"Mystery,Sci-Fi,Thriller",5.4,210,movie,tt9049560
The Bonfire of Destiny,2019.0,"Drama,History",7.6,6544,tvMiniSeries,tt9050352
Murder to Mercy: The Cyntoia Brown Story,2020.0,Documentary,6.4,3312,movie,tt9050898
Evil,2019.0,"Crime,Drama,Horror",7.7,53478,tvSeries,tt9055008
Last Breath,2019.0,"Documentary,Drama",7.6,8937,movie,tt9056818
Stunt School,2019.0,Comedy,4.4,1282,movie,tt9056824
Warrior Nun,2020.0,"Action,Drama,Fantasy",7.0,59693,tvSeries,tt9059350
First Love,2018.0,"Drama,Romance",6.0,234,movie,tt9060390
El Potro: Unstoppable,2018.0,"Biography,Drama,Music",5.2,858,movie,tt9062342
Alone,2019.0,"Adventure,Drama,Sci-Fi",6.5,311,movie,tt9062580
Paskal,2018.0,"Action,Adventure,Drama",6.5,3471,movie,tt9063106
"Live Twice, Love Once",2019.0,"Comedy,Drama",7.2,7722,movie,tt9063902
The I-Land,2019.0,"Adventure,Drama,Mystery",4.7,21144,tvMiniSeries,tt9067020
Devlok with Devdutt Pattanaik,2015.0,"Reality-TV,Talk-Show",7.8,180,tvSeries,tt9067286
Perdida,2019.0,Drama,7.0,907,movie,tt9068514
Dark Waters,2019.0,"Biography,Drama,History",7.6,123158,movie,tt9071322
Bibi & Tina,2020.0,"Adventure,Comedy,Family",4.5,183,tvSeries,tt9073074
Hit & Run,2021.0,"Action,Crime,Drama",7.0,12263,tvSeries,tt9073940
White Lines,2020.0,"Crime,Drama,Mystery",6.6,19880,tvSeries,tt9073958
For the Broken Hearted,2018.0,Drama,6.0,142,movie,tt9074344
Timeline,2019.0,"Fantasy,Mystery",6.8,29,tvSeries,tt9075716
In This Corner of the World,2018.0,Drama,6.4,64,tvMiniSeries,tt9076544
Accidentally in Love,2018.0,"Comedy,Music,Romance",7.4,1582,tvSeries,tt9077184
Haunted,2018.0,"Horror,Reality-TV",4.7,3762,tvSeries,tt9077192
Larva Island,2018.0,"Adventure,Animation,Comedy",6.5,675,tvSeries,tt9077194
The Degenerates,2018.0,Comedy,6.2,779,tvSeries,tt9077196
Gormiti,2018.0,Animation,5.4,251,tvSeries,tt9077350
Virgin River,2019.0,"Drama,Romance",7.4,60499,tvSeries,tt9077530
Sweet Magnolias,2020.0,"Drama,Romance",7.3,28801,tvSeries,tt9077540
Hoops,2020.0,"Animation,Comedy,Sport",6.0,8190,tvSeries,tt9077562
Erased,2018.0,Drama,6.8,429,movie,tt9078014
Murder Mountain,2018.0,"Crime,Documentary",6.8,3831,tvMiniSeries,tt9078908
Inside the Mind of a Serial Killer,2015.0,"Crime,Documentary",5.7,194,tvSeries,tt9084708
Nathicharami,2018.0,Drama,7.2,437,movie,tt9084890
Home Is Where the Killer Is,2019.0,Thriller,4.5,644,movie,tt9086910
Fanatic,2019.0,"Crime,Drama,Romance",3.1,326,tvMovie,tt9088954
Hostages,2019.0,"Crime,Drama,Mystery",6.8,6358,tvSeries,tt9094282
Brother,2019.0,Drama,6.7,1368,movie,tt9095526
Together,2018.0,Drama,7.3,68,movie,tt9097086
Malibu Rescue,2019.0,Comedy,5.7,1518,tvSeries,tt9098432
Kingdom,2019.0,"Action,Adventure,Comedy",6.8,5472,movie,tt9099938
Good People,2020.0,Comedy,3.6,37,tvMovie,tt9099984
The Little Switzerland,2019.0,Comedy,4.9,1512,movie,tt9100028
The Valhalla Murders,2019.0,"Crime,Drama,Mystery",7.1,18139,tvSeries,tt9100822
Greatest Events of WWII in Colour,2019.0,"Documentary,History,War",8.6,13943,tvMiniSeries,tt9103932
Bob Lazar: Area 51 & Flying Saucers,2018.0,Documentary,5.7,7026,movie,tt9107368
Psycho,2020.0,"Crime,Horror,Mystery",6.1,4209,movie,tt9109976
Andhaghaaram,2020.0,"Horror,Mystery,Thriller",7.5,4363,movie,tt9110340
Crash,2018.0,"Action,Drama,Thriller",7.3,6285,tvSeries,tt9114372
Open Season,2023.0,Comedy,5.8,1445,movie,tt9115752
Blood Pact,2018.0,"Crime,Drama,Mystery",8.7,283,tvSeries,tt9116152
Spinning Out,2020.0,"Drama,Sport",7.5,19794,tvSeries,tt9117054
The Island,2018.0,"Action,Thriller",5.3,47,movie,tt9125432
Trinkets,2019.0,"Comedy,Crime,Drama",7.0,14858,tvSeries,tt9134194
Playing with Fire,2019.0,"Comedy,Family",5.2,18047,movie,tt9134216
Dark Light,2019.0,"Horror,Mystery,Sci-Fi",4.5,3325,movie,tt9135260
Dracula,2020.0,"Action,Drama,Fantasy",6.8,58296,tvMiniSeries,tt9139220
Ainu Mosir,2020.0,"Drama,Music",6.6,337,movie,tt9140354
Fan of Amoory,2018.0,Drama,6.3,62,movie,tt9140904
Senna,2024.0,"Biography,Drama,Sport",8.2,21882,tvMiniSeries,tt9145758
Love Alarm,2019.0,"Comedy,Drama,Romance",6.5,9996,tvSeries,tt9145880
The Little Nyonya,2020.0,Drama,7.4,31,tvSeries,tt9148104
Lego Friends,2014.0,Animation,7.5,56,tvSeries,tt9148446
The Witness,2018.0,Documentary,8.0,285,movie,tt9149838
Despite Everything,2019.0,Comedy,5.4,5942,movie,tt9150970
To the Lake,2019.0,"Drama,Sci-Fi,Thriller",7.2,16830,tvSeries,tt9151230
Family Reunion,2019.0,"Comedy,Drama,Family",6.6,4140,tvSeries,tt9153270
The Pursuit,2019.0,Documentary,6.2,194,movie,tt9153882
Oddbods: Party Monsters,2018.0,Animation,7.2,24,tvMovie,tt9155740
What Did I Mess,2018.0,"Comedy,Romance",7.0,783,movie,tt9163340
What Is Love?,2018.0,"Drama,Romance",6.4,690,movie,tt9163346
Intersection,2020.0,Thriller,4.5,199,movie,tt9164246
Archibald's Next Big Thing,2019.0,"Adventure,Animation,Comedy",7.5,395,tvSeries,tt9165404
Rhyme Time Town,2020.0,"Adventure,Animation,Comedy",8.1,113,tvSeries,tt9165434
Gabby's Dollhouse,2021.0,"Adventure,Animation,Comedy",7.1,1148,tvSeries,tt9165438
The Show,2020.0,"Drama,Fantasy,Mystery",5.7,1567,movie,tt9165824
Lion Pride,2017.0,Romance,7.6,48,tvSeries,tt9165974
Historical Roasts,2019.0,Comedy,5.5,1947,tvSeries,tt9169602
Puerta 7,2020.0,"Crime,Drama,Thriller",5.6,697,tvMiniSeries,tt9170386
Motichoor Chaknachoor,2019.0,"Comedy,Romance",5.8,3489,movie,tt9172840
Mirage,2020.0,"Drama,Thriller",6.1,680,tvSeries,tt9174612
Bypass Road,2019.0,"Drama,Mystery,Thriller",5.4,1189,movie,tt9176260
Dolly Kitty and Those Twinkling Stars,2019.0,"Comedy,Drama",5.2,8041,movie,tt9176296
The Gentleman Driver,2018.0,Documentary,6.3,437,movie,tt9178814
Skylines,2019.0,"Crime,Drama,Music",7.5,3270,tvSeries,tt9184970
Barbarians,2020.0,"Action,Adventure,Drama",7.2,33805,tvSeries,tt9184986
How to Sell Drugs Online (Fast),2019.0,"Comedy,Crime,Drama",7.7,47856,tvSeries,tt9184994
The A List,2018.0,"Crime,Drama,Horror",5.5,4259,tvSeries,tt9185110
I Am Woman,2019.0,"Biography,Drama,Music",6.7,3294,movie,tt9185316
Woodstock: Three Days That Defined a Generation,2019.0,"Documentary,History,Music",7.6,2165,movie,tt9185816
Santo Cachón,2018.0,Comedy,4.8,72,tvMovie,tt9189572
Cuties,2020.0,Drama,3.6,33366,movie,tt9196192
Flinch,2019.0,Game-Show,4.4,853,tvSeries,tt9196244
Miniforce,2014.0,"Action,Adventure,Animation",3.8,136,tvSeries,tt9198020
Dogs,2018.0,"Documentary,History,Reality-TV",8.0,1438,tvSeries,tt9199798
What Lies Beneath,2018.0,Reality-TV,7.6,49,tvSeries,tt9202294
Transcendence,2018.0,Documentary,8.4,67,tvSeries,tt9202720
Loudon Wainwright III: Surviving Twin,2018.0,"Documentary,Music",6.9,127,movie,tt9203030
Brainchild,2018.0,"Documentary,Family",8.1,582,tvSeries,tt9203042
Kulipari: Dream Walker,2018.0,"Action,Adventure,Animation",6.7,151,tvSeries,tt9203064
Bumping Mics with Jeff Ross & Dave Attell,2018.0,Comedy,7.7,1403,tvSeries,tt9203078
First Impression,2018.0,Comedy,5.0,187,tvMovie,tt9203202
The Bridge,2018.0,"Crime,Mystery",5.0,101,tvSeries,tt9207738
Kardec,2019.0,Biography,6.1,1991,movie,tt9213932
Our House,2019.0,Comedy,5.2,53,tvMovie,tt9220896
Unstoppable,2018.0,"Action,Comedy,Crime",6.6,7188,movie,tt9225192
Malibu Rescue,2019.0,"Action,Comedy,Family",5.2,1901,movie,tt9228950
Monty Python: Before the Flying Circus,2008.0,Documentary,7.3,245,tvMovie,tt9230920
Triple Threat,2020.0,"Comedy,Drama",6.4,68,movie,tt9233514
Mother,2019.0,"Drama,Thriller",6.6,2950,movie,tt9234450
Memory Games,2018.0,Documentary,6.7,481,movie,tt9235070
Love Dot Com: The Social Experiment,2019.0,Romance,4.3,141,movie,tt9238392
The Ruthless,2019.0,"Crime,Drama",6.2,7571,movie,tt9239888
S.W.A.T.,2019.0,Action,4.5,349,movie,tt9243442
Rise of Empires: Ottoman,2020.0,"Documentary,Drama,History",8.0,48010,tvSeries,tt9244578
Ordinary People,2018.0,"Comedy,Drama",7.6,154,tvSeries,tt9246836
Three Words to Forever,2018.0,"Comedy,Drama,Family",6.8,169,movie,tt9248252
Warrior,2018.0,"Crime,Drama",8.0,30,tvSeries,tt9249090
Ragnarok,2020.0,"Action,Drama,Fantasy",7.3,54967,tvSeries,tt9251798
Lolita,2025.0,Drama,8.8,32,movie,tt9252006
Mosul,2019.0,"Action,Drama,Thriller",7.1,33613,movie,tt9252468
Euphoria,2011.0,"Adult,Animation,Horror",4.6,424,tvMiniSeries,tt9252470
Tall Girl,2019.0,"Comedy,Drama,Family",5.2,30361,movie,tt9252508
Our Planet,2019.0,"Documentary,Family",9.2,63629,tvSeries,tt9253866
Rattlesnake,2019.0,"Drama,Horror,Mystery",4.7,10216,movie,tt9257484
Chameli,2018.0,Drama,7.3,24,movie,tt9258162
Uncorked,2020.0,Drama,6.4,7495,movie,tt9261218
Poster Boys,2020.0,"Comedy,Drama",5.3,260,movie,tt9263762
Running Man,2018.0,"Action,Adventure,Animation",8.6,45,movie,tt9265536
Locust,2014.0,"Crime,Drama",5.9,52,tvSeries,tt9266192
They've Gotta Have Us,2018.0,Documentary,7.9,353,tvMiniSeries,tt9268756
The Vault,2018.0,Sci-Fi,7.9,59,tvSeries,tt9269288
Fantastica,2018.0,"Comedy,Fantasy",3.9,341,movie,tt9270416
Only Mine,2019.0,"Drama,Mystery,Thriller",4.7,4026,tvMovie,tt9271164
Imperfect,2018.0,Comedy,8.6,77,tvMiniSeries,tt9271376
Uyare,2019.0,Drama,8.0,4443,movie,tt9271408
Rhythm + Flow,2019.0,"Music,Reality-TV",7.5,2156,tvSeries,tt9278032
The Killer,2021.0,Horror,3.1,12,movie,tt9280562
Dandy,2018.0,"Comedy,Drama",9.0,11,tvMiniSeries,tt9280928
El Dragón: Return of a Warrior,2019.0,"Action,Adventure,Drama",6.8,2465,tvSeries,tt9281190
Hollywood,2020.0,"Comedy,Crime",6.5,18,movie,tt9287256
Learning Time with Timmy,2018.0,"Animation,Family",7.2,27,tvSeries,tt9287652
Trash Truck,2020.0,"Animation,Family",8.6,1146,tvSeries,tt9288860
Cagaster of an Insect Cage,2020.0,"Action,Animation,Drama",6.0,910,tvMiniSeries,tt9288892
The Family,2018.0,"Drama,Romance",7.0,13,tvSeries,tt9298286
Encerrados,2018.0,"Drama,Mystery",6.6,67,tvMiniSeries,tt9298674
Ave Maryam,2018.0,"Drama,Romance",6.8,612,movie,tt9307666
The Liberator,2020.0,"Animation,Drama,War",7.6,7622,tvMiniSeries,tt9308682
Interrogation,2020.0,"Crime,Drama,Thriller",7.3,3203,tvSeries,tt9310136
Altered Carbon: Resleeved,2020.0,"Action,Animation,Crime",6.4,7608,movie,tt9310328
Typewriter,2019.0,"Horror,Mystery,Thriller",6.5,4654,tvSeries,tt9310372
The Duchess,2020.0,"Comedy,Drama",6.7,6384,tvSeries,tt9310390
The Stranded,2019.0,"Adventure,Drama,Mystery",6.2,1630,tvSeries,tt9310400
Triad Princess,2019.0,"Action,Adventure,Comedy",6.6,1113,tvSeries,tt9314996
21 Again,2019.0,"Documentary,Reality-TV",5.6,52,tvSeries,tt9315008
Next,2020.0,"Crime,Drama,Sci-Fi",6.7,6455,tvSeries,tt9315054
Dance & Sing with True,2018.0,"Animation,Family,Musical",5.6,13,tvSeries,tt9315892
7 Days Out,2018.0,Documentary,6.7,688,tvSeries,tt9315990
Back with the Ex,2018.0,Reality-TV,6.2,686,tvSeries,tt9316002
Struggle: The Life and Lost Art of Szukalski,2018.0,"Biography,Documentary",7.9,4854,movie,tt9316022
Instant Hotel,2017.0,Reality-TV,7.3,1698,tvSeries,tt9316032
Man vs Wild with Sunny Leone,2018.0,"Reality-TV,Talk-Show",5.9,26,tvSeries,tt9316056
Diagnosis,2018.0,"Documentary,Drama",6.5,54,movie,tt9320302
Submission,2020.0,Drama,6.4,178,movie,tt9326772
Lego Friends: Girls on A Mission,2018.0,"Animation,Family",6.6,226,tvSeries,tt9327146
Crime Diaries: The Candidate,2019.0,"Crime,Drama,Thriller",7.5,1010,tvSeries,tt9327348
The Good Bandit,2019.0,"Comedy,Crime,Drama",6.7,143,tvSeries,tt9328616
The InBESTigators,2019.0,"Comedy,Crime,Family",8.2,1769,tvSeries,tt9332962
Leila,2019.0,"Drama,Sci-Fi",5.1,9575,tvSeries,tt9337588
Destiny,2008.0,"Crime,Drama,Romance",6.8,204,tvSeries,tt9337636
The Occupant,2020.0,"Drama,Thriller",6.4,21836,movie,tt9345754
Candyman,2021.0,"Horror,Thriller",5.9,84361,movie,tt9347730
Oh Baby,2019.0,"Comedy,Drama,Fantasy",7.3,3613,movie,tt9348296
Monty Don's French Gardens,2013.0,Documentary,7.9,224,tvSeries,tt9348438
Criminal: UK,2019.0,"Crime,Drama,Mystery",7.7,23602,tvSeries,tt9348692
Rilakkuma and Kaoru,2019.0,"Animation,Comedy,Family",8.2,2082,tvSeries,tt9348716
Made in China,2019.0,"Comedy,Drama",5.5,697,movie,tt9351598
American Factory,2019.0,Documentary,7.4,25198,movie,tt9351980
Golden Time,2017.0,Drama,6.7,155,movie,tt9354450
To All the Boys: P.S. I Still Love You,2020.0,"Comedy,Drama,Romance",6.1,54941,movie,tt9354842
Young Wallander,2020.0,"Crime,Drama,Mystery",6.9,14646,tvSeries,tt9359220
Hasmukh,2020.0,"Comedy,Crime,Drama",5.4,2913,tvMiniSeries,tt9359294
DNA,2019.0,Drama,8.2,33,movie,tt9362950
The Guest,2018.0,"Drama,Thriller",6.5,1704,movie,tt9363208
Born Beautiful,2019.0,Comedy,5.2,171,movie,tt9364848
Watchman,2019.0,Thriller,5.3,420,movie,tt9378320
Timeline,2013.0,Romance,6.4,21,movie,tt9379256
Special,2019.0,"Comedy,Drama",7.6,10805,tvSeries,tt9381622
Agatha and the Truth of Murder,2018.0,"Crime,Drama,Mystery",6.3,6313,tvMovie,tt9381998
Léa & I,2019.0,Documentary,6.4,256,movie,tt9382396
The Car: Road to Revenge,2019.0,"Action,Horror,Thriller",4.0,1381,movie,tt9382596
Skylines,2020.0,"Action,Adventure,Sci-Fi",4.8,10396,movie,tt9387250
706,2019.0,"Drama,Horror,Thriller",5.3,611,movie,tt9390026
Baby Dolls,2019.0,"Comedy,Drama",7.0,959,movie,tt9390254
Dad,2019.0,Drama,5.8,56,movie,tt9391522
Sakho & Mangane,2019.0,"Action,Crime,Fantasy",6.6,175,tvSeries,tt9391692
Magnolia,2019.0,"Drama,Music",6.1,21,movie,tt9392082
Girl,2020.0,"Mystery,Thriller",5.0,4504,movie,tt9392374
Demon's Path,2018.0,"Crime,Horror,Mystery",3.3,69,tvSeries,tt9395448
Delhi Crime,2019.0,"Crime,Drama",8.4,31124,tvSeries,tt9398466
Between Two Ferns: The Movie,2019.0,Comedy,6.1,39451,movie,tt9398640
Girls Hostel,2018.0,"Comedy,Drama",7.7,4375,tvSeries,tt9401936
Woody Woodpecker,2018.0,"Adventure,Animation,Comedy",6.1,273,tvSeries,tt9410706
Furie,2019.0,"Action,Drama,Thriller",6.3,6264,movie,tt9412268
Secret Obsession,2019.0,"Crime,Drama,Mystery",4.5,27220,movie,tt9419834
Selena: The Series,2020.0,"Biography,Drama,Music",7.0,5380,tvSeries,tt9421868
Conversations with a Killer: The Ted Bundy Tapes,2019.0,"Biography,Crime,Documentary",7.7,35358,tvMiniSeries,tt9425132
One More Shot,2025.0,"Comedy,Drama",5.6,1635,movie,tt9425856
Revenger,2018.0,"Action,Crime,Thriller",5.7,5094,movie,tt9426186
Trigger Warning with Killer Mike,2019.0,"Comedy,Documentary",7.1,1346,tvSeries,tt9426194
Queen Sono,2020.0,"Action,Crime,Drama",6.2,1444,tvSeries,tt9426290
Norm of the North: King Sized Adventure,2019.0,"Adventure,Animation,Comedy",3.4,623,movie,tt9428190
Rocky,2019.0,"Action,Drama,Romance",6.1,56,movie,tt9430578
"Abby Hatcher, Fuzzly Catcher",2018.0,"Adventure,Animation,Comedy",5.2,324,tvSeries,tt9433014
The Bible's Buried Secrets,2008.0,Documentary,6.4,25,tvMovie,tt9434204
Norm of the North: Family Vacation,2020.0,"Adventure,Animation,Comedy",3.0,451,movie,tt9434836
Wedy Atkalam,2018.0,"Comedy,Drama",5.8,33,movie,tt9437052
Fit for Fashion,2016.0,Reality-TV,6.5,31,tvSeries,tt9437306
Inside the Real Narcos,2018.0,"Crime,Documentary",7.5,821,tvSeries,tt9437310
Thottappan,2019.0,Drama,6.8,493,movie,tt9448362
Intelligence,2020.0,Comedy,6.3,5110,tvSeries,tt9454736
Magnetic,2018.0,"Documentary,Sport",6.6,1123,movie,tt9458116
Daddy Issues,2018.0,"Comedy,Drama,Fantasy",6.0,235,movie,tt9460580
The Barrier,2020.0,"Drama,Sci-Fi",6.8,4637,tvSeries,tt9460858
3022,2019.0,Sci-Fi,4.5,6364,movie,tt9465600
Jugaad,2016.0,Comedy,6.9,10,movie,tt9466100
Ghost in the Shell: SAC_2045,2020.0,"Action,Animation,Crime",6.4,3367,tvSeries,tt9466298
Luckee,2019.0,"Comedy,Drama",4.7,57,movie,tt9466786
Babel,2019.0,"Drama,Mystery",6.5,97,tvSeries,tt9467014
DNA,2019.0,"Crime,Drama,Mystery",7.4,4285,tvSeries,tt9472282
Anjaan: Rural Myths,2018.0,Horror,5.9,125,tvSeries,tt9480484
Black Mirror: Bandersnatch,2018.0,"Drama,Fantasy,Mystery",7.1,143826,movie,tt9495224
Zoo,2016.0,"Adventure,Drama,Romance",5.1,10,tvSeries,tt9498088
Rust Valley Restorers,2018.0,"Documentary,Reality-TV",7.7,3703,tvSeries,tt9498102
The Hater,2020.0,"Drama,Thriller",7.1,18819,movie,tt9506474
The Land of Hypocrisy,2018.0,Comedy,6.5,325,tvSeries,tt9516224
Inst@famous,2018.0,Reality-TV,4.3,31,tvSeries,tt9522038
Revisions,2019.0,"Action,Animation,Sci-Fi",5.9,826,tvMiniSeries,tt9522354
Alone/Together,2019.0,"Drama,Romance",6.4,664,movie,tt9526822
Bakugan: Battle Planet,2018.0,"Action,Adventure,Animation",4.6,405,tvSeries,tt9527662
Sisters,2019.0,Drama,5.3,874,tvSeries,tt9529618
Kongsuni and Friends,2017.0,"Animation,Family,Musical",4.6,48,tvSeries,tt9529810
Kids on the Block,2019.0,"Comedy,Family",5.7,550,movie,tt9533342
Ala Vaikunthapurramuloo,2020.0,"Action,Comedy,Drama",7.3,27010,movie,tt9537292
Possessed,2019.0,"Comedy,Crime,Drama",6.6,1183,tvSeries,tt9537306
Too Handsome to Handle,2019.0,"Comedy,Drama",6.4,983,movie,tt9543488
Faraar,1955.0,Action,5.9,9,movie,tt9545784
Retribution,2015.0,"Adventure,Documentary,Horror",3.8,8,tvSeries,tt9553196
Fearless,2018.0,Short,6.4,18,tvSeries,tt9556710
One Night Stand,2017.0,Drama,7.9,74,tvSeries,tt9558746
"Love, Death & Robots",2019.0,"Action,Adventure,Animation",8.4,232121,tvSeries,tt9561862
Ingress: The Animation,2018.0,"Animation,Sci-Fi",6.4,719,tvSeries,tt9561968
Alien Warfare,2019.0,"Action,Mystery,Sci-Fi",2.6,3735,movie,tt9562694
A Kid from Coney Island,2019.0,"Biography,Documentary,Sport",7.0,645,movie,tt9567112
The Gift,2019.0,"Drama,Romance",7.3,35,movie,tt9574444
Unspeakable Acts,2018.0,Horror,5.8,10,movie,tt9574846
Krutant,2019.0,"Drama,Thriller",6.5,111,movie,tt9575388
Rolling Thunder Revue: A Bob Dylan Story by Martin Scorsese,2019.0,"Biography,Documentary,History",7.5,8728,movie,tt9577852
20 Minutes,2023.0,Thriller,8.5,723,movie,tt9580502
The Circle,2020.0,"Game-Show,Reality-TV",7.2,9388,tvSeries,tt9581768
The Creative Indians,2016.0,Documentary,8.2,55,tvMiniSeries,tt9583184
Examination of Conscience,2019.0,"Crime,Documentary,History",7.7,525,tvMiniSeries,tt9584024
Alone,2021.0,Thriller,4.4,83,movie,tt9584128
Playing with Fire,2019.0,Drama,5.9,1320,tvSeries,tt9587732
Slam,2009.0,Game-Show,6.4,6,tvSeries,tt9593168
You,2020.0,Drama,6.8,36,movie,tt9596056
Pegasus,2019.0,"Comedy,Sport",6.3,3061,movie,tt9597190
Good Kisser,2019.0,"Comedy,Drama,Romance",4.3,506,movie,tt9602378
Hide and Seek,2019.0,"Crime,Drama,Thriller",7.2,457,tvSeries,tt9612028
Space Force,2020.0,Comedy,6.7,76465,tvSeries,tt9612516
Human Nature,2019.0,Documentary,7.7,1786,movie,tt9612680
Sillu Karuppatti,2019.0,"Drama,Romance",7.9,2200,movie,tt9614988
Adu,2020.0,Drama,6.8,5818,movie,tt9616700
The Wrong Missy,2020.0,"Comedy,Romance",5.8,51408,movie,tt9619798
Bazaar,2019.0,"Action,Crime",4.8,149,movie,tt9624438
Amar,2019.0,"Action,Drama,Romance",4.1,202,movie,tt9626774
Imago,2018.0,Drama,7.2,61,movie,tt9627240
DC Super Hero Girls,2019.0,"Action,Adventure,Animation",7.3,2158,tvSeries,tt9628244
An Easy Girl,2019.0,"Comedy,Drama",5.6,6729,movie,tt9632590
Gigantosaurus,2019.0,"Adventure,Animation,Comedy",6.7,316,tvSeries,tt9636800
Regiment Diaries,2018.0,"Biography,Documentary,History",8.6,98,tvSeries,tt9642576
Unsolved Mysteries,2020.0,"Crime,Documentary,Mystery",7.3,14241,tvSeries,tt9642938
Once Upon a Time,2018.0,Documentary,7.0,8,movie,tt9643218
The Man Without Gravity,2019.0,"Comedy,Drama,Fantasy",5.8,2830,movie,tt9646240
Strongland,2018.0,,7.9,22,tvSeries,tt9647970
Patria,2019.0,"Documentary,History",7.1,171,movie,tt9647980
Dilan 1991,2019.0,"Drama,Romance",6.5,1731,movie,tt9648942
Chief Daddy,2018.0,Comedy,4.6,347,movie,tt9652322
Dating Around,2019.0,"Reality-TV,Romance",6.4,1353,tvSeries,tt9654080
Larry Charles' Dangerous World of Comedy,2019.0,"Comedy,Documentary",7.3,672,tvSeries,tt9654082
Go! Live Your Way,2019.0,"Comedy,Family,Musical",6.8,1271,tvSeries,tt9654086
Close,2022.0,Drama,7.8,49004,movie,tt9660502
Unbroken,2019.0,Documentary,8.5,697,tvMovie,tt9663460
American Son,2019.0,"Crime,Drama,Thriller",5.9,7912,movie,tt9664078
Mehandi Circus,2019.0,Drama,7.2,692,movie,tt9665400
Love,2012.0,Drama,3.7,240,tvSeries,tt9666192
Flinch,2021.0,"Crime,Drama,Thriller",5.7,853,movie,tt9670414
Misfit,2019.0,Comedy,3.5,197,movie,tt9677416
The Land,2019.0,Drama,8.4,24,movie,tt9687560
Into the Night,2020.0,"Comedy,Drama",7.5,29,tvSeries,tt9689672
The Ghost Bride,2020.0,"Drama,Fantasy",6.4,1051,tvMiniSeries,tt9690302
Sisters,2023.0,"Crime,Drama,Thriller",4.5,149,movie,tt9690832
Manhunt,2019.0,Horror,5.6,29,movie,tt9692366
Stardust,2020.0,"Biography,Drama,Music",4.5,2471,movie,tt9694312
44 Cats,2018.0,"Adventure,Animation,Comedy",5.8,400,tvSeries,tt9699148
Bringing Sexy Back,2014.0,Reality-TV,6.9,68,tvSeries,tt9703112
The Big Catch,2015.0,"Action,Adventure,Documentary",7.6,10,tvSeries,tt9703256
The Calling,2018.0,Reality-TV,7.3,17,tvSeries,tt9703404
Nailed It! Mexico,2019.0,"Game-Show,Reality-TV",6.2,354,tvSeries,tt9708588
Flavorful Origins,2019.0,Documentary,7.6,835,tvSeries,tt9708598
Jhansi Ki Rani,2019.0,"Drama,History",7.8,112,tvSeries,tt9710650
Team Kaylie,2019.0,Comedy,4.9,548,tvSeries,tt9717424
Get Even,2020.0,"Crime,Drama,Mystery",6.4,4095,tvSeries,tt9724628
The Neighbor,2019.0,"Action,Comedy",6.5,2632,tvSeries,tt9731222
The Mess You Leave Behind,2020.0,"Crime,Drama,Mystery",6.8,12193,tvSeries,tt9731242
Three Days of Christmas,2019.0,Drama,6.7,1636,tvMiniSeries,tt9731254
The Idhun Chronicles,2020.0,"Action,Adventure,Animation",5.5,741,tvSeries,tt9731266
Valeria,2020.0,"Comedy,Drama,Romance",6.7,9706,tvSeries,tt9731288
The Lamb,2019.0,Drama,7.1,162,movie,tt9732250
The Plan,2019.0,"Comedy,Drama",6.1,906,movie,tt9733094
Wheels of Fortune,2020.0,Comedy,5.5,1128,movie,tt9735976
Border Security: America's Front Line,2016.0,"Documentary,Reality-TV",6.7,216,tvSeries,tt9740998
Couple of Days,2016.0,Drama,7.0,34,movie,tt9741588
Mallesham,2019.0,Biography,8.2,1276,movie,tt9742362
Tatu,2017.0,Adventure,4.0,35,movie,tt9742582
The Vault,2021.0,"Action,Thriller",6.4,35878,movie,tt9742794
First Love,2019.0,Romance,5.7,24,movie,tt9743420
Kill Me If You Dare,2019.0,"Comedy,Romance",4.4,2299,movie,tt9749604
It Comes at Night,2020.0,Mystery,3.9,212,movie,tt9750368
NiNoKuni,2019.0,"Action,Adventure,Animation",6.1,4585,movie,tt9760504
Baby,2020.0,"Drama,Horror,Thriller",5.0,747,movie,tt9760852
Villain,2018.0,Action,5.6,1385,movie,tt9760934
Bhangra Paa Le,2020.0,"Comedy,Drama,Music",6.3,449,movie,tt9766280
Jada,2019.0,"Drama,Sport",5.4,190,movie,tt9769714
Merry Happy Whatever,2019.0,Comedy,6.3,5878,tvSeries,tt9770286
The L Word,2004.0,Drama,7.8,16,tvSeries,tt9772668
Da 5 Bloods,2020.0,"Adventure,Drama,War",6.5,57884,movie,tt9777644
The Kissing Booth 2,2020.0,"Comedy,Romance",5.7,44934,movie,tt9784456
The 43,2019.0,Documentary,7.0,192,tvSeries,tt9789272
The Vanished,2020.0,"Action,Crime,Thriller",5.8,13367,movie,tt9794630
Heidi,2019.0,Drama,6.2,291,movie,tt9800034
Traitor,2015.0,"Action,Drama,Romance",6.2,7,movie,tt9805168
Break,2019.0,"Adventure,Drama,Horror",4.6,2923,movie,tt9805504
I Lost My Body,2019.0,"Animation,Drama,Fantasy",7.5,39021,movie,tt9806192
Isi & Ossi,2020.0,"Comedy,Romance",6.4,11773,movie,tt9806322
Rising High,2020.0,"Comedy,Drama",6.0,6217,movie,tt9806336
All the Freckles in the World,2019.0,"Comedy,Romance,Sport",5.2,1671,movie,tt9809140
Lavender,2001.0,"Drama,Romance",6.8,64,tvSeries,tt9810596
Love Station,2019.0,"Drama,Romance",6.6,30,movie,tt9812236
Trailer Park Boys: The Animated Series,2019.0,"Animation,Comedy",7.5,4067,tvSeries,tt9814900
Unorthodox,2020.0,Drama,8.0,99699,tvMiniSeries,tt9815454
Bloodride,2020.0,"Drama,Horror,Mystery",6.4,4959,tvSeries,tt9815502
The Hard Way,2019.0,Action,4.8,4723,movie,tt9815714
The Oath,2019.0,Drama,6.3,1005,movie,tt9817044
Losers,2019.0,"Documentary,Sport",7.6,2090,tvSeries,tt9817218
Shadow,2019.0,"Action,Crime,Drama",6.7,1149,tvMiniSeries,tt9817236
YooHoo to the Rescue,2019.0,"Animation,Family",6.5,81,tvSeries,tt9817288
Green Door,2019.0,"Comedy,Drama,Horror",6.3,163,tvMiniSeries,tt9817290
Selling Sunset,2019.0,Reality-TV,6.5,9375,tvSeries,tt9817298
Antoine Griezmann: The Making of a Legend,2019.0,"Biography,Documentary,Sport",6.5,1353,tvMovie,tt9817308
Jai Mummy Di,2020.0,"Comedy,Drama,Romance",3.8,1164,movie,tt9817760
Villain,2020.0,"Action,Crime,Drama",5.9,4798,movie,tt9820352
Time Out,2019.0,"Comedy,Drama,Romance",5.7,103,movie,tt9822904
Ultramarine Magmell,2019.0,"Action,Adventure,Animation",6.0,1065,tvSeries,tt9826314
Hollywood,2020.0,"Comedy,Drama",7.5,44254,tvMiniSeries,tt9827854
Merry Men: The Real Yoruba Demons,2018.0,"Action,Comedy",5.1,186,movie,tt9837502
Blood & Water,2020.0,"Drama,Mystery",6.7,4855,tvSeries,tt9839146
Biohackers,2020.0,"Drama,Sci-Fi,Thriller",6.8,12703,tvSeries,tt9849210
Children of the Sea,2019.0,"Adventure,Animation,Fantasy",6.5,4483,movie,tt9850064
#Anne Frank Parallel Stories,2019.0,"Documentary,Drama,History",6.5,1833,movie,tt9850370
Medical Police,2020.0,Comedy,6.1,5033,tvSeries,tt9850952
Sisters,2019.0,"Action,Drama,Fantasy",4.7,136,movie,tt9851050
Monzón: A Knockout Blow,2019.0,"Biography,Crime,Drama",7.8,932,tvMiniSeries,tt9852660
Black Man White Skin,2015.0,Documentary,6.4,77,movie,tt9853686
The Show Must Go On: The Queen + Adam Lambert Story,2019.0,Documentary,7.8,2380,tvMovie,tt9856280
Marianne,2023.0,Drama,5.9,22,movie,tt9856352
Ali & Alia,2019.0,"Drama,Romance",5.0,51,movie,tt9859758
Brothers,2024.0,"Action,Comedy,Crime",5.4,15809,movie,tt9860566
Falling Inn Love,2019.0,"Comedy,Romance",5.7,24380,movie,tt9860728
The Platform,2025.0,"Comedy,Drama",5.5,10,movie,tt9861264
Earth,2018.0,Documentary,6.2,19,movie,tt9862978
Holidate,2020.0,"Comedy,Romance",6.2,88755,movie,tt9866072
Paranormal Investigation,2018.0,"Horror,Thriller",3.7,1795,movie,tt9866700
Rise: Ini Kalilah,2018.0,"Crime,Drama,History",5.4,61,movie,tt9866736
Guru Aur Bhole,2017.0,Animation,6.0,36,tvSeries,tt9866784
Face 2 Face,2019.0,Thriller,7.0,41,movie,tt9872614
Best Lover,2016.0,"Drama,Romance",5.3,120,tvSeries,tt9874364
The Disappearance of Madeleine McCann,2019.0,"Crime,Documentary,Mystery",6.6,12459,tvMiniSeries,tt9879074
Manu,2019.0,Drama,8.7,17,tvMiniSeries,tt9880640
The Perfect Match,2017.0,Romance,7.2,338,tvSeries,tt9882870
Well-Intended Love,2019.0,"Comedy,Drama,Romance",7.1,2023,tvSeries,tt9886950
Ultraviolet,2000.0,Drama,5.5,31,tvMovie,tt9887382
Bulletproof 2,2020.0,"Action,Comedy",3.8,800,movie,tt9887580
Cocomong,2008.0,Animation,6.2,26,tvSeries,tt9892608
Chip and Potato,2018.0,"Adventure,Animation,Comedy",6.0,304,tvSeries,tt9897038
Coffee & Kareem,2020.0,"Action,Comedy,Crime",5.2,15545,movie,tt9898858
Flowering Heart,2016.0,"Action,Adventure,Animation",7.0,76,tvSeries,tt9899342
Bangkok Love Stories: Hey You!,2018.0,"Drama,Romance",6.1,20,tvSeries,tt9905656
Bangkok Love Stories: Innocence,2018.0,"Drama,Romance",6.7,273,tvMiniSeries,tt9905660
Disappearance,2018.0,Drama,7.0,181,tvSeries,tt9905672
Unstoppable,2019.0,Documentary,7.7,26,movie,tt9906218
Blown Away,2019.0,Reality-TV,7.2,4360,tvSeries,tt9908860
The Rehearsal,2019.0,Drama,6.1,16,movie,tt9916170
